The target system is: Android - 1 - aarch64
The host system is: Darwin - 25.4.0 - arm64
Compiling the C compiler identification source file "CMakeCCompilerId.c" succeeded.
Compiler: /Users/miguel_garcia/Library/Android/sdk/ndk/25.1.8937393/toolchains/llvm/prebuilt/darwin-x86_64/bin/clang 
Build flags: -g;-DANDROID;-fdata-sections;-ffunction-sections;-funwind-tables;-fstack-protector-strong;-no-canonical-prefixes;-D_FORTIFY_SOURCE=2;-Wformat;-Werror=format-security;
Id flags: -c;--target=aarch64-none-linux-android21 

The output was:
0


Compilation of the C compiler identification source "CMakeCCompilerId.c" produced "CMakeCCompilerId.o"

The C compiler identification is Clang, found in "/Users/miguel_garcia/Documents/Proyectos/pdandroid/android/app/.cxx/Debug/5t1f1ol3/arm64-v8a/CMakeFiles/3.22.1-g37088a8/CompilerIdC/CMakeCCompilerId.o"

Compiling the CXX compiler identification source file "CMakeCXXCompilerId.cpp" succeeded.
Compiler: /Users/miguel_garcia/Library/Android/sdk/ndk/25.1.8937393/toolchains/llvm/prebuilt/darwin-x86_64/bin/clang++ 
Build flags: -g;-DANDROID;-fdata-sections;-ffunction-sections;-funwind-tables;-fstack-protector-strong;-no-canonical-prefixes;-D_FORTIFY_SOURCE=2;-Wformat;-Werror=format-security;;-std=c++20
Id flags: -c;--target=aarch64-none-linux-android21 

The output was:
0


Compilation of the CXX compiler identification source "CMakeCXXCompilerId.cpp" produced "CMakeCXXCompilerId.o"

The CXX compiler identification is Clang, found in "/Users/miguel_garcia/Documents/Proyectos/pdandroid/android/app/.cxx/Debug/5t1f1ol3/arm64-v8a/CMakeFiles/3.22.1-g37088a8/CompilerIdCXX/CMakeCXXCompilerId.o"

Detecting C compiler ABI info compiled with the following output:
Change Dir: /Users/miguel_garcia/Documents/Proyectos/pdandroid/android/app/.cxx/Debug/5t1f1ol3/arm64-v8a/CMakeFiles/CMakeTmp

Run Build Command(s):/Users/miguel_garcia/Library/Android/sdk/cmake/3.22.1/bin/ninja cmTC_25389 && [1/2] Building C object CMakeFiles/cmTC_25389.dir/CMakeCCompilerABI.c.o
Android (8490178, based on r450784d) clang version 14.0.6 (https://android.googlesource.com/toolchain/llvm-project 4c603efb0cca074e9238af8b4106c30add4418f6)
Target: aarch64-none-linux-android21
Thread model: posix
InstalledDir: /Users/miguel_garcia/Library/Android/sdk/ndk/25.1.8937393/toolchains/llvm/prebuilt/darwin-x86_64/bin
 (in-process)
 "/Users/miguel_garcia/Library/Android/sdk/ndk/25.1.8937393/toolchains/llvm/prebuilt/darwin-x86_64/bin/clang" -cc1 -triple aarch64-none-linux-android21 -emit-obj -mrelax-all --mrelax-relocations -disable-free -clear-ast-before-backend -disable-llvm-verifier -discard-value-names -main-file-name CMakeCCompilerABI.c -mrelocation-model pic -pic-level 2 -pic-is-pie -mframe-pointer=non-leaf -ffp-contract=on -fno-rounding-math -mconstructor-aliases -funwind-tables=2 -target-cpu generic -target-feature +neon -target-feature +v8a -target-feature +fix-cortex-a53-835769 -target-abi aapcs -fallow-half-arguments-and-returns -mllvm -treat-scalable-fixed-error-as-warning -debug-info-kind=constructor -dwarf-version=4 -debugger-tuning=gdb -target-linker-version 14.0.6 -v -ffunction-sections -fdata-sections -fcoverage-compilation-dir=/Users/miguel_garcia/Documents/Proyectos/pdandroid/android/app/.cxx/Debug/5t1f1ol3/arm64-v8a/CMakeFiles/CMakeTmp -resource-dir /Users/miguel_garcia/Library/Android/sdk/ndk/25.1.8937393/toolchains/llvm/prebuilt/darwin-x86_64/lib64/clang/14.0.6 -dependency-file CMakeFiles/cmTC_25389.dir/CMakeCCompilerABI.c.o.d -MT CMakeFiles/cmTC_25389.dir/CMakeCCompilerABI.c.o -sys-header-deps -D ANDROID -D _FORTIFY_SOURCE=2 -isysroot /Users/miguel_garcia/Library/Android/sdk/ndk/25.1.8937393/toolchains/llvm/prebuilt/darwin-x86_64/sysroot -internal-isystem /Users/miguel_garcia/Library/Android/sdk/ndk/25.1.8937393/toolchains/llvm/prebuilt/darwin-x86_64/lib64/clang/14.0.6/include -internal-isystem /Users/miguel_garcia/Library/Android/sdk/ndk/25.1.8937393/toolchains/llvm/prebuilt/darwin-x86_64/sysroot/usr/local/include -internal-externc-isystem /Users/miguel_garcia/Library/Android/sdk/ndk/25.1.8937393/toolchains/llvm/prebuilt/darwin-x86_64/sysroot/usr/include/aarch64-linux-android -internal-externc-isystem /Users/miguel_garcia/Library/Android/sdk/ndk/25.1.8937393/toolchains/llvm/prebuilt/darwin-x86_64/sysroot/include -internal-externc-isystem /Users/miguel_garcia/Library/Android/sdk/ndk/25.1.8937393/toolchains/llvm/prebuilt/darwin-x86_64/sysroot/usr/include -Wformat -fdebug-compilation-dir=/Users/miguel_garcia/Documents/Proyectos/pdandroid/android/app/.cxx/Debug/5t1f1ol3/arm64-v8a/CMakeFiles/CMakeTmp -ferror-limit 19 -stack-protector 2 -fno-signed-char -fgnuc-version=4.2.1 -target-feature +outline-atomics -D__GCC_HAVE_DWARF2_CFI_ASM=1 -o CMakeFiles/cmTC_25389.dir/CMakeCCompilerABI.c.o -x c /Users/miguel_garcia/Library/Android/sdk/cmake/3.22.1/share/cmake-3.22/Modules/CMakeCCompilerABI.c
clang -cc1 version 14.0.6 based upon LLVM 14.0.6git default target x86_64-apple-darwin25.4.0
ignoring nonexistent directory "/Users/miguel_garcia/Library/Android/sdk/ndk/25.1.8937393/toolchains/llvm/prebuilt/darwin-x86_64/sysroot/include"
#include "..." search starts here:
#include <...> search starts here:
 /Users/miguel_garcia/Library/Android/sdk/ndk/25.1.8937393/toolchains/llvm/prebuilt/darwin-x86_64/lib64/clang/14.0.6/include
 /Users/miguel_garcia/Library/Android/sdk/ndk/25.1.8937393/toolchains/llvm/prebuilt/darwin-x86_64/sysroot/usr/local/include
 /Users/miguel_garcia/Library/Android/sdk/ndk/25.1.8937393/toolchains/llvm/prebuilt/darwin-x86_64/sysroot/usr/include/aarch64-linux-android
 /Users/miguel_garcia/Library/Android/sdk/ndk/25.1.8937393/toolchains/llvm/prebuilt/darwin-x86_64/sysroot/usr/include
End of search list.
[2/2] Linking C executable cmTC_25389
Android (8490178, based on r450784d) clang version 14.0.6 (https://android.googlesource.com/toolchain/llvm-project 4c603efb0cca074e9238af8b4106c30add4418f6)
Target: aarch64-none-linux-android21
Thread model: posix
InstalledDir: /Users/miguel_garcia/Library/Android/sdk/ndk/25.1.8937393/toolchains/llvm/prebuilt/darwin-x86_64/bin
 "/Users/miguel_garcia/Library/Android/sdk/ndk/25.1.8937393/toolchains/llvm/prebuilt/darwin-x86_64/bin/ld" --sysroot=/Users/miguel_garcia/Library/Android/sdk/ndk/25.1.8937393/toolchains/llvm/prebuilt/darwin-x86_64/sysroot -pie -EL --fix-cortex-a53-843419 --warn-shared-textrel -z now -z relro -z max-page-size=4096 --hash-style=both --enable-new-dtags --eh-frame-hdr -m aarch64linux -dynamic-linker /system/bin/linker64 -o cmTC_25389 /Users/miguel_garcia/Library/Android/sdk/ndk/25.1.8937393/toolchains/llvm/prebuilt/darwin-x86_64/sysroot/usr/lib/aarch64-linux-android/21/crtbegin_dynamic.o -L/Users/miguel_garcia/Library/Android/sdk/ndk/25.1.8937393/toolchains/llvm/prebuilt/darwin-x86_64/lib64/clang/14.0.6/lib/linux/aarch64 -L/Users/miguel_garcia/Library/Android/sdk/ndk/25.1.8937393/toolchains/llvm/prebuilt/darwin-x86_64/sysroot/usr/lib/aarch64-linux-android/21 -L/Users/miguel_garcia/Library/Android/sdk/ndk/25.1.8937393/toolchains/llvm/prebuilt/darwin-x86_64/sysroot/usr/lib/aarch64-linux-android -L/Users/miguel_garcia/Library/Android/sdk/ndk/25.1.8937393/toolchains/llvm/prebuilt/darwin-x86_64/sysroot/usr/lib --build-id=sha1 --no-rosegment --fatal-warnings --gc-sections --no-undefined --gc-sections CMakeFiles/cmTC_25389.dir/CMakeCCompilerABI.c.o /Users/miguel_garcia/Library/Android/sdk/ndk/25.1.8937393/toolchains/llvm/prebuilt/darwin-x86_64/lib64/clang/14.0.6/lib/linux/libclang_rt.builtins-aarch64-android.a -l:libunwind.a -ldl -lc /Users/miguel_garcia/Library/Android/sdk/ndk/25.1.8937393/toolchains/llvm/prebuilt/darwin-x86_64/lib64/clang/14.0.6/lib/linux/libclang_rt.builtins-aarch64-android.a -l:libunwind.a -ldl /Users/miguel_garcia/Library/Android/sdk/ndk/25.1.8937393/toolchains/llvm/prebuilt/darwin-x86_64/sysroot/usr/lib/aarch64-linux-android/21/crtend_android.o



Parsed C implicit include dir info from above output: rv=done
  found start of include info
  found start of implicit include info
    add: [/Users/miguel_garcia/Library/Android/sdk/ndk/25.1.8937393/toolchains/llvm/prebuilt/darwin-x86_64/lib64/clang/14.0.6/include]
    add: [/Users/miguel_garcia/Library/Android/sdk/ndk/25.1.8937393/toolchains/llvm/prebuilt/darwin-x86_64/sysroot/usr/local/include]
    add: [/Users/miguel_garcia/Library/Android/sdk/ndk/25.1.8937393/toolchains/llvm/prebuilt/darwin-x86_64/sysroot/usr/include/aarch64-linux-android]
    add: [/Users/miguel_garcia/Library/Android/sdk/ndk/25.1.8937393/toolchains/llvm/prebuilt/darwin-x86_64/sysroot/usr/include]
  end of search list found
  collapse include dir [/Users/miguel_garcia/Library/Android/sdk/ndk/25.1.8937393/toolchains/llvm/prebuilt/darwin-x86_64/lib64/clang/14.0.6/include] ==> [/Users/miguel_garcia/Library/Android/sdk/ndk/25.1.8937393/toolchains/llvm/prebuilt/darwin-x86_64/lib64/clang/14.0.6/include]
  collapse include dir [/Users/miguel_garcia/Library/Android/sdk/ndk/25.1.8937393/toolchains/llvm/prebuilt/darwin-x86_64/sysroot/usr/local/include] ==> [/Users/miguel_garcia/Library/Android/sdk/ndk/25.1.8937393/toolchains/llvm/prebuilt/darwin-x86_64/sysroot/usr/local/include]
  collapse include dir [/Users/miguel_garcia/Library/Android/sdk/ndk/25.1.8937393/toolchains/llvm/prebuilt/darwin-x86_64/sysroot/usr/include/aarch64-linux-android] ==> [/Users/miguel_garcia/Library/Android/sdk/ndk/25.1.8937393/toolchains/llvm/prebuilt/darwin-x86_64/sysroot/usr/include/aarch64-linux-android]
  collapse include dir [/Users/miguel_garcia/Library/Android/sdk/ndk/25.1.8937393/toolchains/llvm/prebuilt/darwin-x86_64/sysroot/usr/include] ==> [/Users/miguel_garcia/Library/Android/sdk/ndk/25.1.8937393/toolchains/llvm/prebuilt/darwin-x86_64/sysroot/usr/include]
  implicit include dirs: [/Users/miguel_garcia/Library/Android/sdk/ndk/25.1.8937393/toolchains/llvm/prebuilt/darwin-x86_64/lib64/clang/14.0.6/include;/Users/miguel_garcia/Library/Android/sdk/ndk/25.1.8937393/toolchains/llvm/prebuilt/darwin-x86_64/sysroot/usr/local/include;/Users/miguel_garcia/Library/Android/sdk/ndk/25.1.8937393/toolchains/llvm/prebuilt/darwin-x86_64/sysroot/usr/include/aarch64-linux-android;/Users/miguel_garcia/Library/Android/sdk/ndk/25.1.8937393/toolchains/llvm/prebuilt/darwin-x86_64/sysroot/usr/include]


Parsed C implicit link information from above output:
  link line regex: [^( *|.*[/\])(ld\.lld|CMAKE_LINK_STARTFILE-NOTFOUND|([^/\]+-)?ld|collect2)[^/\]*( |$)]
  ignore line: [Change Dir: /Users/miguel_garcia/Documents/Proyectos/pdandroid/android/app/.cxx/Debug/5t1f1ol3/arm64-v8a/CMakeFiles/CMakeTmp]
  ignore line: []
  ignore line: [Run Build Command(s):/Users/miguel_garcia/Library/Android/sdk/cmake/3.22.1/bin/ninja cmTC_25389 && [1/2] Building C object CMakeFiles/cmTC_25389.dir/CMakeCCompilerABI.c.o]
  ignore line: [Android (8490178  based on r450784d) clang version 14.0.6 (https://android.googlesource.com/toolchain/llvm-project 4c603efb0cca074e9238af8b4106c30add4418f6)]
  ignore line: [Target: aarch64-none-linux-android21]
  ignore line: [Thread model: posix]
  ignore line: [InstalledDir: /Users/miguel_garcia/Library/Android/sdk/ndk/25.1.8937393/toolchains/llvm/prebuilt/darwin-x86_64/bin]
  ignore line: [ (in-process)]
  ignore line: [ "/Users/miguel_garcia/Library/Android/sdk/ndk/25.1.8937393/toolchains/llvm/prebuilt/darwin-x86_64/bin/clang" -cc1 -triple aarch64-none-linux-android21 -emit-obj -mrelax-all --mrelax-relocations -disable-free -clear-ast-before-backend -disable-llvm-verifier -discard-value-names -main-file-name CMakeCCompilerABI.c -mrelocation-model pic -pic-level 2 -pic-is-pie -mframe-pointer=non-leaf -ffp-contract=on -fno-rounding-math -mconstructor-aliases -funwind-tables=2 -target-cpu generic -target-feature +neon -target-feature +v8a -target-feature +fix-cortex-a53-835769 -target-abi aapcs -fallow-half-arguments-and-returns -mllvm -treat-scalable-fixed-error-as-warning -debug-info-kind=constructor -dwarf-version=4 -debugger-tuning=gdb -target-linker-version 14.0.6 -v -ffunction-sections -fdata-sections -fcoverage-compilation-dir=/Users/miguel_garcia/Documents/Proyectos/pdandroid/android/app/.cxx/Debug/5t1f1ol3/arm64-v8a/CMakeFiles/CMakeTmp -resource-dir /Users/miguel_garcia/Library/Android/sdk/ndk/25.1.8937393/toolchains/llvm/prebuilt/darwin-x86_64/lib64/clang/14.0.6 -dependency-file CMakeFiles/cmTC_25389.dir/CMakeCCompilerABI.c.o.d -MT CMakeFiles/cmTC_25389.dir/CMakeCCompilerABI.c.o -sys-header-deps -D ANDROID -D _FORTIFY_SOURCE=2 -isysroot /Users/miguel_garcia/Library/Android/sdk/ndk/25.1.8937393/toolchains/llvm/prebuilt/darwin-x86_64/sysroot -internal-isystem /Users/miguel_garcia/Library/Android/sdk/ndk/25.1.8937393/toolchains/llvm/prebuilt/darwin-x86_64/lib64/clang/14.0.6/include -internal-isystem /Users/miguel_garcia/Library/Android/sdk/ndk/25.1.8937393/toolchains/llvm/prebuilt/darwin-x86_64/sysroot/usr/local/include -internal-externc-isystem /Users/miguel_garcia/Library/Android/sdk/ndk/25.1.8937393/toolchains/llvm/prebuilt/darwin-x86_64/sysroot/usr/include/aarch64-linux-android -internal-externc-isystem /Users/miguel_garcia/Library/Android/sdk/ndk/25.1.8937393/toolchains/llvm/prebuilt/darwin-x86_64/sysroot/include -internal-externc-isystem /Users/miguel_garcia/Library/Android/sdk/ndk/25.1.8937393/toolchains/llvm/prebuilt/darwin-x86_64/sysroot/usr/include -Wformat -fdebug-compilation-dir=/Users/miguel_garcia/Documents/Proyectos/pdandroid/android/app/.cxx/Debug/5t1f1ol3/arm64-v8a/CMakeFiles/CMakeTmp -ferror-limit 19 -stack-protector 2 -fno-signed-char -fgnuc-version=4.2.1 -target-feature +outline-atomics -D__GCC_HAVE_DWARF2_CFI_ASM=1 -o CMakeFiles/cmTC_25389.dir/CMakeCCompilerABI.c.o -x c /Users/miguel_garcia/Library/Android/sdk/cmake/3.22.1/share/cmake-3.22/Modules/CMakeCCompilerABI.c]
  ignore line: [clang -cc1 version 14.0.6 based upon LLVM 14.0.6git default target x86_64-apple-darwin25.4.0]
  ignore line: [ignoring nonexistent directory "/Users/miguel_garcia/Library/Android/sdk/ndk/25.1.8937393/toolchains/llvm/prebuilt/darwin-x86_64/sysroot/include"]
  ignore line: [#include "..." search starts here:]
  ignore line: [#include <...> search starts here:]
  ignore line: [ /Users/miguel_garcia/Library/Android/sdk/ndk/25.1.8937393/toolchains/llvm/prebuilt/darwin-x86_64/lib64/clang/14.0.6/include]
  ignore line: [ /Users/miguel_garcia/Library/Android/sdk/ndk/25.1.8937393/toolchains/llvm/prebuilt/darwin-x86_64/sysroot/usr/local/include]
  ignore line: [ /Users/miguel_garcia/Library/Android/sdk/ndk/25.1.8937393/toolchains/llvm/prebuilt/darwin-x86_64/sysroot/usr/include/aarch64-linux-android]
  ignore line: [ /Users/miguel_garcia/Library/Android/sdk/ndk/25.1.8937393/toolchains/llvm/prebuilt/darwin-x86_64/sysroot/usr/include]
  ignore line: [End of search list.]
  ignore line: [[2/2] Linking C executable cmTC_25389]
  ignore line: [Android (8490178  based on r450784d) clang version 14.0.6 (https://android.googlesource.com/toolchain/llvm-project 4c603efb0cca074e9238af8b4106c30add4418f6)]
  ignore line: [Target: aarch64-none-linux-android21]
  ignore line: [Thread model: posix]
  ignore line: [InstalledDir: /Users/miguel_garcia/Library/Android/sdk/ndk/25.1.8937393/toolchains/llvm/prebuilt/darwin-x86_64/bin]
  link line: [ "/Users/miguel_garcia/Library/Android/sdk/ndk/25.1.8937393/toolchains/llvm/prebuilt/darwin-x86_64/bin/ld" --sysroot=/Users/miguel_garcia/Library/Android/sdk/ndk/25.1.8937393/toolchains/llvm/prebuilt/darwin-x86_64/sysroot -pie -EL --fix-cortex-a53-843419 --warn-shared-textrel -z now -z relro -z max-page-size=4096 --hash-style=both --enable-new-dtags --eh-frame-hdr -m aarch64linux -dynamic-linker /system/bin/linker64 -o cmTC_25389 /Users/miguel_garcia/Library/Android/sdk/ndk/25.1.8937393/toolchains/llvm/prebuilt/darwin-x86_64/sysroot/usr/lib/aarch64-linux-android/21/crtbegin_dynamic.o -L/Users/miguel_garcia/Library/Android/sdk/ndk/25.1.8937393/toolchains/llvm/prebuilt/darwin-x86_64/lib64/clang/14.0.6/lib/linux/aarch64 -L/Users/miguel_garcia/Library/Android/sdk/ndk/25.1.8937393/toolchains/llvm/prebuilt/darwin-x86_64/sysroot/usr/lib/aarch64-linux-android/21 -L/Users/miguel_garcia/Library/Android/sdk/ndk/25.1.8937393/toolchains/llvm/prebuilt/darwin-x86_64/sysroot/usr/lib/aarch64-linux-android -L/Users/miguel_garcia/Library/Android/sdk/ndk/25.1.8937393/toolchains/llvm/prebuilt/darwin-x86_64/sysroot/usr/lib --build-id=sha1 --no-rosegment --fatal-warnings --gc-sections --no-undefined --gc-sections CMakeFiles/cmTC_25389.dir/CMakeCCompilerABI.c.o /Users/miguel_garcia/Library/Android/sdk/ndk/25.1.8937393/toolchains/llvm/prebuilt/darwin-x86_64/lib64/clang/14.0.6/lib/linux/libclang_rt.builtins-aarch64-android.a -l:libunwind.a -ldl -lc /Users/miguel_garcia/Library/Android/sdk/ndk/25.1.8937393/toolchains/llvm/prebuilt/darwin-x86_64/lib64/clang/14.0.6/lib/linux/libclang_rt.builtins-aarch64-android.a -l:libunwind.a -ldl /Users/miguel_garcia/Library/Android/sdk/ndk/25.1.8937393/toolchains/llvm/prebuilt/darwin-x86_64/sysroot/usr/lib/aarch64-linux-android/21/crtend_android.o]
    arg [/Users/miguel_garcia/Library/Android/sdk/ndk/25.1.8937393/toolchains/llvm/prebuilt/darwin-x86_64/bin/ld] ==> ignore
    arg [--sysroot=/Users/miguel_garcia/Library/Android/sdk/ndk/25.1.8937393/toolchains/llvm/prebuilt/darwin-x86_64/sysroot] ==> ignore
    arg [-pie] ==> ignore
    arg [-EL] ==> ignore
    arg [--fix-cortex-a53-843419] ==> ignore
    arg [--warn-shared-textrel] ==> ignore
    arg [-znow] ==> ignore
    arg [-zrelro] ==> ignore
    arg [-zmax-page-size=4096] ==> ignore
    arg [--hash-style=both] ==> ignore
    arg [--enable-new-dtags] ==> ignore
    arg [--eh-frame-hdr] ==> ignore
    arg [-m] ==> ignore
    arg [aarch64linux] ==> ignore
    arg [-dynamic-linker] ==> ignore
    arg [/system/bin/linker64] ==> ignore
    arg [-o] ==> ignore
    arg [cmTC_25389] ==> ignore
    arg [/Users/miguel_garcia/Library/Android/sdk/ndk/25.1.8937393/toolchains/llvm/prebuilt/darwin-x86_64/sysroot/usr/lib/aarch64-linux-android/21/crtbegin_dynamic.o] ==> obj [/Users/miguel_garcia/Library/Android/sdk/ndk/25.1.8937393/toolchains/llvm/prebuilt/darwin-x86_64/sysroot/usr/lib/aarch64-linux-android/21/crtbegin_dynamic.o]
    arg [-L/Users/miguel_garcia/Library/Android/sdk/ndk/25.1.8937393/toolchains/llvm/prebuilt/darwin-x86_64/lib64/clang/14.0.6/lib/linux/aarch64] ==> dir [/Users/miguel_garcia/Library/Android/sdk/ndk/25.1.8937393/toolchains/llvm/prebuilt/darwin-x86_64/lib64/clang/14.0.6/lib/linux/aarch64]
    arg [-L/Users/miguel_garcia/Library/Android/sdk/ndk/25.1.8937393/toolchains/llvm/prebuilt/darwin-x86_64/sysroot/usr/lib/aarch64-linux-android/21] ==> dir [/Users/miguel_garcia/Library/Android/sdk/ndk/25.1.8937393/toolchains/llvm/prebuilt/darwin-x86_64/sysroot/usr/lib/aarch64-linux-android/21]
    arg [-L/Users/miguel_garcia/Library/Android/sdk/ndk/25.1.8937393/toolchains/llvm/prebuilt/darwin-x86_64/sysroot/usr/lib/aarch64-linux-android] ==> dir [/Users/miguel_garcia/Library/Android/sdk/ndk/25.1.8937393/toolchains/llvm/prebuilt/darwin-x86_64/sysroot/usr/lib/aarch64-linux-android]
    arg [-L/Users/miguel_garcia/Library/Android/sdk/ndk/25.1.8937393/toolchains/llvm/prebuilt/darwin-x86_64/sysroot/usr/lib] ==> dir [/Users/miguel_garcia/Library/Android/sdk/ndk/25.1.8937393/toolchains/llvm/prebuilt/darwin-x86_64/sysroot/usr/lib]
    arg [--build-id=sha1] ==> ignore
    arg [--no-rosegment] ==> ignore
    arg [--fatal-warnings] ==> ignore
    arg [--gc-sections] ==> ignore
    arg [--no-undefined] ==> ignore
    arg [--gc-sections] ==> ignore
    arg [CMakeFiles/cmTC_25389.dir/CMakeCCompilerABI.c.o] ==> ignore
    arg [/Users/miguel_garcia/Library/Android/sdk/ndk/25.1.8937393/toolchains/llvm/prebuilt/darwin-x86_64/lib64/clang/14.0.6/lib/linux/libclang_rt.builtins-aarch64-android.a] ==> lib [/Users/miguel_garcia/Library/Android/sdk/ndk/25.1.8937393/toolchains/llvm/prebuilt/darwin-x86_64/lib64/clang/14.0.6/lib/linux/libclang_rt.builtins-aarch64-android.a]
    arg [-l:libunwind.a] ==> lib [-l:libunwind.a]
    arg [-ldl] ==> lib [dl]
    arg [-lc] ==> lib [c]
    arg [/Users/miguel_garcia/Library/Android/sdk/ndk/25.1.8937393/toolchains/llvm/prebuilt/darwin-x86_64/lib64/clang/14.0.6/lib/linux/libclang_rt.builtins-aarch64-android.a] ==> lib [/Users/miguel_garcia/Library/Android/sdk/ndk/25.1.8937393/toolchains/llvm/prebuilt/darwin-x86_64/lib64/clang/14.0.6/lib/linux/libclang_rt.builtins-aarch64-android.a]
    arg [-l:libunwind.a] ==> lib [-l:libunwind.a]
    arg [-ldl] ==> lib [dl]
    arg [/Users/miguel_garcia/Library/Android/sdk/ndk/25.1.8937393/toolchains/llvm/prebuilt/darwin-x86_64/sysroot/usr/lib/aarch64-linux-android/21/crtend_android.o] ==> obj [/Users/miguel_garcia/Library/Android/sdk/ndk/25.1.8937393/toolchains/llvm/prebuilt/darwin-x86_64/sysroot/usr/lib/aarch64-linux-android/21/crtend_android.o]
  remove lib [/Users/miguel_garcia/Library/Android/sdk/ndk/25.1.8937393/toolchains/llvm/prebuilt/darwin-x86_64/lib64/clang/14.0.6/lib/linux/libclang_rt.builtins-aarch64-android.a]
  remove lib [/Users/miguel_garcia/Library/Android/sdk/ndk/25.1.8937393/toolchains/llvm/prebuilt/darwin-x86_64/lib64/clang/14.0.6/lib/linux/libclang_rt.builtins-aarch64-android.a]
  collapse library dir [/Users/miguel_garcia/Library/Android/sdk/ndk/25.1.8937393/toolchains/llvm/prebuilt/darwin-x86_64/lib64/clang/14.0.6/lib/linux/aarch64] ==> [/Users/miguel_garcia/Library/Android/sdk/ndk/25.1.8937393/toolchains/llvm/prebuilt/darwin-x86_64/lib64/clang/14.0.6/lib/linux/aarch64]
  collapse library dir [/Users/miguel_garcia/Library/Android/sdk/ndk/25.1.8937393/toolchains/llvm/prebuilt/darwin-x86_64/sysroot/usr/lib/aarch64-linux-android/21] ==> [/Users/miguel_garcia/Library/Android/sdk/ndk/25.1.8937393/toolchains/llvm/prebuilt/darwin-x86_64/sysroot/usr/lib/aarch64-linux-android/21]
  collapse library dir [/Users/miguel_garcia/Library/Android/sdk/ndk/25.1.8937393/toolchains/llvm/prebuilt/darwin-x86_64/sysroot/usr/lib/aarch64-linux-android] ==> [/Users/miguel_garcia/Library/Android/sdk/ndk/25.1.8937393/toolchains/llvm/prebuilt/darwin-x86_64/sysroot/usr/lib/aarch64-linux-android]
  collapse library dir [/Users/miguel_garcia/Library/Android/sdk/ndk/25.1.8937393/toolchains/llvm/prebuilt/darwin-x86_64/sysroot/usr/lib] ==> [/Users/miguel_garcia/Library/Android/sdk/ndk/25.1.8937393/toolchains/llvm/prebuilt/darwin-x86_64/sysroot/usr/lib]
  implicit libs: [-l:libunwind.a;dl;c;-l:libunwind.a;dl]
  implicit objs: [/Users/miguel_garcia/Library/Android/sdk/ndk/25.1.8937393/toolchains/llvm/prebuilt/darwin-x86_64/sysroot/usr/lib/aarch64-linux-android/21/crtbegin_dynamic.o;/Users/miguel_garcia/Library/Android/sdk/ndk/25.1.8937393/toolchains/llvm/prebuilt/darwin-x86_64/sysroot/usr/lib/aarch64-linux-android/21/crtend_android.o]
  implicit dirs: [/Users/miguel_garcia/Library/Android/sdk/ndk/25.1.8937393/toolchains/llvm/prebuilt/darwin-x86_64/lib64/clang/14.0.6/lib/linux/aarch64;/Users/miguel_garcia/Library/Android/sdk/ndk/25.1.8937393/toolchains/llvm/prebuilt/darwin-x86_64/sysroot/usr/lib/aarch64-linux-android/21;/Users/miguel_garcia/Library/Android/sdk/ndk/25.1.8937393/toolchains/llvm/prebuilt/darwin-x86_64/sysroot/usr/lib/aarch64-linux-android;/Users/miguel_garcia/Library/Android/sdk/ndk/25.1.8937393/toolchains/llvm/prebuilt/darwin-x86_64/sysroot/usr/lib]
  implicit fwks: []


Detecting CXX compiler ABI info compiled with the following output:
Change Dir: /Users/miguel_garcia/Documents/Proyectos/pdandroid/android/app/.cxx/Debug/5t1f1ol3/arm64-v8a/CMakeFiles/CMakeTmp

Run Build Command(s):/Users/miguel_garcia/Library/Android/sdk/cmake/3.22.1/bin/ninja cmTC_6fe22 && [1/2] Building CXX object CMakeFiles/cmTC_6fe22.dir/CMakeCXXCompilerABI.cpp.o
Android (8490178, based on r450784d) clang version 14.0.6 (https://android.googlesource.com/toolchain/llvm-project 4c603efb0cca074e9238af8b4106c30add4418f6)
Target: aarch64-none-linux-android21
Thread model: posix
InstalledDir: /Users/miguel_garcia/Library/Android/sdk/ndk/25.1.8937393/toolchains/llvm/prebuilt/darwin-x86_64/bin
 (in-process)
 "/Users/miguel_garcia/Library/Android/sdk/ndk/25.1.8937393/toolchains/llvm/prebuilt/darwin-x86_64/bin/clang++" -cc1 -triple aarch64-none-linux-android21 -emit-obj -mrelax-all --mrelax-relocations -disable-free -clear-ast-before-backend -disable-llvm-verifier -discard-value-names -main-file-name CMakeCXXCompilerABI.cpp -mrelocation-model pic -pic-level 2 -pic-is-pie -mframe-pointer=non-leaf -ffp-contract=on -fno-rounding-math -mconstructor-aliases -funwind-tables=2 -target-cpu generic -target-feature +neon -target-feature +v8a -target-feature +fix-cortex-a53-835769 -target-abi aapcs -fallow-half-arguments-and-returns -mllvm -treat-scalable-fixed-error-as-warning -debug-info-kind=constructor -dwarf-version=4 -debugger-tuning=gdb -target-linker-version 14.0.6 -v -ffunction-sections -fdata-sections -fcoverage-compilation-dir=/Users/miguel_garcia/Documents/Proyectos/pdandroid/android/app/.cxx/Debug/5t1f1ol3/arm64-v8a/CMakeFiles/CMakeTmp -resource-dir /Users/miguel_garcia/Library/Android/sdk/ndk/25.1.8937393/toolchains/llvm/prebuilt/darwin-x86_64/lib64/clang/14.0.6 -dependency-file CMakeFiles/cmTC_6fe22.dir/CMakeCXXCompilerABI.cpp.o.d -MT CMakeFiles/cmTC_6fe22.dir/CMakeCXXCompilerABI.cpp.o -sys-header-deps -D ANDROID -D _FORTIFY_SOURCE=2 -isysroot /Users/miguel_garcia/Library/Android/sdk/ndk/25.1.8937393/toolchains/llvm/prebuilt/darwin-x86_64/sysroot -internal-isystem /Users/miguel_garcia/Library/Android/sdk/ndk/25.1.8937393/toolchains/llvm/prebuilt/darwin-x86_64/sysroot/usr/include/c++/v1 -internal-isystem /Users/miguel_garcia/Library/Android/sdk/ndk/25.1.8937393/toolchains/llvm/prebuilt/darwin-x86_64/lib64/clang/14.0.6/include -internal-isystem /Users/miguel_garcia/Library/Android/sdk/ndk/25.1.8937393/toolchains/llvm/prebuilt/darwin-x86_64/sysroot/usr/local/include -internal-externc-isystem /Users/miguel_garcia/Library/Android/sdk/ndk/25.1.8937393/toolchains/llvm/prebuilt/darwin-x86_64/sysroot/usr/include/aarch64-linux-android -internal-externc-isystem /Users/miguel_garcia/Library/Android/sdk/ndk/25.1.8937393/toolchains/llvm/prebuilt/darwin-x86_64/sysroot/include -internal-externc-isystem /Users/miguel_garcia/Library/Android/sdk/ndk/25.1.8937393/toolchains/llvm/prebuilt/darwin-x86_64/sysroot/usr/include -Wformat -std=c++20 -fdeprecated-macro -fdebug-compilation-dir=/Users/miguel_garcia/Documents/Proyectos/pdandroid/android/app/.cxx/Debug/5t1f1ol3/arm64-v8a/CMakeFiles/CMakeTmp -ferror-limit 19 -stack-protector 2 -fno-signed-char -fgnuc-version=4.2.1 -fno-implicit-modules -fcxx-exceptions -fexceptions -target-feature +outline-atomics -D__GCC_HAVE_DWARF2_CFI_ASM=1 -o CMakeFiles/cmTC_6fe22.dir/CMakeCXXCompilerABI.cpp.o -x c++ /Users/miguel_garcia/Library/Android/sdk/cmake/3.22.1/share/cmake-3.22/Modules/CMakeCXXCompilerABI.cpp
clang -cc1 version 14.0.6 based upon LLVM 14.0.6git default target x86_64-apple-darwin25.4.0
ignoring nonexistent directory "/Users/miguel_garcia/Library/Android/sdk/ndk/25.1.8937393/toolchains/llvm/prebuilt/darwin-x86_64/sysroot/include"
#include "..." search starts here:
#include <...> search starts here:
 /Users/miguel_garcia/Library/Android/sdk/ndk/25.1.8937393/toolchains/llvm/prebuilt/darwin-x86_64/sysroot/usr/include/c++/v1
 /Users/miguel_garcia/Library/Android/sdk/ndk/25.1.8937393/toolchains/llvm/prebuilt/darwin-x86_64/lib64/clang/14.0.6/include
 /Users/miguel_garcia/Library/Android/sdk/ndk/25.1.8937393/toolchains/llvm/prebuilt/darwin-x86_64/sysroot/usr/local/include
 /Users/miguel_garcia/Library/Android/sdk/ndk/25.1.8937393/toolchains/llvm/prebuilt/darwin-x86_64/sysroot/usr/include/aarch64-linux-android
 /Users/miguel_garcia/Library/Android/sdk/ndk/25.1.8937393/toolchains/llvm/prebuilt/darwin-x86_64/sysroot/usr/include
End of search list.
[2/2] Linking CXX executable cmTC_6fe22
Android (8490178, based on r450784d) clang version 14.0.6 (https://android.googlesource.com/toolchain/llvm-project 4c603efb0cca074e9238af8b4106c30add4418f6)
Target: aarch64-none-linux-android21
Thread model: posix
InstalledDir: /Users/miguel_garcia/Library/Android/sdk/ndk/25.1.8937393/toolchains/llvm/prebuilt/darwin-x86_64/bin
 "/Users/miguel_garcia/Library/Android/sdk/ndk/25.1.8937393/toolchains/llvm/prebuilt/darwin-x86_64/bin/ld" --sysroot=/Users/miguel_garcia/Library/Android/sdk/ndk/25.1.8937393/toolchains/llvm/prebuilt/darwin-x86_64/sysroot -pie -EL --fix-cortex-a53-843419 --warn-shared-textrel -z now -z relro -z max-page-size=4096 --hash-style=both --enable-new-dtags --eh-frame-hdr -m aarch64linux -dynamic-linker /system/bin/linker64 -o cmTC_6fe22 /Users/miguel_garcia/Library/Android/sdk/ndk/25.1.8937393/toolchains/llvm/prebuilt/darwin-x86_64/sysroot/usr/lib/aarch64-linux-android/21/crtbegin_dynamic.o -L/Users/miguel_garcia/Library/Android/sdk/ndk/25.1.8937393/toolchains/llvm/prebuilt/darwin-x86_64/lib64/clang/14.0.6/lib/linux/aarch64 -L/Users/miguel_garcia/Library/Android/sdk/ndk/25.1.8937393/toolchains/llvm/prebuilt/darwin-x86_64/sysroot/usr/lib/aarch64-linux-android/21 -L/Users/miguel_garcia/Library/Android/sdk/ndk/25.1.8937393/toolchains/llvm/prebuilt/darwin-x86_64/sysroot/usr/lib/aarch64-linux-android -L/Users/miguel_garcia/Library/Android/sdk/ndk/25.1.8937393/toolchains/llvm/prebuilt/darwin-x86_64/sysroot/usr/lib --build-id=sha1 --no-rosegment --fatal-warnings --gc-sections --no-undefined --gc-sections CMakeFiles/cmTC_6fe22.dir/CMakeCXXCompilerABI.cpp.o -lc++ -lm /Users/miguel_garcia/Library/Android/sdk/ndk/25.1.8937393/toolchains/llvm/prebuilt/darwin-x86_64/lib64/clang/14.0.6/lib/linux/libclang_rt.builtins-aarch64-android.a -l:libunwind.a -ldl -lc /Users/miguel_garcia/Library/Android/sdk/ndk/25.1.8937393/toolchains/llvm/prebuilt/darwin-x86_64/lib64/clang/14.0.6/lib/linux/libclang_rt.builtins-aarch64-android.a -l:libunwind.a -ldl /Users/miguel_garcia/Library/Android/sdk/ndk/25.1.8937393/toolchains/llvm/prebuilt/darwin-x86_64/sysroot/usr/lib/aarch64-linux-android/21/crtend_android.o



Parsed CXX implicit include dir info from above output: rv=done
  found start of include info
  found start of implicit include info
    add: [/Users/miguel_garcia/Library/Android/sdk/ndk/25.1.8937393/toolchains/llvm/prebuilt/darwin-x86_64/sysroot/usr/include/c++/v1]
    add: [/Users/miguel_garcia/Library/Android/sdk/ndk/25.1.8937393/toolchains/llvm/prebuilt/darwin-x86_64/lib64/clang/14.0.6/include]
    add: [/Users/miguel_garcia/Library/Android/sdk/ndk/25.1.8937393/toolchains/llvm/prebuilt/darwin-x86_64/sysroot/usr/local/include]
    add: [/Users/miguel_garcia/Library/Android/sdk/ndk/25.1.8937393/toolchains/llvm/prebuilt/darwin-x86_64/sysroot/usr/include/aarch64-linux-android]
    add: [/Users/miguel_garcia/Library/Android/sdk/ndk/25.1.8937393/toolchains/llvm/prebuilt/darwin-x86_64/sysroot/usr/include]
  end of search list found
  collapse include dir [/Users/miguel_garcia/Library/Android/sdk/ndk/25.1.8937393/toolchains/llvm/prebuilt/darwin-x86_64/sysroot/usr/include/c++/v1] ==> [/Users/miguel_garcia/Library/Android/sdk/ndk/25.1.8937393/toolchains/llvm/prebuilt/darwin-x86_64/sysroot/usr/include/c++/v1]
  collapse include dir [/Users/miguel_garcia/Library/Android/sdk/ndk/25.1.8937393/toolchains/llvm/prebuilt/darwin-x86_64/lib64/clang/14.0.6/include] ==> [/Users/miguel_garcia/Library/Android/sdk/ndk/25.1.8937393/toolchains/llvm/prebuilt/darwin-x86_64/lib64/clang/14.0.6/include]
  collapse include dir [/Users/miguel_garcia/Library/Android/sdk/ndk/25.1.8937393/toolchains/llvm/prebuilt/darwin-x86_64/sysroot/usr/local/include] ==> [/Users/miguel_garcia/Library/Android/sdk/ndk/25.1.8937393/toolchains/llvm/prebuilt/darwin-x86_64/sysroot/usr/local/include]
  collapse include dir [/Users/miguel_garcia/Library/Android/sdk/ndk/25.1.8937393/toolchains/llvm/prebuilt/darwin-x86_64/sysroot/usr/include/aarch64-linux-android] ==> [/Users/miguel_garcia/Library/Android/sdk/ndk/25.1.8937393/toolchains/llvm/prebuilt/darwin-x86_64/sysroot/usr/include/aarch64-linux-android]
  collapse include dir [/Users/miguel_garcia/Library/Android/sdk/ndk/25.1.8937393/toolchains/llvm/prebuilt/darwin-x86_64/sysroot/usr/include] ==> [/Users/miguel_garcia/Library/Android/sdk/ndk/25.1.8937393/toolchains/llvm/prebuilt/darwin-x86_64/sysroot/usr/include]
  implicit include dirs: [/Users/miguel_garcia/Library/Android/sdk/ndk/25.1.8937393/toolchains/llvm/prebuilt/darwin-x86_64/sysroot/usr/include/c++/v1;/Users/miguel_garcia/Library/Android/sdk/ndk/25.1.8937393/toolchains/llvm/prebuilt/darwin-x86_64/lib64/clang/14.0.6/include;/Users/miguel_garcia/Library/Android/sdk/ndk/25.1.8937393/toolchains/llvm/prebuilt/darwin-x86_64/sysroot/usr/local/include;/Users/miguel_garcia/Library/Android/sdk/ndk/25.1.8937393/toolchains/llvm/prebuilt/darwin-x86_64/sysroot/usr/include/aarch64-linux-android;/Users/miguel_garcia/Library/Android/sdk/ndk/25.1.8937393/toolchains/llvm/prebuilt/darwin-x86_64/sysroot/usr/include]


Parsed CXX implicit link information from above output:
  link line regex: [^( *|.*[/\])(ld\.lld|CMAKE_LINK_STARTFILE-NOTFOUND|([^/\]+-)?ld|collect2)[^/\]*( |$)]
  ignore line: [Change Dir: /Users/miguel_garcia/Documents/Proyectos/pdandroid/android/app/.cxx/Debug/5t1f1ol3/arm64-v8a/CMakeFiles/CMakeTmp]
  ignore line: []
  ignore line: [Run Build Command(s):/Users/miguel_garcia/Library/Android/sdk/cmake/3.22.1/bin/ninja cmTC_6fe22 && [1/2] Building CXX object CMakeFiles/cmTC_6fe22.dir/CMakeCXXCompilerABI.cpp.o]
  ignore line: [Android (8490178  based on r450784d) clang version 14.0.6 (https://android.googlesource.com/toolchain/llvm-project 4c603efb0cca074e9238af8b4106c30add4418f6)]
  ignore line: [Target: aarch64-none-linux-android21]
  ignore line: [Thread model: posix]
  ignore line: [InstalledDir: /Users/miguel_garcia/Library/Android/sdk/ndk/25.1.8937393/toolchains/llvm/prebuilt/darwin-x86_64/bin]
  ignore line: [ (in-process)]
  ignore line: [ "/Users/miguel_garcia/Library/Android/sdk/ndk/25.1.8937393/toolchains/llvm/prebuilt/darwin-x86_64/bin/clang++" -cc1 -triple aarch64-none-linux-android21 -emit-obj -mrelax-all --mrelax-relocations -disable-free -clear-ast-before-backend -disable-llvm-verifier -discard-value-names -main-file-name CMakeCXXCompilerABI.cpp -mrelocation-model pic -pic-level 2 -pic-is-pie -mframe-pointer=non-leaf -ffp-contract=on -fno-rounding-math -mconstructor-aliases -funwind-tables=2 -target-cpu generic -target-feature +neon -target-feature +v8a -target-feature +fix-cortex-a53-835769 -target-abi aapcs -fallow-half-arguments-and-returns -mllvm -treat-scalable-fixed-error-as-warning -debug-info-kind=constructor -dwarf-version=4 -debugger-tuning=gdb -target-linker-version 14.0.6 -v -ffunction-sections -fdata-sections -fcoverage-compilation-dir=/Users/miguel_garcia/Documents/Proyectos/pdandroid/android/app/.cxx/Debug/5t1f1ol3/arm64-v8a/CMakeFiles/CMakeTmp -resource-dir /Users/miguel_garcia/Library/Android/sdk/ndk/25.1.8937393/toolchains/llvm/prebuilt/darwin-x86_64/lib64/clang/14.0.6 -dependency-file CMakeFiles/cmTC_6fe22.dir/CMakeCXXCompilerABI.cpp.o.d -MT CMakeFiles/cmTC_6fe22.dir/CMakeCXXCompilerABI.cpp.o -sys-header-deps -D ANDROID -D _FORTIFY_SOURCE=2 -isysroot /Users/miguel_garcia/Library/Android/sdk/ndk/25.1.8937393/toolchains/llvm/prebuilt/darwin-x86_64/sysroot -internal-isystem /Users/miguel_garcia/Library/Android/sdk/ndk/25.1.8937393/toolchains/llvm/prebuilt/darwin-x86_64/sysroot/usr/include/c++/v1 -internal-isystem /Users/miguel_garcia/Library/Android/sdk/ndk/25.1.8937393/toolchains/llvm/prebuilt/darwin-x86_64/lib64/clang/14.0.6/include -internal-isystem /Users/miguel_garcia/Library/Android/sdk/ndk/25.1.8937393/toolchains/llvm/prebuilt/darwin-x86_64/sysroot/usr/local/include -internal-externc-isystem /Users/miguel_garcia/Library/Android/sdk/ndk/25.1.8937393/toolchains/llvm/prebuilt/darwin-x86_64/sysroot/usr/include/aarch64-linux-android -internal-externc-isystem /Users/miguel_garcia/Library/Android/sdk/ndk/25.1.8937393/toolchains/llvm/prebuilt/darwin-x86_64/sysroot/include -internal-externc-isystem /Users/miguel_garcia/Library/Android/sdk/ndk/25.1.8937393/toolchains/llvm/prebuilt/darwin-x86_64/sysroot/usr/include -Wformat -std=c++20 -fdeprecated-macro -fdebug-compilation-dir=/Users/miguel_garcia/Documents/Proyectos/pdandroid/android/app/.cxx/Debug/5t1f1ol3/arm64-v8a/CMakeFiles/CMakeTmp -ferror-limit 19 -stack-protector 2 -fno-signed-char -fgnuc-version=4.2.1 -fno-implicit-modules -fcxx-exceptions -fexceptions -target-feature +outline-atomics -D__GCC_HAVE_DWARF2_CFI_ASM=1 -o CMakeFiles/cmTC_6fe22.dir/CMakeCXXCompilerABI.cpp.o -x c++ /Users/miguel_garcia/Library/Android/sdk/cmake/3.22.1/share/cmake-3.22/Modules/CMakeCXXCompilerABI.cpp]
  ignore line: [clang -cc1 version 14.0.6 based upon LLVM 14.0.6git default target x86_64-apple-darwin25.4.0]
  ignore line: [ignoring nonexistent directory "/Users/miguel_garcia/Library/Android/sdk/ndk/25.1.8937393/toolchains/llvm/prebuilt/darwin-x86_64/sysroot/include"]
  ignore line: [#include "..." search starts here:]
  ignore line: [#include <...> search starts here:]
  ignore line: [ /Users/miguel_garcia/Library/Android/sdk/ndk/25.1.8937393/toolchains/llvm/prebuilt/darwin-x86_64/sysroot/usr/include/c++/v1]
  ignore line: [ /Users/miguel_garcia/Library/Android/sdk/ndk/25.1.8937393/toolchains/llvm/prebuilt/darwin-x86_64/lib64/clang/14.0.6/include]
  ignore line: [ /Users/miguel_garcia/Library/Android/sdk/ndk/25.1.8937393/toolchains/llvm/prebuilt/darwin-x86_64/sysroot/usr/local/include]
  ignore line: [ /Users/miguel_garcia/Library/Android/sdk/ndk/25.1.8937393/toolchains/llvm/prebuilt/darwin-x86_64/sysroot/usr/include/aarch64-linux-android]
  ignore line: [ /Users/miguel_garcia/Library/Android/sdk/ndk/25.1.8937393/toolchains/llvm/prebuilt/darwin-x86_64/sysroot/usr/include]
  ignore line: [End of search list.]
  ignore line: [[2/2] Linking CXX executable cmTC_6fe22]
  ignore line: [Android (8490178  based on r450784d) clang version 14.0.6 (https://android.googlesource.com/toolchain/llvm-project 4c603efb0cca074e9238af8b4106c30add4418f6)]
  ignore line: [Target: aarch64-none-linux-android21]
  ignore line: [Thread model: posix]
  ignore line: [InstalledDir: /Users/miguel_garcia/Library/Android/sdk/ndk/25.1.8937393/toolchains/llvm/prebuilt/darwin-x86_64/bin]
  link line: [ "/Users/miguel_garcia/Library/Android/sdk/ndk/25.1.8937393/toolchains/llvm/prebuilt/darwin-x86_64/bin/ld" --sysroot=/Users/miguel_garcia/Library/Android/sdk/ndk/25.1.8937393/toolchains/llvm/prebuilt/darwin-x86_64/sysroot -pie -EL --fix-cortex-a53-843419 --warn-shared-textrel -z now -z relro -z max-page-size=4096 --hash-style=both --enable-new-dtags --eh-frame-hdr -m aarch64linux -dynamic-linker /system/bin/linker64 -o cmTC_6fe22 /Users/miguel_garcia/Library/Android/sdk/ndk/25.1.8937393/toolchains/llvm/prebuilt/darwin-x86_64/sysroot/usr/lib/aarch64-linux-android/21/crtbegin_dynamic.o -L/Users/miguel_garcia/Library/Android/sdk/ndk/25.1.8937393/toolchains/llvm/prebuilt/darwin-x86_64/lib64/clang/14.0.6/lib/linux/aarch64 -L/Users/miguel_garcia/Library/Android/sdk/ndk/25.1.8937393/toolchains/llvm/prebuilt/darwin-x86_64/sysroot/usr/lib/aarch64-linux-android/21 -L/Users/miguel_garcia/Library/Android/sdk/ndk/25.1.8937393/toolchains/llvm/prebuilt/darwin-x86_64/sysroot/usr/lib/aarch64-linux-android -L/Users/miguel_garcia/Library/Android/sdk/ndk/25.1.8937393/toolchains/llvm/prebuilt/darwin-x86_64/sysroot/usr/lib --build-id=sha1 --no-rosegment --fatal-warnings --gc-sections --no-undefined --gc-sections CMakeFiles/cmTC_6fe22.dir/CMakeCXXCompilerABI.cpp.o -lc++ -lm /Users/miguel_garcia/Library/Android/sdk/ndk/25.1.8937393/toolchains/llvm/prebuilt/darwin-x86_64/lib64/clang/14.0.6/lib/linux/libclang_rt.builtins-aarch64-android.a -l:libunwind.a -ldl -lc /Users/miguel_garcia/Library/Android/sdk/ndk/25.1.8937393/toolchains/llvm/prebuilt/darwin-x86_64/lib64/clang/14.0.6/lib/linux/libclang_rt.builtins-aarch64-android.a -l:libunwind.a -ldl /Users/miguel_garcia/Library/Android/sdk/ndk/25.1.8937393/toolchains/llvm/prebuilt/darwin-x86_64/sysroot/usr/lib/aarch64-linux-android/21/crtend_android.o]
    arg [/Users/miguel_garcia/Library/Android/sdk/ndk/25.1.8937393/toolchains/llvm/prebuilt/darwin-x86_64/bin/ld] ==> ignore
    arg [--sysroot=/Users/miguel_garcia/Library/Android/sdk/ndk/25.1.8937393/toolchains/llvm/prebuilt/darwin-x86_64/sysroot] ==> ignore
    arg [-pie] ==> ignore
    arg [-EL] ==> ignore
    arg [--fix-cortex-a53-843419] ==> ignore
    arg [--warn-shared-textrel] ==> ignore
    arg [-znow] ==> ignore
    arg [-zrelro] ==> ignore
    arg [-zmax-page-size=4096] ==> ignore
    arg [--hash-style=both] ==> ignore
    arg [--enable-new-dtags] ==> ignore
    arg [--eh-frame-hdr] ==> ignore
    arg [-m] ==> ignore
    arg [aarch64linux] ==> ignore
    arg [-dynamic-linker] ==> ignore
    arg [/system/bin/linker64] ==> ignore
    arg [-o] ==> ignore
    arg [cmTC_6fe22] ==> ignore
    arg [/Users/miguel_garcia/Library/Android/sdk/ndk/25.1.8937393/toolchains/llvm/prebuilt/darwin-x86_64/sysroot/usr/lib/aarch64-linux-android/21/crtbegin_dynamic.o] ==> obj [/Users/miguel_garcia/Library/Android/sdk/ndk/25.1.8937393/toolchains/llvm/prebuilt/darwin-x86_64/sysroot/usr/lib/aarch64-linux-android/21/crtbegin_dynamic.o]
    arg [-L/Users/miguel_garcia/Library/Android/sdk/ndk/25.1.8937393/toolchains/llvm/prebuilt/darwin-x86_64/lib64/clang/14.0.6/lib/linux/aarch64] ==> dir [/Users/miguel_garcia/Library/Android/sdk/ndk/25.1.8937393/toolchains/llvm/prebuilt/darwin-x86_64/lib64/clang/14.0.6/lib/linux/aarch64]
    arg [-L/Users/miguel_garcia/Library/Android/sdk/ndk/25.1.8937393/toolchains/llvm/prebuilt/darwin-x86_64/sysroot/usr/lib/aarch64-linux-android/21] ==> dir [/Users/miguel_garcia/Library/Android/sdk/ndk/25.1.8937393/toolchains/llvm/prebuilt/darwin-x86_64/sysroot/usr/lib/aarch64-linux-android/21]
    arg [-L/Users/miguel_garcia/Library/Android/sdk/ndk/25.1.8937393/toolchains/llvm/prebuilt/darwin-x86_64/sysroot/usr/lib/aarch64-linux-android] ==> dir [/Users/miguel_garcia/Library/Android/sdk/ndk/25.1.8937393/toolchains/llvm/prebuilt/darwin-x86_64/sysroot/usr/lib/aarch64-linux-android]
    arg [-L/Users/miguel_garcia/Library/Android/sdk/ndk/25.1.8937393/toolchains/llvm/prebuilt/darwin-x86_64/sysroot/usr/lib] ==> dir [/Users/miguel_garcia/Library/Android/sdk/ndk/25.1.8937393/toolchains/llvm/prebuilt/darwin-x86_64/sysroot/usr/lib]
    arg [--build-id=sha1] ==> ignore
    arg [--no-rosegment] ==> ignore
    arg [--fatal-warnings] ==> ignore
    arg [--gc-sections] ==> ignore
    arg [--no-undefined] ==> ignore
    arg [--gc-sections] ==> ignore
    arg [CMakeFiles/cmTC_6fe22.dir/CMakeCXXCompilerABI.cpp.o] ==> ignore
    arg [-lc++] ==> lib [c++]
    arg [-lm] ==> lib [m]
    arg [/Users/miguel_garcia/Library/Android/sdk/ndk/25.1.8937393/toolchains/llvm/prebuilt/darwin-x86_64/lib64/clang/14.0.6/lib/linux/libclang_rt.builtins-aarch64-android.a] ==> lib [/Users/miguel_garcia/Library/Android/sdk/ndk/25.1.8937393/toolchains/llvm/prebuilt/darwin-x86_64/lib64/clang/14.0.6/lib/linux/libclang_rt.builtins-aarch64-android.a]
    arg [-l:libunwind.a] ==> lib [-l:libunwind.a]
    arg [-ldl] ==> lib [dl]
    arg [-lc] ==> lib [c]
    arg [/Users/miguel_garcia/Library/Android/sdk/ndk/25.1.8937393/toolchains/llvm/prebuilt/darwin-x86_64/lib64/clang/14.0.6/lib/linux/libclang_rt.builtins-aarch64-android.a] ==> lib [/Users/miguel_garcia/Library/Android/sdk/ndk/25.1.8937393/toolchains/llvm/prebuilt/darwin-x86_64/lib64/clang/14.0.6/lib/linux/libclang_rt.builtins-aarch64-android.a]
    arg [-l:libunwind.a] ==> lib [-l:libunwind.a]
    arg [-ldl] ==> lib [dl]
    arg [/Users/miguel_garcia/Library/Android/sdk/ndk/25.1.8937393/toolchains/llvm/prebuilt/darwin-x86_64/sysroot/usr/lib/aarch64-linux-android/21/crtend_android.o] ==> obj [/Users/miguel_garcia/Library/Android/sdk/ndk/25.1.8937393/toolchains/llvm/prebuilt/darwin-x86_64/sysroot/usr/lib/aarch64-linux-android/21/crtend_android.o]
  remove lib [/Users/miguel_garcia/Library/Android/sdk/ndk/25.1.8937393/toolchains/llvm/prebuilt/darwin-x86_64/lib64/clang/14.0.6/lib/linux/libclang_rt.builtins-aarch64-android.a]
  remove lib [/Users/miguel_garcia/Library/Android/sdk/ndk/25.1.8937393/toolchains/llvm/prebuilt/darwin-x86_64/lib64/clang/14.0.6/lib/linux/libclang_rt.builtins-aarch64-android.a]
  collapse library dir [/Users/miguel_garcia/Library/Android/sdk/ndk/25.1.8937393/toolchains/llvm/prebuilt/darwin-x86_64/lib64/clang/14.0.6/lib/linux/aarch64] ==> [/Users/miguel_garcia/Library/Android/sdk/ndk/25.1.8937393/toolchains/llvm/prebuilt/darwin-x86_64/lib64/clang/14.0.6/lib/linux/aarch64]
  collapse library dir [/Users/miguel_garcia/Library/Android/sdk/ndk/25.1.8937393/toolchains/llvm/prebuilt/darwin-x86_64/sysroot/usr/lib/aarch64-linux-android/21] ==> [/Users/miguel_garcia/Library/Android/sdk/ndk/25.1.8937393/toolchains/llvm/prebuilt/darwin-x86_64/sysroot/usr/lib/aarch64-linux-android/21]
  collapse library dir [/Users/miguel_garcia/Library/Android/sdk/ndk/25.1.8937393/toolchains/llvm/prebuilt/darwin-x86_64/sysroot/usr/lib/aarch64-linux-android] ==> [/Users/miguel_garcia/Library/Android/sdk/ndk/25.1.8937393/toolchains/llvm/prebuilt/darwin-x86_64/sysroot/usr/lib/aarch64-linux-android]
  collapse library dir [/Users/miguel_garcia/Library/Android/sdk/ndk/25.1.8937393/toolchains/llvm/prebuilt/darwin-x86_64/sysroot/usr/lib] ==> [/Users/miguel_garcia/Library/Android/sdk/ndk/25.1.8937393/toolchains/llvm/prebuilt/darwin-x86_64/sysroot/usr/lib]
  implicit libs: [c++;m;-l:libunwind.a;dl;c;-l:libunwind.a;dl]
  implicit objs: [/Users/miguel_garcia/Library/Android/sdk/ndk/25.1.8937393/toolchains/llvm/prebuilt/darwin-x86_64/sysroot/usr/lib/aarch64-linux-android/21/crtbegin_dynamic.o;/Users/miguel_garcia/Library/Android/sdk/ndk/25.1.8937393/toolchains/llvm/prebuilt/darwin-x86_64/sysroot/usr/lib/aarch64-linux-android/21/crtend_android.o]
  implicit dirs: [/Users/miguel_garcia/Library/Android/sdk/ndk/25.1.8937393/toolchains/llvm/prebuilt/darwin-x86_64/lib64/clang/14.0.6/lib/linux/aarch64;/Users/miguel_garcia/Library/Android/sdk/ndk/25.1.8937393/toolchains/llvm/prebuilt/darwin-x86_64/sysroot/usr/lib/aarch64-linux-android/21;/Users/miguel_garcia/Library/Android/sdk/ndk/25.1.8937393/toolchains/llvm/prebuilt/darwin-x86_64/sysroot/usr/lib/aarch64-linux-android;/Users/miguel_garcia/Library/Android/sdk/ndk/25.1.8937393/toolchains/llvm/prebuilt/darwin-x86_64/sysroot/usr/lib]
  implicit fwks: []


Determining if the include file pthread.h exists passed with the following output:
Change Dir: /Users/miguel_garcia/Documents/Proyectos/pdandroid/android/app/.cxx/Debug/5t1f1ol3/arm64-v8a/CMakeFiles/CMakeTmp

Run Build Command(s):/Users/miguel_garcia/Library/Android/sdk/cmake/3.22.1/bin/ninja cmTC_948d0 && [1/2] Building C object CMakeFiles/cmTC_948d0.dir/CheckIncludeFile.c.o
[2/2] Linking C executable cmTC_948d0



Performing C SOURCE FILE Test CHECK_CPU_ARCHITECTURE_ARM64 succeeded with the following output:
Change Dir: /Users/miguel_garcia/Documents/Proyectos/pdandroid/android/app/.cxx/Debug/5t1f1ol3/arm64-v8a/CMakeFiles/CMakeTmp

Run Build Command(s):/Users/miguel_garcia/Library/Android/sdk/cmake/3.22.1/bin/ninja cmTC_8b89d && [1/2] Building C object CMakeFiles/cmTC_8b89d.dir/src.c.o
[2/2] Linking C executable cmTC_8b89d


Source file was:

int main(int argc, char *argv[]) {
#if defined(__aarch64__) || defined(_M_ARM64)
  return 0;
#else
  choke
#endif
}

Performing C SOURCE FILE Test HAVE_GCC_WALL succeeded with the following output:
Change Dir: /Users/miguel_garcia/Documents/Proyectos/pdandroid/android/app/.cxx/Debug/5t1f1ol3/arm64-v8a/CMakeFiles/CMakeTmp

Run Build Command(s):/Users/miguel_garcia/Library/Android/sdk/cmake/3.22.1/bin/ninja cmTC_e1ede && [1/2] Building C object CMakeFiles/cmTC_e1ede.dir/src.c.o
[2/2] Linking C executable cmTC_e1ede


Source file was:
int main(void) { return 0; }
Performing C SOURCE FILE Test HAVE_GCC_WUNDEF succeeded with the following output:
Change Dir: /Users/miguel_garcia/Documents/Proyectos/pdandroid/android/app/.cxx/Debug/5t1f1ol3/arm64-v8a/CMakeFiles/CMakeTmp

Run Build Command(s):/Users/miguel_garcia/Library/Android/sdk/cmake/3.22.1/bin/ninja cmTC_5064d && [1/2] Building C object CMakeFiles/cmTC_5064d.dir/src.c.o
[2/2] Linking C executable cmTC_5064d


Source file was:
int main(void) { return 0; }
Performing C SOURCE FILE Test HAVE_GCC_NO_STRICT_ALIASING succeeded with the following output:
Change Dir: /Users/miguel_garcia/Documents/Proyectos/pdandroid/android/app/.cxx/Debug/5t1f1ol3/arm64-v8a/CMakeFiles/CMakeTmp

Run Build Command(s):/Users/miguel_garcia/Library/Android/sdk/cmake/3.22.1/bin/ninja cmTC_60cdb && [1/2] Building C object CMakeFiles/cmTC_60cdb.dir/src.c.o
[2/2] Linking C executable cmTC_60cdb


Source file was:
int main(void) { return 0; }
Performing C SOURCE FILE Test HAVE_GCC_WDOCUMENTATION succeeded with the following output:
Change Dir: /Users/miguel_garcia/Documents/Proyectos/pdandroid/android/app/.cxx/Debug/5t1f1ol3/arm64-v8a/CMakeFiles/CMakeTmp

Run Build Command(s):/Users/miguel_garcia/Library/Android/sdk/cmake/3.22.1/bin/ninja cmTC_28466 && [1/2] Building C object CMakeFiles/cmTC_28466.dir/src.c.o
[2/2] Linking C executable cmTC_28466


Source file was:
int main(void) { return 0; }
Performing C SOURCE FILE Test HAVE_GCC_WDOCUMENTATION_UNKNOWN_COMMAND succeeded with the following output:
Change Dir: /Users/miguel_garcia/Documents/Proyectos/pdandroid/android/app/.cxx/Debug/5t1f1ol3/arm64-v8a/CMakeFiles/CMakeTmp

Run Build Command(s):/Users/miguel_garcia/Library/Android/sdk/cmake/3.22.1/bin/ninja cmTC_0ac93 && [1/2] Building C object CMakeFiles/cmTC_0ac93.dir/src.c.o
[2/2] Linking C executable cmTC_0ac93


Source file was:
int main(void) { return 0; }
Performing C SOURCE FILE Test HAVE_GCC_COMMENT_BLOCK_COMMANDS succeeded with the following output:
Change Dir: /Users/miguel_garcia/Documents/Proyectos/pdandroid/android/app/.cxx/Debug/5t1f1ol3/arm64-v8a/CMakeFiles/CMakeTmp

Run Build Command(s):/Users/miguel_garcia/Library/Android/sdk/cmake/3.22.1/bin/ninja cmTC_2eda4 && [1/2] Building C object CMakeFiles/cmTC_2eda4.dir/src.c.o
[2/2] Linking C executable cmTC_2eda4


Source file was:
int main(void) { return 0; }
Performing C SOURCE FILE Test HAVE_GCC_WDECLARATION_AFTER_STATEMENT succeeded with the following output:
Change Dir: /Users/miguel_garcia/Documents/Proyectos/pdandroid/android/app/.cxx/Debug/5t1f1ol3/arm64-v8a/CMakeFiles/CMakeTmp

Run Build Command(s):/Users/miguel_garcia/Library/Android/sdk/cmake/3.22.1/bin/ninja cmTC_7cf91 && [1/2] Building C object CMakeFiles/cmTC_7cf91.dir/src.c.o
[2/2] Linking C executable cmTC_7cf91


Source file was:
int main(void) { return 0; }
Performing C SOURCE FILE Test HAVE_GCC_ATOMICS succeeded with the following output:
Change Dir: /Users/miguel_garcia/Documents/Proyectos/pdandroid/android/app/.cxx/Debug/5t1f1ol3/arm64-v8a/CMakeFiles/CMakeTmp

Run Build Command(s):/Users/miguel_garcia/Library/Android/sdk/cmake/3.22.1/bin/ninja cmTC_a64aa && [1/2] Building C object CMakeFiles/cmTC_a64aa.dir/src.c.o
[2/2] Linking C executable cmTC_a64aa


Source file was:
int main(int argc, char **argv) {
        int a;
        void *x, *y, *z;
        __sync_lock_test_and_set(&a, 4);
        __sync_lock_test_and_set(&x, y);
        __sync_fetch_and_add(&a, 1);
        __sync_bool_compare_and_swap(&a, 5, 10);
        __sync_bool_compare_and_swap(&x, y, z);
        return 0; }
Performing C SOURCE FILE Test HAVE_GCC_FVISIBILITY succeeded with the following output:
Change Dir: /Users/miguel_garcia/Documents/Proyectos/pdandroid/android/app/.cxx/Debug/5t1f1ol3/arm64-v8a/CMakeFiles/CMakeTmp

Run Build Command(s):/Users/miguel_garcia/Library/Android/sdk/cmake/3.22.1/bin/ninja cmTC_269a5 && [1/2] Building C object CMakeFiles/cmTC_269a5.dir/src.c.o
[2/2] Linking C executable cmTC_269a5


Source file was:

      #if !defined(__GNUC__) || __GNUC__ < 4
      #error SDL only uses visibility attributes in GCC 4 or newer
      #endif
      int main(int argc, char **argv) { return 0; }
Performing C SOURCE FILE Test HAVE_GCC_WSHADOW succeeded with the following output:
Change Dir: /Users/miguel_garcia/Documents/Proyectos/pdandroid/android/app/.cxx/Debug/5t1f1ol3/arm64-v8a/CMakeFiles/CMakeTmp

Run Build Command(s):/Users/miguel_garcia/Library/Android/sdk/cmake/3.22.1/bin/ninja cmTC_2f3cf && [1/2] Building C object CMakeFiles/cmTC_2f3cf.dir/src.c.o
[2/2] Linking C executable cmTC_2f3cf


Source file was:
int main(void) { return 0; }
Performing C SOURCE FILE Test HAVE_GCC_WUNUSED_LOCAL_TYPEDEFS succeeded with the following output:
Change Dir: /Users/miguel_garcia/Documents/Proyectos/pdandroid/android/app/.cxx/Debug/5t1f1ol3/arm64-v8a/CMakeFiles/CMakeTmp

Run Build Command(s):/Users/miguel_garcia/Library/Android/sdk/cmake/3.22.1/bin/ninja cmTC_b0d2d && [1/2] Building C object CMakeFiles/cmTC_b0d2d.dir/src.c.o
[2/2] Linking C executable cmTC_b0d2d


Source file was:
int main(void) { return 0; }
Performing C SOURCE FILE Test HAVE_NO_UNDEFINED succeeded with the following output:
Change Dir: /Users/miguel_garcia/Documents/Proyectos/pdandroid/android/app/.cxx/Debug/5t1f1ol3/arm64-v8a/CMakeFiles/CMakeTmp

Run Build Command(s):/Users/miguel_garcia/Library/Android/sdk/cmake/3.22.1/bin/ninja cmTC_6fc52 && [1/2] Building C object CMakeFiles/cmTC_6fc52.dir/src.c.o
clang: warning: -Wl,--no-undefined: 'linker' input unused [-Wunused-command-line-argument]
[2/2] Linking C executable cmTC_6fc52


Source file was:
int main(void) { return 0; }
Determining if the include file ctype.h exists passed with the following output:
Change Dir: /Users/miguel_garcia/Documents/Proyectos/pdandroid/android/app/.cxx/Debug/5t1f1ol3/arm64-v8a/CMakeFiles/CMakeTmp

Run Build Command(s):/Users/miguel_garcia/Library/Android/sdk/cmake/3.22.1/bin/ninja cmTC_846d4 && [1/2] Building C object CMakeFiles/cmTC_846d4.dir/CheckIncludeFile.c.o
[2/2] Linking C executable cmTC_846d4



Determining if the include file float.h exists passed with the following output:
Change Dir: /Users/miguel_garcia/Documents/Proyectos/pdandroid/android/app/.cxx/Debug/5t1f1ol3/arm64-v8a/CMakeFiles/CMakeTmp

Run Build Command(s):/Users/miguel_garcia/Library/Android/sdk/cmake/3.22.1/bin/ninja cmTC_f594f && [1/2] Building C object CMakeFiles/cmTC_f594f.dir/CheckIncludeFile.c.o
[2/2] Linking C executable cmTC_f594f



Determining if the include file iconv.h exists passed with the following output:
Change Dir: /Users/miguel_garcia/Documents/Proyectos/pdandroid/android/app/.cxx/Debug/5t1f1ol3/arm64-v8a/CMakeFiles/CMakeTmp

Run Build Command(s):/Users/miguel_garcia/Library/Android/sdk/cmake/3.22.1/bin/ninja cmTC_ea811 && [1/2] Building C object CMakeFiles/cmTC_ea811.dir/CheckIncludeFile.c.o
[2/2] Linking C executable cmTC_ea811



Determining if the include file inttypes.h exists passed with the following output:
Change Dir: /Users/miguel_garcia/Documents/Proyectos/pdandroid/android/app/.cxx/Debug/5t1f1ol3/arm64-v8a/CMakeFiles/CMakeTmp

Run Build Command(s):/Users/miguel_garcia/Library/Android/sdk/cmake/3.22.1/bin/ninja cmTC_3b17b && [1/2] Building C object CMakeFiles/cmTC_3b17b.dir/CheckIncludeFile.c.o
[2/2] Linking C executable cmTC_3b17b



Determining if the include file limits.h exists passed with the following output:
Change Dir: /Users/miguel_garcia/Documents/Proyectos/pdandroid/android/app/.cxx/Debug/5t1f1ol3/arm64-v8a/CMakeFiles/CMakeTmp

Run Build Command(s):/Users/miguel_garcia/Library/Android/sdk/cmake/3.22.1/bin/ninja cmTC_0d436 && [1/2] Building C object CMakeFiles/cmTC_0d436.dir/CheckIncludeFile.c.o
[2/2] Linking C executable cmTC_0d436



Determining if the include file malloc.h exists passed with the following output:
Change Dir: /Users/miguel_garcia/Documents/Proyectos/pdandroid/android/app/.cxx/Debug/5t1f1ol3/arm64-v8a/CMakeFiles/CMakeTmp

Run Build Command(s):/Users/miguel_garcia/Library/Android/sdk/cmake/3.22.1/bin/ninja cmTC_8bfc6 && [1/2] Building C object CMakeFiles/cmTC_8bfc6.dir/CheckIncludeFile.c.o
[2/2] Linking C executable cmTC_8bfc6



Determining if the include file math.h exists passed with the following output:
Change Dir: /Users/miguel_garcia/Documents/Proyectos/pdandroid/android/app/.cxx/Debug/5t1f1ol3/arm64-v8a/CMakeFiles/CMakeTmp

Run Build Command(s):/Users/miguel_garcia/Library/Android/sdk/cmake/3.22.1/bin/ninja cmTC_ffa42 && [1/2] Building C object CMakeFiles/cmTC_ffa42.dir/CheckIncludeFile.c.o
[2/2] Linking C executable cmTC_ffa42



Determining if the include file memory.h exists passed with the following output:
Change Dir: /Users/miguel_garcia/Documents/Proyectos/pdandroid/android/app/.cxx/Debug/5t1f1ol3/arm64-v8a/CMakeFiles/CMakeTmp

Run Build Command(s):/Users/miguel_garcia/Library/Android/sdk/cmake/3.22.1/bin/ninja cmTC_70fb9 && [1/2] Building C object CMakeFiles/cmTC_70fb9.dir/CheckIncludeFile.c.o
[2/2] Linking C executable cmTC_70fb9



Determining if the include file signal.h exists passed with the following output:
Change Dir: /Users/miguel_garcia/Documents/Proyectos/pdandroid/android/app/.cxx/Debug/5t1f1ol3/arm64-v8a/CMakeFiles/CMakeTmp

Run Build Command(s):/Users/miguel_garcia/Library/Android/sdk/cmake/3.22.1/bin/ninja cmTC_81234 && [1/2] Building C object CMakeFiles/cmTC_81234.dir/CheckIncludeFile.c.o
[2/2] Linking C executable cmTC_81234



Determining if the include file stdarg.h exists passed with the following output:
Change Dir: /Users/miguel_garcia/Documents/Proyectos/pdandroid/android/app/.cxx/Debug/5t1f1ol3/arm64-v8a/CMakeFiles/CMakeTmp

Run Build Command(s):/Users/miguel_garcia/Library/Android/sdk/cmake/3.22.1/bin/ninja cmTC_3871c && [1/2] Building C object CMakeFiles/cmTC_3871c.dir/CheckIncludeFile.c.o
[2/2] Linking C executable cmTC_3871c



Determining if the include file stddef.h exists passed with the following output:
Change Dir: /Users/miguel_garcia/Documents/Proyectos/pdandroid/android/app/.cxx/Debug/5t1f1ol3/arm64-v8a/CMakeFiles/CMakeTmp

Run Build Command(s):/Users/miguel_garcia/Library/Android/sdk/cmake/3.22.1/bin/ninja cmTC_e0ef1 && [1/2] Building C object CMakeFiles/cmTC_e0ef1.dir/CheckIncludeFile.c.o
[2/2] Linking C executable cmTC_e0ef1



Determining if the include file stdint.h exists passed with the following output:
Change Dir: /Users/miguel_garcia/Documents/Proyectos/pdandroid/android/app/.cxx/Debug/5t1f1ol3/arm64-v8a/CMakeFiles/CMakeTmp

Run Build Command(s):/Users/miguel_garcia/Library/Android/sdk/cmake/3.22.1/bin/ninja cmTC_86916 && [1/2] Building C object CMakeFiles/cmTC_86916.dir/CheckIncludeFile.c.o
[2/2] Linking C executable cmTC_86916



Determining if the include file stdio.h exists passed with the following output:
Change Dir: /Users/miguel_garcia/Documents/Proyectos/pdandroid/android/app/.cxx/Debug/5t1f1ol3/arm64-v8a/CMakeFiles/CMakeTmp

Run Build Command(s):/Users/miguel_garcia/Library/Android/sdk/cmake/3.22.1/bin/ninja cmTC_35c66 && [1/2] Building C object CMakeFiles/cmTC_35c66.dir/CheckIncludeFile.c.o
[2/2] Linking C executable cmTC_35c66



Determining if the include file stdlib.h exists passed with the following output:
Change Dir: /Users/miguel_garcia/Documents/Proyectos/pdandroid/android/app/.cxx/Debug/5t1f1ol3/arm64-v8a/CMakeFiles/CMakeTmp

Run Build Command(s):/Users/miguel_garcia/Library/Android/sdk/cmake/3.22.1/bin/ninja cmTC_1a111 && [1/2] Building C object CMakeFiles/cmTC_1a111.dir/CheckIncludeFile.c.o
[2/2] Linking C executable cmTC_1a111



Determining if the include file string.h exists passed with the following output:
Change Dir: /Users/miguel_garcia/Documents/Proyectos/pdandroid/android/app/.cxx/Debug/5t1f1ol3/arm64-v8a/CMakeFiles/CMakeTmp

Run Build Command(s):/Users/miguel_garcia/Library/Android/sdk/cmake/3.22.1/bin/ninja cmTC_ffb8e && [1/2] Building C object CMakeFiles/cmTC_ffb8e.dir/CheckIncludeFile.c.o
[2/2] Linking C executable cmTC_ffb8e



Determining if the include file strings.h exists passed with the following output:
Change Dir: /Users/miguel_garcia/Documents/Proyectos/pdandroid/android/app/.cxx/Debug/5t1f1ol3/arm64-v8a/CMakeFiles/CMakeTmp

Run Build Command(s):/Users/miguel_garcia/Library/Android/sdk/cmake/3.22.1/bin/ninja cmTC_a75fe && [1/2] Building C object CMakeFiles/cmTC_a75fe.dir/CheckIncludeFile.c.o
[2/2] Linking C executable cmTC_a75fe



Determining if the include file sys/types.h exists passed with the following output:
Change Dir: /Users/miguel_garcia/Documents/Proyectos/pdandroid/android/app/.cxx/Debug/5t1f1ol3/arm64-v8a/CMakeFiles/CMakeTmp

Run Build Command(s):/Users/miguel_garcia/Library/Android/sdk/cmake/3.22.1/bin/ninja cmTC_f0d45 && [1/2] Building C object CMakeFiles/cmTC_f0d45.dir/CheckIncludeFile.c.o
[2/2] Linking C executable cmTC_f0d45



Determining if the include file wchar.h exists passed with the following output:
Change Dir: /Users/miguel_garcia/Documents/Proyectos/pdandroid/android/app/.cxx/Debug/5t1f1ol3/arm64-v8a/CMakeFiles/CMakeTmp

Run Build Command(s):/Users/miguel_garcia/Library/Android/sdk/cmake/3.22.1/bin/ninja cmTC_a2063 && [1/2] Building C object CMakeFiles/cmTC_a2063.dir/CheckIncludeFile.c.o
[2/2] Linking C executable cmTC_a2063



Determining if files stddef.h;stdarg.h;stdlib.h;string.h;stdio.h;wchar.h;float.h exist passed with the following output:
Change Dir: /Users/miguel_garcia/Documents/Proyectos/pdandroid/android/app/.cxx/Debug/5t1f1ol3/arm64-v8a/CMakeFiles/CMakeTmp

Run Build Command(s):/Users/miguel_garcia/Library/Android/sdk/cmake/3.22.1/bin/ninja cmTC_ec68e && [1/2] Building C object CMakeFiles/cmTC_ec68e.dir/STDC_HEADERS.c.o
[2/2] Linking C executable cmTC_ec68e



Determining if the M_PI exist passed with the following output:
Change Dir: /Users/miguel_garcia/Documents/Proyectos/pdandroid/android/app/.cxx/Debug/5t1f1ol3/arm64-v8a/CMakeFiles/CMakeTmp

Run Build Command(s):/Users/miguel_garcia/Library/Android/sdk/cmake/3.22.1/bin/ninja cmTC_a73dc && [1/2] Building C object CMakeFiles/cmTC_a73dc.dir/CheckSymbolExists.c.o
[2/2] Linking C executable cmTC_a73dc


File /Users/miguel_garcia/Documents/Proyectos/pdandroid/android/app/.cxx/Debug/5t1f1ol3/arm64-v8a/CMakeFiles/CMakeTmp/CheckSymbolExists.c:
/* */
#include <math.h>

int main(int argc, char** argv)
{
  (void)argv;
#ifndef M_PI
  return ((int*)(&M_PI))[argc];
#else
  (void)argc;
  return 0;
#endif
}
Performing C SOURCE FILE Test HAVE_MPROTECT succeeded with the following output:
Change Dir: /Users/miguel_garcia/Documents/Proyectos/pdandroid/android/app/.cxx/Debug/5t1f1ol3/arm64-v8a/CMakeFiles/CMakeTmp

Run Build Command(s):/Users/miguel_garcia/Library/Android/sdk/cmake/3.22.1/bin/ninja cmTC_ee848 && [1/2] Building C object CMakeFiles/cmTC_ee848.dir/src.c.o
[2/2] Linking C executable cmTC_ee848


Source file was:
#include <sys/types.h>
                             #include <sys/mman.h>
                             int main(void) { return 0; }
Determining if the strtod exist passed with the following output:
Change Dir: /Users/miguel_garcia/Documents/Proyectos/pdandroid/android/app/.cxx/Debug/5t1f1ol3/arm64-v8a/CMakeFiles/CMakeTmp

Run Build Command(s):/Users/miguel_garcia/Library/Android/sdk/cmake/3.22.1/bin/ninja cmTC_e1d80 && [1/2] Building C object CMakeFiles/cmTC_e1d80.dir/CheckSymbolExists.c.o
[2/2] Linking C executable cmTC_e1d80


File /Users/miguel_garcia/Documents/Proyectos/pdandroid/android/app/.cxx/Debug/5t1f1ol3/arm64-v8a/CMakeFiles/CMakeTmp/CheckSymbolExists.c:
/* */
#include <stddef.h>
#include <stdarg.h>
#include <stdlib.h>
#include <string.h>
#include <stdio.h>
#include <wchar.h>
#include <float.h>

int main(int argc, char** argv)
{
  (void)argv;
#ifndef strtod
  return ((int*)(&strtod))[argc];
#else
  (void)argc;
  return 0;
#endif
}
Determining if the malloc exist passed with the following output:
Change Dir: /Users/miguel_garcia/Documents/Proyectos/pdandroid/android/app/.cxx/Debug/5t1f1ol3/arm64-v8a/CMakeFiles/CMakeTmp

Run Build Command(s):/Users/miguel_garcia/Library/Android/sdk/cmake/3.22.1/bin/ninja cmTC_46734 && [1/2] Building C object CMakeFiles/cmTC_46734.dir/CheckSymbolExists.c.o
[2/2] Linking C executable cmTC_46734


File /Users/miguel_garcia/Documents/Proyectos/pdandroid/android/app/.cxx/Debug/5t1f1ol3/arm64-v8a/CMakeFiles/CMakeTmp/CheckSymbolExists.c:
/* */
#include <stddef.h>
#include <stdarg.h>
#include <stdlib.h>
#include <string.h>
#include <stdio.h>
#include <wchar.h>
#include <float.h>

int main(int argc, char** argv)
{
  (void)argv;
#ifndef malloc
  return ((int*)(&malloc))[argc];
#else
  (void)argc;
  return 0;
#endif
}
Determining if the calloc exist passed with the following output:
Change Dir: /Users/miguel_garcia/Documents/Proyectos/pdandroid/android/app/.cxx/Debug/5t1f1ol3/arm64-v8a/CMakeFiles/CMakeTmp

Run Build Command(s):/Users/miguel_garcia/Library/Android/sdk/cmake/3.22.1/bin/ninja cmTC_f1018 && [1/2] Building C object CMakeFiles/cmTC_f1018.dir/CheckSymbolExists.c.o
[2/2] Linking C executable cmTC_f1018


File /Users/miguel_garcia/Documents/Proyectos/pdandroid/android/app/.cxx/Debug/5t1f1ol3/arm64-v8a/CMakeFiles/CMakeTmp/CheckSymbolExists.c:
/* */
#include <stddef.h>
#include <stdarg.h>
#include <stdlib.h>
#include <string.h>
#include <stdio.h>
#include <wchar.h>
#include <float.h>

int main(int argc, char** argv)
{
  (void)argv;
#ifndef calloc
  return ((int*)(&calloc))[argc];
#else
  (void)argc;
  return 0;
#endif
}
Determining if the realloc exist passed with the following output:
Change Dir: /Users/miguel_garcia/Documents/Proyectos/pdandroid/android/app/.cxx/Debug/5t1f1ol3/arm64-v8a/CMakeFiles/CMakeTmp

Run Build Command(s):/Users/miguel_garcia/Library/Android/sdk/cmake/3.22.1/bin/ninja cmTC_707b9 && [1/2] Building C object CMakeFiles/cmTC_707b9.dir/CheckSymbolExists.c.o
[2/2] Linking C executable cmTC_707b9


File /Users/miguel_garcia/Documents/Proyectos/pdandroid/android/app/.cxx/Debug/5t1f1ol3/arm64-v8a/CMakeFiles/CMakeTmp/CheckSymbolExists.c:
/* */
#include <stddef.h>
#include <stdarg.h>
#include <stdlib.h>
#include <string.h>
#include <stdio.h>
#include <wchar.h>
#include <float.h>

int main(int argc, char** argv)
{
  (void)argv;
#ifndef realloc
  return ((int*)(&realloc))[argc];
#else
  (void)argc;
  return 0;
#endif
}
Determining if the free exist passed with the following output:
Change Dir: /Users/miguel_garcia/Documents/Proyectos/pdandroid/android/app/.cxx/Debug/5t1f1ol3/arm64-v8a/CMakeFiles/CMakeTmp

Run Build Command(s):/Users/miguel_garcia/Library/Android/sdk/cmake/3.22.1/bin/ninja cmTC_16f3e && [1/2] Building C object CMakeFiles/cmTC_16f3e.dir/CheckSymbolExists.c.o
[2/2] Linking C executable cmTC_16f3e


File /Users/miguel_garcia/Documents/Proyectos/pdandroid/android/app/.cxx/Debug/5t1f1ol3/arm64-v8a/CMakeFiles/CMakeTmp/CheckSymbolExists.c:
/* */
#include <stddef.h>
#include <stdarg.h>
#include <stdlib.h>
#include <string.h>
#include <stdio.h>
#include <wchar.h>
#include <float.h>

int main(int argc, char** argv)
{
  (void)argv;
#ifndef free
  return ((int*)(&free))[argc];
#else
  (void)argc;
  return 0;
#endif
}
Determining if the getenv exist passed with the following output:
Change Dir: /Users/miguel_garcia/Documents/Proyectos/pdandroid/android/app/.cxx/Debug/5t1f1ol3/arm64-v8a/CMakeFiles/CMakeTmp

Run Build Command(s):/Users/miguel_garcia/Library/Android/sdk/cmake/3.22.1/bin/ninja cmTC_a9b41 && [1/2] Building C object CMakeFiles/cmTC_a9b41.dir/CheckSymbolExists.c.o
[2/2] Linking C executable cmTC_a9b41


File /Users/miguel_garcia/Documents/Proyectos/pdandroid/android/app/.cxx/Debug/5t1f1ol3/arm64-v8a/CMakeFiles/CMakeTmp/CheckSymbolExists.c:
/* */
#include <stddef.h>
#include <stdarg.h>
#include <stdlib.h>
#include <string.h>
#include <stdio.h>
#include <wchar.h>
#include <float.h>

int main(int argc, char** argv)
{
  (void)argv;
#ifndef getenv
  return ((int*)(&getenv))[argc];
#else
  (void)argc;
  return 0;
#endif
}
Determining if the setenv exist passed with the following output:
Change Dir: /Users/miguel_garcia/Documents/Proyectos/pdandroid/android/app/.cxx/Debug/5t1f1ol3/arm64-v8a/CMakeFiles/CMakeTmp

Run Build Command(s):/Users/miguel_garcia/Library/Android/sdk/cmake/3.22.1/bin/ninja cmTC_d6ae7 && [1/2] Building C object CMakeFiles/cmTC_d6ae7.dir/CheckSymbolExists.c.o
[2/2] Linking C executable cmTC_d6ae7


File /Users/miguel_garcia/Documents/Proyectos/pdandroid/android/app/.cxx/Debug/5t1f1ol3/arm64-v8a/CMakeFiles/CMakeTmp/CheckSymbolExists.c:
/* */
#include <stddef.h>
#include <stdarg.h>
#include <stdlib.h>
#include <string.h>
#include <stdio.h>
#include <wchar.h>
#include <float.h>

int main(int argc, char** argv)
{
  (void)argv;
#ifndef setenv
  return ((int*)(&setenv))[argc];
#else
  (void)argc;
  return 0;
#endif
}
Determining if the putenv exist passed with the following output:
Change Dir: /Users/miguel_garcia/Documents/Proyectos/pdandroid/android/app/.cxx/Debug/5t1f1ol3/arm64-v8a/CMakeFiles/CMakeTmp

Run Build Command(s):/Users/miguel_garcia/Library/Android/sdk/cmake/3.22.1/bin/ninja cmTC_46771 && [1/2] Building C object CMakeFiles/cmTC_46771.dir/CheckSymbolExists.c.o
[2/2] Linking C executable cmTC_46771


File /Users/miguel_garcia/Documents/Proyectos/pdandroid/android/app/.cxx/Debug/5t1f1ol3/arm64-v8a/CMakeFiles/CMakeTmp/CheckSymbolExists.c:
/* */
#include <stddef.h>
#include <stdarg.h>
#include <stdlib.h>
#include <string.h>
#include <stdio.h>
#include <wchar.h>
#include <float.h>

int main(int argc, char** argv)
{
  (void)argv;
#ifndef putenv
  return ((int*)(&putenv))[argc];
#else
  (void)argc;
  return 0;
#endif
}
Determining if the unsetenv exist passed with the following output:
Change Dir: /Users/miguel_garcia/Documents/Proyectos/pdandroid/android/app/.cxx/Debug/5t1f1ol3/arm64-v8a/CMakeFiles/CMakeTmp

Run Build Command(s):/Users/miguel_garcia/Library/Android/sdk/cmake/3.22.1/bin/ninja cmTC_ea53b && [1/2] Building C object CMakeFiles/cmTC_ea53b.dir/CheckSymbolExists.c.o
[2/2] Linking C executable cmTC_ea53b


File /Users/miguel_garcia/Documents/Proyectos/pdandroid/android/app/.cxx/Debug/5t1f1ol3/arm64-v8a/CMakeFiles/CMakeTmp/CheckSymbolExists.c:
/* */
#include <stddef.h>
#include <stdarg.h>
#include <stdlib.h>
#include <string.h>
#include <stdio.h>
#include <wchar.h>
#include <float.h>

int main(int argc, char** argv)
{
  (void)argv;
#ifndef unsetenv
  return ((int*)(&unsetenv))[argc];
#else
  (void)argc;
  return 0;
#endif
}
Determining if the bsearch exist passed with the following output:
Change Dir: /Users/miguel_garcia/Documents/Proyectos/pdandroid/android/app/.cxx/Debug/5t1f1ol3/arm64-v8a/CMakeFiles/CMakeTmp

Run Build Command(s):/Users/miguel_garcia/Library/Android/sdk/cmake/3.22.1/bin/ninja cmTC_ea1bb && [1/2] Building C object CMakeFiles/cmTC_ea1bb.dir/CheckSymbolExists.c.o
[2/2] Linking C executable cmTC_ea1bb


File /Users/miguel_garcia/Documents/Proyectos/pdandroid/android/app/.cxx/Debug/5t1f1ol3/arm64-v8a/CMakeFiles/CMakeTmp/CheckSymbolExists.c:
/* */
#include <stddef.h>
#include <stdarg.h>
#include <stdlib.h>
#include <string.h>
#include <stdio.h>
#include <wchar.h>
#include <float.h>

int main(int argc, char** argv)
{
  (void)argv;
#ifndef bsearch
  return ((int*)(&bsearch))[argc];
#else
  (void)argc;
  return 0;
#endif
}
Determining if the qsort exist passed with the following output:
Change Dir: /Users/miguel_garcia/Documents/Proyectos/pdandroid/android/app/.cxx/Debug/5t1f1ol3/arm64-v8a/CMakeFiles/CMakeTmp

Run Build Command(s):/Users/miguel_garcia/Library/Android/sdk/cmake/3.22.1/bin/ninja cmTC_cd6fd && [1/2] Building C object CMakeFiles/cmTC_cd6fd.dir/CheckSymbolExists.c.o
[2/2] Linking C executable cmTC_cd6fd


File /Users/miguel_garcia/Documents/Proyectos/pdandroid/android/app/.cxx/Debug/5t1f1ol3/arm64-v8a/CMakeFiles/CMakeTmp/CheckSymbolExists.c:
/* */
#include <stddef.h>
#include <stdarg.h>
#include <stdlib.h>
#include <string.h>
#include <stdio.h>
#include <wchar.h>
#include <float.h>

int main(int argc, char** argv)
{
  (void)argv;
#ifndef qsort
  return ((int*)(&qsort))[argc];
#else
  (void)argc;
  return 0;
#endif
}
Determining if the abs exist passed with the following output:
Change Dir: /Users/miguel_garcia/Documents/Proyectos/pdandroid/android/app/.cxx/Debug/5t1f1ol3/arm64-v8a/CMakeFiles/CMakeTmp

Run Build Command(s):/Users/miguel_garcia/Library/Android/sdk/cmake/3.22.1/bin/ninja cmTC_44532 && [1/2] Building C object CMakeFiles/cmTC_44532.dir/CheckSymbolExists.c.o
[2/2] Linking C executable cmTC_44532


File /Users/miguel_garcia/Documents/Proyectos/pdandroid/android/app/.cxx/Debug/5t1f1ol3/arm64-v8a/CMakeFiles/CMakeTmp/CheckSymbolExists.c:
/* */
#include <stddef.h>
#include <stdarg.h>
#include <stdlib.h>
#include <string.h>
#include <stdio.h>
#include <wchar.h>
#include <float.h>

int main(int argc, char** argv)
{
  (void)argv;
#ifndef abs
  return ((int*)(&abs))[argc];
#else
  (void)argc;
  return 0;
#endif
}
Determining if the bcopy exist passed with the following output:
Change Dir: /Users/miguel_garcia/Documents/Proyectos/pdandroid/android/app/.cxx/Debug/5t1f1ol3/arm64-v8a/CMakeFiles/CMakeTmp

Run Build Command(s):/Users/miguel_garcia/Library/Android/sdk/cmake/3.22.1/bin/ninja cmTC_7c6fc && [1/2] Building C object CMakeFiles/cmTC_7c6fc.dir/CheckSymbolExists.c.o
[2/2] Linking C executable cmTC_7c6fc


File /Users/miguel_garcia/Documents/Proyectos/pdandroid/android/app/.cxx/Debug/5t1f1ol3/arm64-v8a/CMakeFiles/CMakeTmp/CheckSymbolExists.c:
/* */
#include <stddef.h>
#include <stdarg.h>
#include <stdlib.h>
#include <string.h>
#include <stdio.h>
#include <wchar.h>
#include <float.h>

int main(int argc, char** argv)
{
  (void)argv;
#ifndef bcopy
  return ((int*)(&bcopy))[argc];
#else
  (void)argc;
  return 0;
#endif
}
Determining if the memset exist passed with the following output:
Change Dir: /Users/miguel_garcia/Documents/Proyectos/pdandroid/android/app/.cxx/Debug/5t1f1ol3/arm64-v8a/CMakeFiles/CMakeTmp

Run Build Command(s):/Users/miguel_garcia/Library/Android/sdk/cmake/3.22.1/bin/ninja cmTC_af404 && [1/2] Building C object CMakeFiles/cmTC_af404.dir/CheckSymbolExists.c.o
[2/2] Linking C executable cmTC_af404


File /Users/miguel_garcia/Documents/Proyectos/pdandroid/android/app/.cxx/Debug/5t1f1ol3/arm64-v8a/CMakeFiles/CMakeTmp/CheckSymbolExists.c:
/* */
#include <stddef.h>
#include <stdarg.h>
#include <stdlib.h>
#include <string.h>
#include <stdio.h>
#include <wchar.h>
#include <float.h>

int main(int argc, char** argv)
{
  (void)argv;
#ifndef memset
  return ((int*)(&memset))[argc];
#else
  (void)argc;
  return 0;
#endif
}
Determining if the memcpy exist passed with the following output:
Change Dir: /Users/miguel_garcia/Documents/Proyectos/pdandroid/android/app/.cxx/Debug/5t1f1ol3/arm64-v8a/CMakeFiles/CMakeTmp

Run Build Command(s):/Users/miguel_garcia/Library/Android/sdk/cmake/3.22.1/bin/ninja cmTC_c7537 && [1/2] Building C object CMakeFiles/cmTC_c7537.dir/CheckSymbolExists.c.o
[2/2] Linking C executable cmTC_c7537


File /Users/miguel_garcia/Documents/Proyectos/pdandroid/android/app/.cxx/Debug/5t1f1ol3/arm64-v8a/CMakeFiles/CMakeTmp/CheckSymbolExists.c:
/* */
#include <stddef.h>
#include <stdarg.h>
#include <stdlib.h>
#include <string.h>
#include <stdio.h>
#include <wchar.h>
#include <float.h>

int main(int argc, char** argv)
{
  (void)argv;
#ifndef memcpy
  return ((int*)(&memcpy))[argc];
#else
  (void)argc;
  return 0;
#endif
}
Determining if the memmove exist passed with the following output:
Change Dir: /Users/miguel_garcia/Documents/Proyectos/pdandroid/android/app/.cxx/Debug/5t1f1ol3/arm64-v8a/CMakeFiles/CMakeTmp

Run Build Command(s):/Users/miguel_garcia/Library/Android/sdk/cmake/3.22.1/bin/ninja cmTC_686a3 && [1/2] Building C object CMakeFiles/cmTC_686a3.dir/CheckSymbolExists.c.o
[2/2] Linking C executable cmTC_686a3


File /Users/miguel_garcia/Documents/Proyectos/pdandroid/android/app/.cxx/Debug/5t1f1ol3/arm64-v8a/CMakeFiles/CMakeTmp/CheckSymbolExists.c:
/* */
#include <stddef.h>
#include <stdarg.h>
#include <stdlib.h>
#include <string.h>
#include <stdio.h>
#include <wchar.h>
#include <float.h>

int main(int argc, char** argv)
{
  (void)argv;
#ifndef memmove
  return ((int*)(&memmove))[argc];
#else
  (void)argc;
  return 0;
#endif
}
Determining if the memcmp exist passed with the following output:
Change Dir: /Users/miguel_garcia/Documents/Proyectos/pdandroid/android/app/.cxx/Debug/5t1f1ol3/arm64-v8a/CMakeFiles/CMakeTmp

Run Build Command(s):/Users/miguel_garcia/Library/Android/sdk/cmake/3.22.1/bin/ninja cmTC_af952 && [1/2] Building C object CMakeFiles/cmTC_af952.dir/CheckSymbolExists.c.o
[2/2] Linking C executable cmTC_af952


File /Users/miguel_garcia/Documents/Proyectos/pdandroid/android/app/.cxx/Debug/5t1f1ol3/arm64-v8a/CMakeFiles/CMakeTmp/CheckSymbolExists.c:
/* */
#include <stddef.h>
#include <stdarg.h>
#include <stdlib.h>
#include <string.h>
#include <stdio.h>
#include <wchar.h>
#include <float.h>

int main(int argc, char** argv)
{
  (void)argv;
#ifndef memcmp
  return ((int*)(&memcmp))[argc];
#else
  (void)argc;
  return 0;
#endif
}
Determining if the strlen exist passed with the following output:
Change Dir: /Users/miguel_garcia/Documents/Proyectos/pdandroid/android/app/.cxx/Debug/5t1f1ol3/arm64-v8a/CMakeFiles/CMakeTmp

Run Build Command(s):/Users/miguel_garcia/Library/Android/sdk/cmake/3.22.1/bin/ninja cmTC_a5dc9 && [1/2] Building C object CMakeFiles/cmTC_a5dc9.dir/CheckSymbolExists.c.o
[2/2] Linking C executable cmTC_a5dc9


File /Users/miguel_garcia/Documents/Proyectos/pdandroid/android/app/.cxx/Debug/5t1f1ol3/arm64-v8a/CMakeFiles/CMakeTmp/CheckSymbolExists.c:
/* */
#include <stddef.h>
#include <stdarg.h>
#include <stdlib.h>
#include <string.h>
#include <stdio.h>
#include <wchar.h>
#include <float.h>

int main(int argc, char** argv)
{
  (void)argv;
#ifndef strlen
  return ((int*)(&strlen))[argc];
#else
  (void)argc;
  return 0;
#endif
}
Determining if the strlcpy exist passed with the following output:
Change Dir: /Users/miguel_garcia/Documents/Proyectos/pdandroid/android/app/.cxx/Debug/5t1f1ol3/arm64-v8a/CMakeFiles/CMakeTmp

Run Build Command(s):/Users/miguel_garcia/Library/Android/sdk/cmake/3.22.1/bin/ninja cmTC_ff818 && [1/2] Building C object CMakeFiles/cmTC_ff818.dir/CheckSymbolExists.c.o
[2/2] Linking C executable cmTC_ff818


File /Users/miguel_garcia/Documents/Proyectos/pdandroid/android/app/.cxx/Debug/5t1f1ol3/arm64-v8a/CMakeFiles/CMakeTmp/CheckSymbolExists.c:
/* */
#include <stddef.h>
#include <stdarg.h>
#include <stdlib.h>
#include <string.h>
#include <stdio.h>
#include <wchar.h>
#include <float.h>

int main(int argc, char** argv)
{
  (void)argv;
#ifndef strlcpy
  return ((int*)(&strlcpy))[argc];
#else
  (void)argc;
  return 0;
#endif
}
Determining if the strlcat exist passed with the following output:
Change Dir: /Users/miguel_garcia/Documents/Proyectos/pdandroid/android/app/.cxx/Debug/5t1f1ol3/arm64-v8a/CMakeFiles/CMakeTmp

Run Build Command(s):/Users/miguel_garcia/Library/Android/sdk/cmake/3.22.1/bin/ninja cmTC_a5834 && [1/2] Building C object CMakeFiles/cmTC_a5834.dir/CheckSymbolExists.c.o
[2/2] Linking C executable cmTC_a5834


File /Users/miguel_garcia/Documents/Proyectos/pdandroid/android/app/.cxx/Debug/5t1f1ol3/arm64-v8a/CMakeFiles/CMakeTmp/CheckSymbolExists.c:
/* */
#include <stddef.h>
#include <stdarg.h>
#include <stdlib.h>
#include <string.h>
#include <stdio.h>
#include <wchar.h>
#include <float.h>

int main(int argc, char** argv)
{
  (void)argv;
#ifndef strlcat
  return ((int*)(&strlcat))[argc];
#else
  (void)argc;
  return 0;
#endif
}
Determining if the strchr exist passed with the following output:
Change Dir: /Users/miguel_garcia/Documents/Proyectos/pdandroid/android/app/.cxx/Debug/5t1f1ol3/arm64-v8a/CMakeFiles/CMakeTmp

Run Build Command(s):/Users/miguel_garcia/Library/Android/sdk/cmake/3.22.1/bin/ninja cmTC_c3a8d && [1/2] Building C object CMakeFiles/cmTC_c3a8d.dir/CheckSymbolExists.c.o
[2/2] Linking C executable cmTC_c3a8d


File /Users/miguel_garcia/Documents/Proyectos/pdandroid/android/app/.cxx/Debug/5t1f1ol3/arm64-v8a/CMakeFiles/CMakeTmp/CheckSymbolExists.c:
/* */
#include <stddef.h>
#include <stdarg.h>
#include <stdlib.h>
#include <string.h>
#include <stdio.h>
#include <wchar.h>
#include <float.h>

int main(int argc, char** argv)
{
  (void)argv;
#ifndef strchr
  return ((int*)(&strchr))[argc];
#else
  (void)argc;
  return 0;
#endif
}
Determining if the strrchr exist passed with the following output:
Change Dir: /Users/miguel_garcia/Documents/Proyectos/pdandroid/android/app/.cxx/Debug/5t1f1ol3/arm64-v8a/CMakeFiles/CMakeTmp

Run Build Command(s):/Users/miguel_garcia/Library/Android/sdk/cmake/3.22.1/bin/ninja cmTC_86bb9 && [1/2] Building C object CMakeFiles/cmTC_86bb9.dir/CheckSymbolExists.c.o
[2/2] Linking C executable cmTC_86bb9


File /Users/miguel_garcia/Documents/Proyectos/pdandroid/android/app/.cxx/Debug/5t1f1ol3/arm64-v8a/CMakeFiles/CMakeTmp/CheckSymbolExists.c:
/* */
#include <stddef.h>
#include <stdarg.h>
#include <stdlib.h>
#include <string.h>
#include <stdio.h>
#include <wchar.h>
#include <float.h>

int main(int argc, char** argv)
{
  (void)argv;
#ifndef strrchr
  return ((int*)(&strrchr))[argc];
#else
  (void)argc;
  return 0;
#endif
}
Determining if the strstr exist passed with the following output:
Change Dir: /Users/miguel_garcia/Documents/Proyectos/pdandroid/android/app/.cxx/Debug/5t1f1ol3/arm64-v8a/CMakeFiles/CMakeTmp

Run Build Command(s):/Users/miguel_garcia/Library/Android/sdk/cmake/3.22.1/bin/ninja cmTC_60962 && [1/2] Building C object CMakeFiles/cmTC_60962.dir/CheckSymbolExists.c.o
[2/2] Linking C executable cmTC_60962


File /Users/miguel_garcia/Documents/Proyectos/pdandroid/android/app/.cxx/Debug/5t1f1ol3/arm64-v8a/CMakeFiles/CMakeTmp/CheckSymbolExists.c:
/* */
#include <stddef.h>
#include <stdarg.h>
#include <stdlib.h>
#include <string.h>
#include <stdio.h>
#include <wchar.h>
#include <float.h>

int main(int argc, char** argv)
{
  (void)argv;
#ifndef strstr
  return ((int*)(&strstr))[argc];
#else
  (void)argc;
  return 0;
#endif
}
Determining if the strtok_r exist passed with the following output:
Change Dir: /Users/miguel_garcia/Documents/Proyectos/pdandroid/android/app/.cxx/Debug/5t1f1ol3/arm64-v8a/CMakeFiles/CMakeTmp

Run Build Command(s):/Users/miguel_garcia/Library/Android/sdk/cmake/3.22.1/bin/ninja cmTC_53c7f && [1/2] Building C object CMakeFiles/cmTC_53c7f.dir/CheckSymbolExists.c.o
[2/2] Linking C executable cmTC_53c7f


File /Users/miguel_garcia/Documents/Proyectos/pdandroid/android/app/.cxx/Debug/5t1f1ol3/arm64-v8a/CMakeFiles/CMakeTmp/CheckSymbolExists.c:
/* */
#include <stddef.h>
#include <stdarg.h>
#include <stdlib.h>
#include <string.h>
#include <stdio.h>
#include <wchar.h>
#include <float.h>

int main(int argc, char** argv)
{
  (void)argv;
#ifndef strtok_r
  return ((int*)(&strtok_r))[argc];
#else
  (void)argc;
  return 0;
#endif
}
Determining if the strtol exist passed with the following output:
Change Dir: /Users/miguel_garcia/Documents/Proyectos/pdandroid/android/app/.cxx/Debug/5t1f1ol3/arm64-v8a/CMakeFiles/CMakeTmp

Run Build Command(s):/Users/miguel_garcia/Library/Android/sdk/cmake/3.22.1/bin/ninja cmTC_6bb55 && [1/2] Building C object CMakeFiles/cmTC_6bb55.dir/CheckSymbolExists.c.o
[2/2] Linking C executable cmTC_6bb55


File /Users/miguel_garcia/Documents/Proyectos/pdandroid/android/app/.cxx/Debug/5t1f1ol3/arm64-v8a/CMakeFiles/CMakeTmp/CheckSymbolExists.c:
/* */
#include <stddef.h>
#include <stdarg.h>
#include <stdlib.h>
#include <string.h>
#include <stdio.h>
#include <wchar.h>
#include <float.h>

int main(int argc, char** argv)
{
  (void)argv;
#ifndef strtol
  return ((int*)(&strtol))[argc];
#else
  (void)argc;
  return 0;
#endif
}
Determining if the strtoul exist passed with the following output:
Change Dir: /Users/miguel_garcia/Documents/Proyectos/pdandroid/android/app/.cxx/Debug/5t1f1ol3/arm64-v8a/CMakeFiles/CMakeTmp

Run Build Command(s):/Users/miguel_garcia/Library/Android/sdk/cmake/3.22.1/bin/ninja cmTC_f526e && [1/2] Building C object CMakeFiles/cmTC_f526e.dir/CheckSymbolExists.c.o
[2/2] Linking C executable cmTC_f526e


File /Users/miguel_garcia/Documents/Proyectos/pdandroid/android/app/.cxx/Debug/5t1f1ol3/arm64-v8a/CMakeFiles/CMakeTmp/CheckSymbolExists.c:
/* */
#include <stddef.h>
#include <stdarg.h>
#include <stdlib.h>
#include <string.h>
#include <stdio.h>
#include <wchar.h>
#include <float.h>

int main(int argc, char** argv)
{
  (void)argv;
#ifndef strtoul
  return ((int*)(&strtoul))[argc];
#else
  (void)argc;
  return 0;
#endif
}
Determining if the strtoll exist passed with the following output:
Change Dir: /Users/miguel_garcia/Documents/Proyectos/pdandroid/android/app/.cxx/Debug/5t1f1ol3/arm64-v8a/CMakeFiles/CMakeTmp

Run Build Command(s):/Users/miguel_garcia/Library/Android/sdk/cmake/3.22.1/bin/ninja cmTC_5b981 && [1/2] Building C object CMakeFiles/cmTC_5b981.dir/CheckSymbolExists.c.o
[2/2] Linking C executable cmTC_5b981


File /Users/miguel_garcia/Documents/Proyectos/pdandroid/android/app/.cxx/Debug/5t1f1ol3/arm64-v8a/CMakeFiles/CMakeTmp/CheckSymbolExists.c:
/* */
#include <stddef.h>
#include <stdarg.h>
#include <stdlib.h>
#include <string.h>
#include <stdio.h>
#include <wchar.h>
#include <float.h>

int main(int argc, char** argv)
{
  (void)argv;
#ifndef strtoll
  return ((int*)(&strtoll))[argc];
#else
  (void)argc;
  return 0;
#endif
}
Determining if the strtoull exist passed with the following output:
Change Dir: /Users/miguel_garcia/Documents/Proyectos/pdandroid/android/app/.cxx/Debug/5t1f1ol3/arm64-v8a/CMakeFiles/CMakeTmp

Run Build Command(s):/Users/miguel_garcia/Library/Android/sdk/cmake/3.22.1/bin/ninja cmTC_ec1a7 && [1/2] Building C object CMakeFiles/cmTC_ec1a7.dir/CheckSymbolExists.c.o
[2/2] Linking C executable cmTC_ec1a7


File /Users/miguel_garcia/Documents/Proyectos/pdandroid/android/app/.cxx/Debug/5t1f1ol3/arm64-v8a/CMakeFiles/CMakeTmp/CheckSymbolExists.c:
/* */
#include <stddef.h>
#include <stdarg.h>
#include <stdlib.h>
#include <string.h>
#include <stdio.h>
#include <wchar.h>
#include <float.h>

int main(int argc, char** argv)
{
  (void)argv;
#ifndef strtoull
  return ((int*)(&strtoull))[argc];
#else
  (void)argc;
  return 0;
#endif
}
Determining if the atoi exist passed with the following output:
Change Dir: /Users/miguel_garcia/Documents/Proyectos/pdandroid/android/app/.cxx/Debug/5t1f1ol3/arm64-v8a/CMakeFiles/CMakeTmp

Run Build Command(s):/Users/miguel_garcia/Library/Android/sdk/cmake/3.22.1/bin/ninja cmTC_7b2bd && [1/2] Building C object CMakeFiles/cmTC_7b2bd.dir/CheckSymbolExists.c.o
[2/2] Linking C executable cmTC_7b2bd


File /Users/miguel_garcia/Documents/Proyectos/pdandroid/android/app/.cxx/Debug/5t1f1ol3/arm64-v8a/CMakeFiles/CMakeTmp/CheckSymbolExists.c:
/* */
#include <stddef.h>
#include <stdarg.h>
#include <stdlib.h>
#include <string.h>
#include <stdio.h>
#include <wchar.h>
#include <float.h>

int main(int argc, char** argv)
{
  (void)argv;
#ifndef atoi
  return ((int*)(&atoi))[argc];
#else
  (void)argc;
  return 0;
#endif
}
Determining if the atof exist passed with the following output:
Change Dir: /Users/miguel_garcia/Documents/Proyectos/pdandroid/android/app/.cxx/Debug/5t1f1ol3/arm64-v8a/CMakeFiles/CMakeTmp

Run Build Command(s):/Users/miguel_garcia/Library/Android/sdk/cmake/3.22.1/bin/ninja cmTC_2cd07 && [1/2] Building C object CMakeFiles/cmTC_2cd07.dir/CheckSymbolExists.c.o
[2/2] Linking C executable cmTC_2cd07


File /Users/miguel_garcia/Documents/Proyectos/pdandroid/android/app/.cxx/Debug/5t1f1ol3/arm64-v8a/CMakeFiles/CMakeTmp/CheckSymbolExists.c:
/* */
#include <stddef.h>
#include <stdarg.h>
#include <stdlib.h>
#include <string.h>
#include <stdio.h>
#include <wchar.h>
#include <float.h>

int main(int argc, char** argv)
{
  (void)argv;
#ifndef atof
  return ((int*)(&atof))[argc];
#else
  (void)argc;
  return 0;
#endif
}
Determining if the strcmp exist passed with the following output:
Change Dir: /Users/miguel_garcia/Documents/Proyectos/pdandroid/android/app/.cxx/Debug/5t1f1ol3/arm64-v8a/CMakeFiles/CMakeTmp

Run Build Command(s):/Users/miguel_garcia/Library/Android/sdk/cmake/3.22.1/bin/ninja cmTC_29d32 && [1/2] Building C object CMakeFiles/cmTC_29d32.dir/CheckSymbolExists.c.o
[2/2] Linking C executable cmTC_29d32


File /Users/miguel_garcia/Documents/Proyectos/pdandroid/android/app/.cxx/Debug/5t1f1ol3/arm64-v8a/CMakeFiles/CMakeTmp/CheckSymbolExists.c:
/* */
#include <stddef.h>
#include <stdarg.h>
#include <stdlib.h>
#include <string.h>
#include <stdio.h>
#include <wchar.h>
#include <float.h>

int main(int argc, char** argv)
{
  (void)argv;
#ifndef strcmp
  return ((int*)(&strcmp))[argc];
#else
  (void)argc;
  return 0;
#endif
}
Determining if the strncmp exist passed with the following output:
Change Dir: /Users/miguel_garcia/Documents/Proyectos/pdandroid/android/app/.cxx/Debug/5t1f1ol3/arm64-v8a/CMakeFiles/CMakeTmp

Run Build Command(s):/Users/miguel_garcia/Library/Android/sdk/cmake/3.22.1/bin/ninja cmTC_13f35 && [1/2] Building C object CMakeFiles/cmTC_13f35.dir/CheckSymbolExists.c.o
[2/2] Linking C executable cmTC_13f35


File /Users/miguel_garcia/Documents/Proyectos/pdandroid/android/app/.cxx/Debug/5t1f1ol3/arm64-v8a/CMakeFiles/CMakeTmp/CheckSymbolExists.c:
/* */
#include <stddef.h>
#include <stdarg.h>
#include <stdlib.h>
#include <string.h>
#include <stdio.h>
#include <wchar.h>
#include <float.h>

int main(int argc, char** argv)
{
  (void)argv;
#ifndef strncmp
  return ((int*)(&strncmp))[argc];
#else
  (void)argc;
  return 0;
#endif
}
Determining if the strcasecmp exist passed with the following output:
Change Dir: /Users/miguel_garcia/Documents/Proyectos/pdandroid/android/app/.cxx/Debug/5t1f1ol3/arm64-v8a/CMakeFiles/CMakeTmp

Run Build Command(s):/Users/miguel_garcia/Library/Android/sdk/cmake/3.22.1/bin/ninja cmTC_c7aca && [1/2] Building C object CMakeFiles/cmTC_c7aca.dir/CheckSymbolExists.c.o
[2/2] Linking C executable cmTC_c7aca


File /Users/miguel_garcia/Documents/Proyectos/pdandroid/android/app/.cxx/Debug/5t1f1ol3/arm64-v8a/CMakeFiles/CMakeTmp/CheckSymbolExists.c:
/* */
#include <stddef.h>
#include <stdarg.h>
#include <stdlib.h>
#include <string.h>
#include <stdio.h>
#include <wchar.h>
#include <float.h>

int main(int argc, char** argv)
{
  (void)argv;
#ifndef strcasecmp
  return ((int*)(&strcasecmp))[argc];
#else
  (void)argc;
  return 0;
#endif
}
Determining if the strncasecmp exist passed with the following output:
Change Dir: /Users/miguel_garcia/Documents/Proyectos/pdandroid/android/app/.cxx/Debug/5t1f1ol3/arm64-v8a/CMakeFiles/CMakeTmp

Run Build Command(s):/Users/miguel_garcia/Library/Android/sdk/cmake/3.22.1/bin/ninja cmTC_e7527 && [1/2] Building C object CMakeFiles/cmTC_e7527.dir/CheckSymbolExists.c.o
[2/2] Linking C executable cmTC_e7527


File /Users/miguel_garcia/Documents/Proyectos/pdandroid/android/app/.cxx/Debug/5t1f1ol3/arm64-v8a/CMakeFiles/CMakeTmp/CheckSymbolExists.c:
/* */
#include <stddef.h>
#include <stdarg.h>
#include <stdlib.h>
#include <string.h>
#include <stdio.h>
#include <wchar.h>
#include <float.h>

int main(int argc, char** argv)
{
  (void)argv;
#ifndef strncasecmp
  return ((int*)(&strncasecmp))[argc];
#else
  (void)argc;
  return 0;
#endif
}
Determining if the strcasestr exist passed with the following output:
Change Dir: /Users/miguel_garcia/Documents/Proyectos/pdandroid/android/app/.cxx/Debug/5t1f1ol3/arm64-v8a/CMakeFiles/CMakeTmp

Run Build Command(s):/Users/miguel_garcia/Library/Android/sdk/cmake/3.22.1/bin/ninja cmTC_61af0 && [1/2] Building C object CMakeFiles/cmTC_61af0.dir/CheckSymbolExists.c.o
[2/2] Linking C executable cmTC_61af0


File /Users/miguel_garcia/Documents/Proyectos/pdandroid/android/app/.cxx/Debug/5t1f1ol3/arm64-v8a/CMakeFiles/CMakeTmp/CheckSymbolExists.c:
/* */
#include <stddef.h>
#include <stdarg.h>
#include <stdlib.h>
#include <string.h>
#include <stdio.h>
#include <wchar.h>
#include <float.h>

int main(int argc, char** argv)
{
  (void)argv;
#ifndef strcasestr
  return ((int*)(&strcasestr))[argc];
#else
  (void)argc;
  return 0;
#endif
}
Determining if the wcscmp exist passed with the following output:
Change Dir: /Users/miguel_garcia/Documents/Proyectos/pdandroid/android/app/.cxx/Debug/5t1f1ol3/arm64-v8a/CMakeFiles/CMakeTmp

Run Build Command(s):/Users/miguel_garcia/Library/Android/sdk/cmake/3.22.1/bin/ninja cmTC_7e6d3 && [1/2] Building C object CMakeFiles/cmTC_7e6d3.dir/CheckSymbolExists.c.o
[2/2] Linking C executable cmTC_7e6d3


File /Users/miguel_garcia/Documents/Proyectos/pdandroid/android/app/.cxx/Debug/5t1f1ol3/arm64-v8a/CMakeFiles/CMakeTmp/CheckSymbolExists.c:
/* */
#include <stddef.h>
#include <stdarg.h>
#include <stdlib.h>
#include <string.h>
#include <stdio.h>
#include <wchar.h>
#include <float.h>

int main(int argc, char** argv)
{
  (void)argv;
#ifndef wcscmp
  return ((int*)(&wcscmp))[argc];
#else
  (void)argc;
  return 0;
#endif
}
Determining if the wcsdup exist passed with the following output:
Change Dir: /Users/miguel_garcia/Documents/Proyectos/pdandroid/android/app/.cxx/Debug/5t1f1ol3/arm64-v8a/CMakeFiles/CMakeTmp

Run Build Command(s):/Users/miguel_garcia/Library/Android/sdk/cmake/3.22.1/bin/ninja cmTC_0c50d && [1/2] Building C object CMakeFiles/cmTC_0c50d.dir/CheckSymbolExists.c.o
[2/2] Linking C executable cmTC_0c50d


File /Users/miguel_garcia/Documents/Proyectos/pdandroid/android/app/.cxx/Debug/5t1f1ol3/arm64-v8a/CMakeFiles/CMakeTmp/CheckSymbolExists.c:
/* */
#include <stddef.h>
#include <stdarg.h>
#include <stdlib.h>
#include <string.h>
#include <stdio.h>
#include <wchar.h>
#include <float.h>

int main(int argc, char** argv)
{
  (void)argv;
#ifndef wcsdup
  return ((int*)(&wcsdup))[argc];
#else
  (void)argc;
  return 0;
#endif
}
Determining if the wcslcat exist passed with the following output:
Change Dir: /Users/miguel_garcia/Documents/Proyectos/pdandroid/android/app/.cxx/Debug/5t1f1ol3/arm64-v8a/CMakeFiles/CMakeTmp

Run Build Command(s):/Users/miguel_garcia/Library/Android/sdk/cmake/3.22.1/bin/ninja cmTC_3873f && [1/2] Building C object CMakeFiles/cmTC_3873f.dir/CheckSymbolExists.c.o
[2/2] Linking C executable cmTC_3873f


File /Users/miguel_garcia/Documents/Proyectos/pdandroid/android/app/.cxx/Debug/5t1f1ol3/arm64-v8a/CMakeFiles/CMakeTmp/CheckSymbolExists.c:
/* */
#include <stddef.h>
#include <stdarg.h>
#include <stdlib.h>
#include <string.h>
#include <stdio.h>
#include <wchar.h>
#include <float.h>

int main(int argc, char** argv)
{
  (void)argv;
#ifndef wcslcat
  return ((int*)(&wcslcat))[argc];
#else
  (void)argc;
  return 0;
#endif
}
Determining if the wcslcpy exist passed with the following output:
Change Dir: /Users/miguel_garcia/Documents/Proyectos/pdandroid/android/app/.cxx/Debug/5t1f1ol3/arm64-v8a/CMakeFiles/CMakeTmp

Run Build Command(s):/Users/miguel_garcia/Library/Android/sdk/cmake/3.22.1/bin/ninja cmTC_f6a0a && [1/2] Building C object CMakeFiles/cmTC_f6a0a.dir/CheckSymbolExists.c.o
[2/2] Linking C executable cmTC_f6a0a


File /Users/miguel_garcia/Documents/Proyectos/pdandroid/android/app/.cxx/Debug/5t1f1ol3/arm64-v8a/CMakeFiles/CMakeTmp/CheckSymbolExists.c:
/* */
#include <stddef.h>
#include <stdarg.h>
#include <stdlib.h>
#include <string.h>
#include <stdio.h>
#include <wchar.h>
#include <float.h>

int main(int argc, char** argv)
{
  (void)argv;
#ifndef wcslcpy
  return ((int*)(&wcslcpy))[argc];
#else
  (void)argc;
  return 0;
#endif
}
Determining if the wcslen exist passed with the following output:
Change Dir: /Users/miguel_garcia/Documents/Proyectos/pdandroid/android/app/.cxx/Debug/5t1f1ol3/arm64-v8a/CMakeFiles/CMakeTmp

Run Build Command(s):/Users/miguel_garcia/Library/Android/sdk/cmake/3.22.1/bin/ninja cmTC_6c8d4 && [1/2] Building C object CMakeFiles/cmTC_6c8d4.dir/CheckSymbolExists.c.o
[2/2] Linking C executable cmTC_6c8d4


File /Users/miguel_garcia/Documents/Proyectos/pdandroid/android/app/.cxx/Debug/5t1f1ol3/arm64-v8a/CMakeFiles/CMakeTmp/CheckSymbolExists.c:
/* */
#include <stddef.h>
#include <stdarg.h>
#include <stdlib.h>
#include <string.h>
#include <stdio.h>
#include <wchar.h>
#include <float.h>

int main(int argc, char** argv)
{
  (void)argv;
#ifndef wcslen
  return ((int*)(&wcslen))[argc];
#else
  (void)argc;
  return 0;
#endif
}
Determining if the wcsncmp exist passed with the following output:
Change Dir: /Users/miguel_garcia/Documents/Proyectos/pdandroid/android/app/.cxx/Debug/5t1f1ol3/arm64-v8a/CMakeFiles/CMakeTmp

Run Build Command(s):/Users/miguel_garcia/Library/Android/sdk/cmake/3.22.1/bin/ninja cmTC_eb203 && [1/2] Building C object CMakeFiles/cmTC_eb203.dir/CheckSymbolExists.c.o
[2/2] Linking C executable cmTC_eb203


File /Users/miguel_garcia/Documents/Proyectos/pdandroid/android/app/.cxx/Debug/5t1f1ol3/arm64-v8a/CMakeFiles/CMakeTmp/CheckSymbolExists.c:
/* */
#include <stddef.h>
#include <stdarg.h>
#include <stdlib.h>
#include <string.h>
#include <stdio.h>
#include <wchar.h>
#include <float.h>

int main(int argc, char** argv)
{
  (void)argv;
#ifndef wcsncmp
  return ((int*)(&wcsncmp))[argc];
#else
  (void)argc;
  return 0;
#endif
}
Determining if the wcsstr exist passed with the following output:
Change Dir: /Users/miguel_garcia/Documents/Proyectos/pdandroid/android/app/.cxx/Debug/5t1f1ol3/arm64-v8a/CMakeFiles/CMakeTmp

Run Build Command(s):/Users/miguel_garcia/Library/Android/sdk/cmake/3.22.1/bin/ninja cmTC_1c3c5 && [1/2] Building C object CMakeFiles/cmTC_1c3c5.dir/CheckSymbolExists.c.o
[2/2] Linking C executable cmTC_1c3c5


File /Users/miguel_garcia/Documents/Proyectos/pdandroid/android/app/.cxx/Debug/5t1f1ol3/arm64-v8a/CMakeFiles/CMakeTmp/CheckSymbolExists.c:
/* */
#include <stddef.h>
#include <stdarg.h>
#include <stdlib.h>
#include <string.h>
#include <stdio.h>
#include <wchar.h>
#include <float.h>

int main(int argc, char** argv)
{
  (void)argv;
#ifndef wcsstr
  return ((int*)(&wcsstr))[argc];
#else
  (void)argc;
  return 0;
#endif
}
Determining if the wcscasecmp exist passed with the following output:
Change Dir: /Users/miguel_garcia/Documents/Proyectos/pdandroid/android/app/.cxx/Debug/5t1f1ol3/arm64-v8a/CMakeFiles/CMakeTmp

Run Build Command(s):/Users/miguel_garcia/Library/Android/sdk/cmake/3.22.1/bin/ninja cmTC_39ead && [1/2] Building C object CMakeFiles/cmTC_39ead.dir/CheckSymbolExists.c.o
[2/2] Linking C executable cmTC_39ead


File /Users/miguel_garcia/Documents/Proyectos/pdandroid/android/app/.cxx/Debug/5t1f1ol3/arm64-v8a/CMakeFiles/CMakeTmp/CheckSymbolExists.c:
/* */
#include <stddef.h>
#include <stdarg.h>
#include <stdlib.h>
#include <string.h>
#include <stdio.h>
#include <wchar.h>
#include <float.h>

int main(int argc, char** argv)
{
  (void)argv;
#ifndef wcscasecmp
  return ((int*)(&wcscasecmp))[argc];
#else
  (void)argc;
  return 0;
#endif
}
Determining if the wcsncasecmp exist passed with the following output:
Change Dir: /Users/miguel_garcia/Documents/Proyectos/pdandroid/android/app/.cxx/Debug/5t1f1ol3/arm64-v8a/CMakeFiles/CMakeTmp

Run Build Command(s):/Users/miguel_garcia/Library/Android/sdk/cmake/3.22.1/bin/ninja cmTC_15e70 && [1/2] Building C object CMakeFiles/cmTC_15e70.dir/CheckSymbolExists.c.o
[2/2] Linking C executable cmTC_15e70


File /Users/miguel_garcia/Documents/Proyectos/pdandroid/android/app/.cxx/Debug/5t1f1ol3/arm64-v8a/CMakeFiles/CMakeTmp/CheckSymbolExists.c:
/* */
#include <stddef.h>
#include <stdarg.h>
#include <stdlib.h>
#include <string.h>
#include <stdio.h>
#include <wchar.h>
#include <float.h>

int main(int argc, char** argv)
{
  (void)argv;
#ifndef wcsncasecmp
  return ((int*)(&wcsncasecmp))[argc];
#else
  (void)argc;
  return 0;
#endif
}
Determining if the sscanf exist passed with the following output:
Change Dir: /Users/miguel_garcia/Documents/Proyectos/pdandroid/android/app/.cxx/Debug/5t1f1ol3/arm64-v8a/CMakeFiles/CMakeTmp

Run Build Command(s):/Users/miguel_garcia/Library/Android/sdk/cmake/3.22.1/bin/ninja cmTC_75034 && [1/2] Building C object CMakeFiles/cmTC_75034.dir/CheckSymbolExists.c.o
[2/2] Linking C executable cmTC_75034


File /Users/miguel_garcia/Documents/Proyectos/pdandroid/android/app/.cxx/Debug/5t1f1ol3/arm64-v8a/CMakeFiles/CMakeTmp/CheckSymbolExists.c:
/* */
#include <stddef.h>
#include <stdarg.h>
#include <stdlib.h>
#include <string.h>
#include <stdio.h>
#include <wchar.h>
#include <float.h>

int main(int argc, char** argv)
{
  (void)argv;
#ifndef sscanf
  return ((int*)(&sscanf))[argc];
#else
  (void)argc;
  return 0;
#endif
}
Determining if the vsscanf exist passed with the following output:
Change Dir: /Users/miguel_garcia/Documents/Proyectos/pdandroid/android/app/.cxx/Debug/5t1f1ol3/arm64-v8a/CMakeFiles/CMakeTmp

Run Build Command(s):/Users/miguel_garcia/Library/Android/sdk/cmake/3.22.1/bin/ninja cmTC_5e264 && [1/2] Building C object CMakeFiles/cmTC_5e264.dir/CheckSymbolExists.c.o
[2/2] Linking C executable cmTC_5e264


File /Users/miguel_garcia/Documents/Proyectos/pdandroid/android/app/.cxx/Debug/5t1f1ol3/arm64-v8a/CMakeFiles/CMakeTmp/CheckSymbolExists.c:
/* */
#include <stddef.h>
#include <stdarg.h>
#include <stdlib.h>
#include <string.h>
#include <stdio.h>
#include <wchar.h>
#include <float.h>

int main(int argc, char** argv)
{
  (void)argv;
#ifndef vsscanf
  return ((int*)(&vsscanf))[argc];
#else
  (void)argc;
  return 0;
#endif
}
Determining if the vsnprintf exist passed with the following output:
Change Dir: /Users/miguel_garcia/Documents/Proyectos/pdandroid/android/app/.cxx/Debug/5t1f1ol3/arm64-v8a/CMakeFiles/CMakeTmp

Run Build Command(s):/Users/miguel_garcia/Library/Android/sdk/cmake/3.22.1/bin/ninja cmTC_17778 && [1/2] Building C object CMakeFiles/cmTC_17778.dir/CheckSymbolExists.c.o
[2/2] Linking C executable cmTC_17778


File /Users/miguel_garcia/Documents/Proyectos/pdandroid/android/app/.cxx/Debug/5t1f1ol3/arm64-v8a/CMakeFiles/CMakeTmp/CheckSymbolExists.c:
/* */
#include <stddef.h>
#include <stdarg.h>
#include <stdlib.h>
#include <string.h>
#include <stdio.h>
#include <wchar.h>
#include <float.h>

int main(int argc, char** argv)
{
  (void)argv;
#ifndef vsnprintf
  return ((int*)(&vsnprintf))[argc];
#else
  (void)argc;
  return 0;
#endif
}
Determining if the fseeko exist passed with the following output:
Change Dir: /Users/miguel_garcia/Documents/Proyectos/pdandroid/android/app/.cxx/Debug/5t1f1ol3/arm64-v8a/CMakeFiles/CMakeTmp

Run Build Command(s):/Users/miguel_garcia/Library/Android/sdk/cmake/3.22.1/bin/ninja cmTC_6542d && [1/2] Building C object CMakeFiles/cmTC_6542d.dir/CheckSymbolExists.c.o
[2/2] Linking C executable cmTC_6542d


File /Users/miguel_garcia/Documents/Proyectos/pdandroid/android/app/.cxx/Debug/5t1f1ol3/arm64-v8a/CMakeFiles/CMakeTmp/CheckSymbolExists.c:
/* */
#include <stddef.h>
#include <stdarg.h>
#include <stdlib.h>
#include <string.h>
#include <stdio.h>
#include <wchar.h>
#include <float.h>

int main(int argc, char** argv)
{
  (void)argv;
#ifndef fseeko
  return ((int*)(&fseeko))[argc];
#else
  (void)argc;
  return 0;
#endif
}
Determining if the _Exit exist passed with the following output:
Change Dir: /Users/miguel_garcia/Documents/Proyectos/pdandroid/android/app/.cxx/Debug/5t1f1ol3/arm64-v8a/CMakeFiles/CMakeTmp

Run Build Command(s):/Users/miguel_garcia/Library/Android/sdk/cmake/3.22.1/bin/ninja cmTC_cce0c && [1/2] Building C object CMakeFiles/cmTC_cce0c.dir/CheckSymbolExists.c.o
[2/2] Linking C executable cmTC_cce0c


File /Users/miguel_garcia/Documents/Proyectos/pdandroid/android/app/.cxx/Debug/5t1f1ol3/arm64-v8a/CMakeFiles/CMakeTmp/CheckSymbolExists.c:
/* */
#include <stddef.h>
#include <stdarg.h>
#include <stdlib.h>
#include <string.h>
#include <stdio.h>
#include <wchar.h>
#include <float.h>

int main(int argc, char** argv)
{
  (void)argv;
#ifndef _Exit
  return ((int*)(&_Exit))[argc];
#else
  (void)argc;
  return 0;
#endif
}
Determining if the sigaction exist passed with the following output:
Change Dir: /Users/miguel_garcia/Documents/Proyectos/pdandroid/android/app/.cxx/Debug/5t1f1ol3/arm64-v8a/CMakeFiles/CMakeTmp

Run Build Command(s):/Users/miguel_garcia/Library/Android/sdk/cmake/3.22.1/bin/ninja cmTC_3d8c0 && [1/2] Building C object CMakeFiles/cmTC_3d8c0.dir/CheckSymbolExists.c.o
[2/2] Linking C executable cmTC_3d8c0


File /Users/miguel_garcia/Documents/Proyectos/pdandroid/android/app/.cxx/Debug/5t1f1ol3/arm64-v8a/CMakeFiles/CMakeTmp/CheckSymbolExists.c:
/* */
#include <signal.h>

int main(int argc, char** argv)
{
  (void)argv;
#ifndef sigaction
  return ((int*)(&sigaction))[argc];
#else
  (void)argc;
  return 0;
#endif
}
Determining if the setjmp exist passed with the following output:
Change Dir: /Users/miguel_garcia/Documents/Proyectos/pdandroid/android/app/.cxx/Debug/5t1f1ol3/arm64-v8a/CMakeFiles/CMakeTmp

Run Build Command(s):/Users/miguel_garcia/Library/Android/sdk/cmake/3.22.1/bin/ninja cmTC_a670d && [1/2] Building C object CMakeFiles/cmTC_a670d.dir/CheckSymbolExists.c.o
[2/2] Linking C executable cmTC_a670d


File /Users/miguel_garcia/Documents/Proyectos/pdandroid/android/app/.cxx/Debug/5t1f1ol3/arm64-v8a/CMakeFiles/CMakeTmp/CheckSymbolExists.c:
/* */
#include <setjmp.h>

int main(int argc, char** argv)
{
  (void)argv;
#ifndef setjmp
  return ((int*)(&setjmp))[argc];
#else
  (void)argc;
  return 0;
#endif
}
Determining if the nanosleep exist passed with the following output:
Change Dir: /Users/miguel_garcia/Documents/Proyectos/pdandroid/android/app/.cxx/Debug/5t1f1ol3/arm64-v8a/CMakeFiles/CMakeTmp

Run Build Command(s):/Users/miguel_garcia/Library/Android/sdk/cmake/3.22.1/bin/ninja cmTC_19791 && [1/2] Building C object CMakeFiles/cmTC_19791.dir/CheckSymbolExists.c.o
[2/2] Linking C executable cmTC_19791


File /Users/miguel_garcia/Documents/Proyectos/pdandroid/android/app/.cxx/Debug/5t1f1ol3/arm64-v8a/CMakeFiles/CMakeTmp/CheckSymbolExists.c:
/* */
#include <time.h>

int main(int argc, char** argv)
{
  (void)argv;
#ifndef nanosleep
  return ((int*)(&nanosleep))[argc];
#else
  (void)argc;
  return 0;
#endif
}
Determining if the sysconf exist passed with the following output:
Change Dir: /Users/miguel_garcia/Documents/Proyectos/pdandroid/android/app/.cxx/Debug/5t1f1ol3/arm64-v8a/CMakeFiles/CMakeTmp

Run Build Command(s):/Users/miguel_garcia/Library/Android/sdk/cmake/3.22.1/bin/ninja cmTC_56991 && [1/2] Building C object CMakeFiles/cmTC_56991.dir/CheckSymbolExists.c.o
[2/2] Linking C executable cmTC_56991


File /Users/miguel_garcia/Documents/Proyectos/pdandroid/android/app/.cxx/Debug/5t1f1ol3/arm64-v8a/CMakeFiles/CMakeTmp/CheckSymbolExists.c:
/* */
#include <unistd.h>

int main(int argc, char** argv)
{
  (void)argv;
#ifndef sysconf
  return ((int*)(&sysconf))[argc];
#else
  (void)argc;
  return 0;
#endif
}
Determining if the getauxval exist passed with the following output:
Change Dir: /Users/miguel_garcia/Documents/Proyectos/pdandroid/android/app/.cxx/Debug/5t1f1ol3/arm64-v8a/CMakeFiles/CMakeTmp

Run Build Command(s):/Users/miguel_garcia/Library/Android/sdk/cmake/3.22.1/bin/ninja cmTC_9ec81 && [1/2] Building C object CMakeFiles/cmTC_9ec81.dir/CheckSymbolExists.c.o
[2/2] Linking C executable cmTC_9ec81


File /Users/miguel_garcia/Documents/Proyectos/pdandroid/android/app/.cxx/Debug/5t1f1ol3/arm64-v8a/CMakeFiles/CMakeTmp/CheckSymbolExists.c:
/* */
#include <sys/auxv.h>

int main(int argc, char** argv)
{
  (void)argv;
#ifndef getauxval
  return ((int*)(&getauxval))[argc];
#else
  (void)argc;
  return 0;
#endif
}
Determining if the poll exist passed with the following output:
Change Dir: /Users/miguel_garcia/Documents/Proyectos/pdandroid/android/app/.cxx/Debug/5t1f1ol3/arm64-v8a/CMakeFiles/CMakeTmp

Run Build Command(s):/Users/miguel_garcia/Library/Android/sdk/cmake/3.22.1/bin/ninja cmTC_beb79 && [1/2] Building C object CMakeFiles/cmTC_beb79.dir/CheckSymbolExists.c.o
[2/2] Linking C executable cmTC_beb79


File /Users/miguel_garcia/Documents/Proyectos/pdandroid/android/app/.cxx/Debug/5t1f1ol3/arm64-v8a/CMakeFiles/CMakeTmp/CheckSymbolExists.c:
/* */
#include <poll.h>

int main(int argc, char** argv)
{
  (void)argv;
#ifndef poll
  return ((int*)(&poll))[argc];
#else
  (void)argc;
  return 0;
#endif
}
Determining if the posix_fallocate exist passed with the following output:
Change Dir: /Users/miguel_garcia/Documents/Proyectos/pdandroid/android/app/.cxx/Debug/5t1f1ol3/arm64-v8a/CMakeFiles/CMakeTmp

Run Build Command(s):/Users/miguel_garcia/Library/Android/sdk/cmake/3.22.1/bin/ninja cmTC_36d4c && [1/2] Building C object CMakeFiles/cmTC_36d4c.dir/CheckSymbolExists.c.o
[2/2] Linking C executable cmTC_36d4c


File /Users/miguel_garcia/Documents/Proyectos/pdandroid/android/app/.cxx/Debug/5t1f1ol3/arm64-v8a/CMakeFiles/CMakeTmp/CheckSymbolExists.c:
/* */
#include <fcntl.h>

int main(int argc, char** argv)
{
  (void)argv;
#ifndef posix_fallocate
  return ((int*)(&posix_fallocate))[argc];
#else
  (void)argc;
  return 0;
#endif
}
Determining if the function pow exists in the m passed with the following output:
Change Dir: /Users/miguel_garcia/Documents/Proyectos/pdandroid/android/app/.cxx/Debug/5t1f1ol3/arm64-v8a/CMakeFiles/CMakeTmp

Run Build Command(s):/Users/miguel_garcia/Library/Android/sdk/cmake/3.22.1/bin/ninja cmTC_673ac && [1/2] Building C object CMakeFiles/cmTC_673ac.dir/CheckFunctionExists.c.o
/Users/miguel_garcia/Library/Android/sdk/cmake/3.22.1/share/cmake-3.22/Modules/CheckFunctionExists.c:7:3: warning: incompatible redeclaration of library function 'pow' [-Wincompatible-library-redeclaration]
  CHECK_FUNCTION_EXISTS(void);
  ^
<command line>:3:31: note: expanded from here
#define CHECK_FUNCTION_EXISTS pow
                              ^
/Users/miguel_garcia/Library/Android/sdk/cmake/3.22.1/share/cmake-3.22/Modules/CheckFunctionExists.c:7:3: note: 'pow' is a builtin with type 'double (double, double)'
<command line>:3:31: note: expanded from here
#define CHECK_FUNCTION_EXISTS pow
                              ^
1 warning generated.
[2/2] Linking C executable cmTC_673ac



Determining if the atan exist passed with the following output:
Change Dir: /Users/miguel_garcia/Documents/Proyectos/pdandroid/android/app/.cxx/Debug/5t1f1ol3/arm64-v8a/CMakeFiles/CMakeTmp

Run Build Command(s):/Users/miguel_garcia/Library/Android/sdk/cmake/3.22.1/bin/ninja cmTC_bc695 && [1/2] Building C object CMakeFiles/cmTC_bc695.dir/CheckSymbolExists.c.o
[2/2] Linking C executable cmTC_bc695


File /Users/miguel_garcia/Documents/Proyectos/pdandroid/android/app/.cxx/Debug/5t1f1ol3/arm64-v8a/CMakeFiles/CMakeTmp/CheckSymbolExists.c:
/* */
#include <math.h>

int main(int argc, char** argv)
{
  (void)argv;
#ifndef atan
  return ((int*)(&atan))[argc];
#else
  (void)argc;
  return 0;
#endif
}
Determining if the atan2 exist passed with the following output:
Change Dir: /Users/miguel_garcia/Documents/Proyectos/pdandroid/android/app/.cxx/Debug/5t1f1ol3/arm64-v8a/CMakeFiles/CMakeTmp

Run Build Command(s):/Users/miguel_garcia/Library/Android/sdk/cmake/3.22.1/bin/ninja cmTC_959a2 && [1/2] Building C object CMakeFiles/cmTC_959a2.dir/CheckSymbolExists.c.o
[2/2] Linking C executable cmTC_959a2


File /Users/miguel_garcia/Documents/Proyectos/pdandroid/android/app/.cxx/Debug/5t1f1ol3/arm64-v8a/CMakeFiles/CMakeTmp/CheckSymbolExists.c:
/* */
#include <math.h>

int main(int argc, char** argv)
{
  (void)argv;
#ifndef atan2
  return ((int*)(&atan2))[argc];
#else
  (void)argc;
  return 0;
#endif
}
Determining if the atanf exist passed with the following output:
Change Dir: /Users/miguel_garcia/Documents/Proyectos/pdandroid/android/app/.cxx/Debug/5t1f1ol3/arm64-v8a/CMakeFiles/CMakeTmp

Run Build Command(s):/Users/miguel_garcia/Library/Android/sdk/cmake/3.22.1/bin/ninja cmTC_883b7 && [1/2] Building C object CMakeFiles/cmTC_883b7.dir/CheckSymbolExists.c.o
[2/2] Linking C executable cmTC_883b7


File /Users/miguel_garcia/Documents/Proyectos/pdandroid/android/app/.cxx/Debug/5t1f1ol3/arm64-v8a/CMakeFiles/CMakeTmp/CheckSymbolExists.c:
/* */
#include <math.h>

int main(int argc, char** argv)
{
  (void)argv;
#ifndef atanf
  return ((int*)(&atanf))[argc];
#else
  (void)argc;
  return 0;
#endif
}
Determining if the atan2f exist passed with the following output:
Change Dir: /Users/miguel_garcia/Documents/Proyectos/pdandroid/android/app/.cxx/Debug/5t1f1ol3/arm64-v8a/CMakeFiles/CMakeTmp

Run Build Command(s):/Users/miguel_garcia/Library/Android/sdk/cmake/3.22.1/bin/ninja cmTC_f5914 && [1/2] Building C object CMakeFiles/cmTC_f5914.dir/CheckSymbolExists.c.o
[2/2] Linking C executable cmTC_f5914


File /Users/miguel_garcia/Documents/Proyectos/pdandroid/android/app/.cxx/Debug/5t1f1ol3/arm64-v8a/CMakeFiles/CMakeTmp/CheckSymbolExists.c:
/* */
#include <math.h>

int main(int argc, char** argv)
{
  (void)argv;
#ifndef atan2f
  return ((int*)(&atan2f))[argc];
#else
  (void)argc;
  return 0;
#endif
}
Determining if the ceil exist passed with the following output:
Change Dir: /Users/miguel_garcia/Documents/Proyectos/pdandroid/android/app/.cxx/Debug/5t1f1ol3/arm64-v8a/CMakeFiles/CMakeTmp

Run Build Command(s):/Users/miguel_garcia/Library/Android/sdk/cmake/3.22.1/bin/ninja cmTC_67820 && [1/2] Building C object CMakeFiles/cmTC_67820.dir/CheckSymbolExists.c.o
[2/2] Linking C executable cmTC_67820


File /Users/miguel_garcia/Documents/Proyectos/pdandroid/android/app/.cxx/Debug/5t1f1ol3/arm64-v8a/CMakeFiles/CMakeTmp/CheckSymbolExists.c:
/* */
#include <math.h>

int main(int argc, char** argv)
{
  (void)argv;
#ifndef ceil
  return ((int*)(&ceil))[argc];
#else
  (void)argc;
  return 0;
#endif
}
Determining if the ceilf exist passed with the following output:
Change Dir: /Users/miguel_garcia/Documents/Proyectos/pdandroid/android/app/.cxx/Debug/5t1f1ol3/arm64-v8a/CMakeFiles/CMakeTmp

Run Build Command(s):/Users/miguel_garcia/Library/Android/sdk/cmake/3.22.1/bin/ninja cmTC_dcbb6 && [1/2] Building C object CMakeFiles/cmTC_dcbb6.dir/CheckSymbolExists.c.o
[2/2] Linking C executable cmTC_dcbb6


File /Users/miguel_garcia/Documents/Proyectos/pdandroid/android/app/.cxx/Debug/5t1f1ol3/arm64-v8a/CMakeFiles/CMakeTmp/CheckSymbolExists.c:
/* */
#include <math.h>

int main(int argc, char** argv)
{
  (void)argv;
#ifndef ceilf
  return ((int*)(&ceilf))[argc];
#else
  (void)argc;
  return 0;
#endif
}
Determining if the copysign exist passed with the following output:
Change Dir: /Users/miguel_garcia/Documents/Proyectos/pdandroid/android/app/.cxx/Debug/5t1f1ol3/arm64-v8a/CMakeFiles/CMakeTmp

Run Build Command(s):/Users/miguel_garcia/Library/Android/sdk/cmake/3.22.1/bin/ninja cmTC_5bf8c && [1/2] Building C object CMakeFiles/cmTC_5bf8c.dir/CheckSymbolExists.c.o
[2/2] Linking C executable cmTC_5bf8c


File /Users/miguel_garcia/Documents/Proyectos/pdandroid/android/app/.cxx/Debug/5t1f1ol3/arm64-v8a/CMakeFiles/CMakeTmp/CheckSymbolExists.c:
/* */
#include <math.h>

int main(int argc, char** argv)
{
  (void)argv;
#ifndef copysign
  return ((int*)(&copysign))[argc];
#else
  (void)argc;
  return 0;
#endif
}
Determining if the copysignf exist passed with the following output:
Change Dir: /Users/miguel_garcia/Documents/Proyectos/pdandroid/android/app/.cxx/Debug/5t1f1ol3/arm64-v8a/CMakeFiles/CMakeTmp

Run Build Command(s):/Users/miguel_garcia/Library/Android/sdk/cmake/3.22.1/bin/ninja cmTC_4a1f8 && [1/2] Building C object CMakeFiles/cmTC_4a1f8.dir/CheckSymbolExists.c.o
[2/2] Linking C executable cmTC_4a1f8


File /Users/miguel_garcia/Documents/Proyectos/pdandroid/android/app/.cxx/Debug/5t1f1ol3/arm64-v8a/CMakeFiles/CMakeTmp/CheckSymbolExists.c:
/* */
#include <math.h>

int main(int argc, char** argv)
{
  (void)argv;
#ifndef copysignf
  return ((int*)(&copysignf))[argc];
#else
  (void)argc;
  return 0;
#endif
}
Determining if the cos exist passed with the following output:
Change Dir: /Users/miguel_garcia/Documents/Proyectos/pdandroid/android/app/.cxx/Debug/5t1f1ol3/arm64-v8a/CMakeFiles/CMakeTmp

Run Build Command(s):/Users/miguel_garcia/Library/Android/sdk/cmake/3.22.1/bin/ninja cmTC_4f0d6 && [1/2] Building C object CMakeFiles/cmTC_4f0d6.dir/CheckSymbolExists.c.o
[2/2] Linking C executable cmTC_4f0d6


File /Users/miguel_garcia/Documents/Proyectos/pdandroid/android/app/.cxx/Debug/5t1f1ol3/arm64-v8a/CMakeFiles/CMakeTmp/CheckSymbolExists.c:
/* */
#include <math.h>

int main(int argc, char** argv)
{
  (void)argv;
#ifndef cos
  return ((int*)(&cos))[argc];
#else
  (void)argc;
  return 0;
#endif
}
Determining if the cosf exist passed with the following output:
Change Dir: /Users/miguel_garcia/Documents/Proyectos/pdandroid/android/app/.cxx/Debug/5t1f1ol3/arm64-v8a/CMakeFiles/CMakeTmp

Run Build Command(s):/Users/miguel_garcia/Library/Android/sdk/cmake/3.22.1/bin/ninja cmTC_40f7b && [1/2] Building C object CMakeFiles/cmTC_40f7b.dir/CheckSymbolExists.c.o
[2/2] Linking C executable cmTC_40f7b


File /Users/miguel_garcia/Documents/Proyectos/pdandroid/android/app/.cxx/Debug/5t1f1ol3/arm64-v8a/CMakeFiles/CMakeTmp/CheckSymbolExists.c:
/* */
#include <math.h>

int main(int argc, char** argv)
{
  (void)argv;
#ifndef cosf
  return ((int*)(&cosf))[argc];
#else
  (void)argc;
  return 0;
#endif
}
Determining if the exp exist passed with the following output:
Change Dir: /Users/miguel_garcia/Documents/Proyectos/pdandroid/android/app/.cxx/Debug/5t1f1ol3/arm64-v8a/CMakeFiles/CMakeTmp

Run Build Command(s):/Users/miguel_garcia/Library/Android/sdk/cmake/3.22.1/bin/ninja cmTC_453f5 && [1/2] Building C object CMakeFiles/cmTC_453f5.dir/CheckSymbolExists.c.o
[2/2] Linking C executable cmTC_453f5


File /Users/miguel_garcia/Documents/Proyectos/pdandroid/android/app/.cxx/Debug/5t1f1ol3/arm64-v8a/CMakeFiles/CMakeTmp/CheckSymbolExists.c:
/* */
#include <math.h>

int main(int argc, char** argv)
{
  (void)argv;
#ifndef exp
  return ((int*)(&exp))[argc];
#else
  (void)argc;
  return 0;
#endif
}
Determining if the expf exist passed with the following output:
Change Dir: /Users/miguel_garcia/Documents/Proyectos/pdandroid/android/app/.cxx/Debug/5t1f1ol3/arm64-v8a/CMakeFiles/CMakeTmp

Run Build Command(s):/Users/miguel_garcia/Library/Android/sdk/cmake/3.22.1/bin/ninja cmTC_c14ba && [1/2] Building C object CMakeFiles/cmTC_c14ba.dir/CheckSymbolExists.c.o
[2/2] Linking C executable cmTC_c14ba


File /Users/miguel_garcia/Documents/Proyectos/pdandroid/android/app/.cxx/Debug/5t1f1ol3/arm64-v8a/CMakeFiles/CMakeTmp/CheckSymbolExists.c:
/* */
#include <math.h>

int main(int argc, char** argv)
{
  (void)argv;
#ifndef expf
  return ((int*)(&expf))[argc];
#else
  (void)argc;
  return 0;
#endif
}
Determining if the fabs exist passed with the following output:
Change Dir: /Users/miguel_garcia/Documents/Proyectos/pdandroid/android/app/.cxx/Debug/5t1f1ol3/arm64-v8a/CMakeFiles/CMakeTmp

Run Build Command(s):/Users/miguel_garcia/Library/Android/sdk/cmake/3.22.1/bin/ninja cmTC_8be4f && [1/2] Building C object CMakeFiles/cmTC_8be4f.dir/CheckSymbolExists.c.o
[2/2] Linking C executable cmTC_8be4f


File /Users/miguel_garcia/Documents/Proyectos/pdandroid/android/app/.cxx/Debug/5t1f1ol3/arm64-v8a/CMakeFiles/CMakeTmp/CheckSymbolExists.c:
/* */
#include <math.h>

int main(int argc, char** argv)
{
  (void)argv;
#ifndef fabs
  return ((int*)(&fabs))[argc];
#else
  (void)argc;
  return 0;
#endif
}
Determining if the fabsf exist passed with the following output:
Change Dir: /Users/miguel_garcia/Documents/Proyectos/pdandroid/android/app/.cxx/Debug/5t1f1ol3/arm64-v8a/CMakeFiles/CMakeTmp

Run Build Command(s):/Users/miguel_garcia/Library/Android/sdk/cmake/3.22.1/bin/ninja cmTC_2feac && [1/2] Building C object CMakeFiles/cmTC_2feac.dir/CheckSymbolExists.c.o
[2/2] Linking C executable cmTC_2feac


File /Users/miguel_garcia/Documents/Proyectos/pdandroid/android/app/.cxx/Debug/5t1f1ol3/arm64-v8a/CMakeFiles/CMakeTmp/CheckSymbolExists.c:
/* */
#include <math.h>

int main(int argc, char** argv)
{
  (void)argv;
#ifndef fabsf
  return ((int*)(&fabsf))[argc];
#else
  (void)argc;
  return 0;
#endif
}
Determining if the floor exist passed with the following output:
Change Dir: /Users/miguel_garcia/Documents/Proyectos/pdandroid/android/app/.cxx/Debug/5t1f1ol3/arm64-v8a/CMakeFiles/CMakeTmp

Run Build Command(s):/Users/miguel_garcia/Library/Android/sdk/cmake/3.22.1/bin/ninja cmTC_a9ccb && [1/2] Building C object CMakeFiles/cmTC_a9ccb.dir/CheckSymbolExists.c.o
[2/2] Linking C executable cmTC_a9ccb


File /Users/miguel_garcia/Documents/Proyectos/pdandroid/android/app/.cxx/Debug/5t1f1ol3/arm64-v8a/CMakeFiles/CMakeTmp/CheckSymbolExists.c:
/* */
#include <math.h>

int main(int argc, char** argv)
{
  (void)argv;
#ifndef floor
  return ((int*)(&floor))[argc];
#else
  (void)argc;
  return 0;
#endif
}
Determining if the floorf exist passed with the following output:
Change Dir: /Users/miguel_garcia/Documents/Proyectos/pdandroid/android/app/.cxx/Debug/5t1f1ol3/arm64-v8a/CMakeFiles/CMakeTmp

Run Build Command(s):/Users/miguel_garcia/Library/Android/sdk/cmake/3.22.1/bin/ninja cmTC_9923b && [1/2] Building C object CMakeFiles/cmTC_9923b.dir/CheckSymbolExists.c.o
[2/2] Linking C executable cmTC_9923b


File /Users/miguel_garcia/Documents/Proyectos/pdandroid/android/app/.cxx/Debug/5t1f1ol3/arm64-v8a/CMakeFiles/CMakeTmp/CheckSymbolExists.c:
/* */
#include <math.h>

int main(int argc, char** argv)
{
  (void)argv;
#ifndef floorf
  return ((int*)(&floorf))[argc];
#else
  (void)argc;
  return 0;
#endif
}
Determining if the fmod exist passed with the following output:
Change Dir: /Users/miguel_garcia/Documents/Proyectos/pdandroid/android/app/.cxx/Debug/5t1f1ol3/arm64-v8a/CMakeFiles/CMakeTmp

Run Build Command(s):/Users/miguel_garcia/Library/Android/sdk/cmake/3.22.1/bin/ninja cmTC_6cffe && [1/2] Building C object CMakeFiles/cmTC_6cffe.dir/CheckSymbolExists.c.o
[2/2] Linking C executable cmTC_6cffe


File /Users/miguel_garcia/Documents/Proyectos/pdandroid/android/app/.cxx/Debug/5t1f1ol3/arm64-v8a/CMakeFiles/CMakeTmp/CheckSymbolExists.c:
/* */
#include <math.h>

int main(int argc, char** argv)
{
  (void)argv;
#ifndef fmod
  return ((int*)(&fmod))[argc];
#else
  (void)argc;
  return 0;
#endif
}
Determining if the fmodf exist passed with the following output:
Change Dir: /Users/miguel_garcia/Documents/Proyectos/pdandroid/android/app/.cxx/Debug/5t1f1ol3/arm64-v8a/CMakeFiles/CMakeTmp

Run Build Command(s):/Users/miguel_garcia/Library/Android/sdk/cmake/3.22.1/bin/ninja cmTC_f76b2 && [1/2] Building C object CMakeFiles/cmTC_f76b2.dir/CheckSymbolExists.c.o
[2/2] Linking C executable cmTC_f76b2


File /Users/miguel_garcia/Documents/Proyectos/pdandroid/android/app/.cxx/Debug/5t1f1ol3/arm64-v8a/CMakeFiles/CMakeTmp/CheckSymbolExists.c:
/* */
#include <math.h>

int main(int argc, char** argv)
{
  (void)argv;
#ifndef fmodf
  return ((int*)(&fmodf))[argc];
#else
  (void)argc;
  return 0;
#endif
}
Determining if the log exist passed with the following output:
Change Dir: /Users/miguel_garcia/Documents/Proyectos/pdandroid/android/app/.cxx/Debug/5t1f1ol3/arm64-v8a/CMakeFiles/CMakeTmp

Run Build Command(s):/Users/miguel_garcia/Library/Android/sdk/cmake/3.22.1/bin/ninja cmTC_52023 && [1/2] Building C object CMakeFiles/cmTC_52023.dir/CheckSymbolExists.c.o
[2/2] Linking C executable cmTC_52023


File /Users/miguel_garcia/Documents/Proyectos/pdandroid/android/app/.cxx/Debug/5t1f1ol3/arm64-v8a/CMakeFiles/CMakeTmp/CheckSymbolExists.c:
/* */
#include <math.h>

int main(int argc, char** argv)
{
  (void)argv;
#ifndef log
  return ((int*)(&log))[argc];
#else
  (void)argc;
  return 0;
#endif
}
Determining if the logf exist passed with the following output:
Change Dir: /Users/miguel_garcia/Documents/Proyectos/pdandroid/android/app/.cxx/Debug/5t1f1ol3/arm64-v8a/CMakeFiles/CMakeTmp

Run Build Command(s):/Users/miguel_garcia/Library/Android/sdk/cmake/3.22.1/bin/ninja cmTC_c68be && [1/2] Building C object CMakeFiles/cmTC_c68be.dir/CheckSymbolExists.c.o
[2/2] Linking C executable cmTC_c68be


File /Users/miguel_garcia/Documents/Proyectos/pdandroid/android/app/.cxx/Debug/5t1f1ol3/arm64-v8a/CMakeFiles/CMakeTmp/CheckSymbolExists.c:
/* */
#include <math.h>

int main(int argc, char** argv)
{
  (void)argv;
#ifndef logf
  return ((int*)(&logf))[argc];
#else
  (void)argc;
  return 0;
#endif
}
Determining if the log10 exist passed with the following output:
Change Dir: /Users/miguel_garcia/Documents/Proyectos/pdandroid/android/app/.cxx/Debug/5t1f1ol3/arm64-v8a/CMakeFiles/CMakeTmp

Run Build Command(s):/Users/miguel_garcia/Library/Android/sdk/cmake/3.22.1/bin/ninja cmTC_804dc && [1/2] Building C object CMakeFiles/cmTC_804dc.dir/CheckSymbolExists.c.o
[2/2] Linking C executable cmTC_804dc


File /Users/miguel_garcia/Documents/Proyectos/pdandroid/android/app/.cxx/Debug/5t1f1ol3/arm64-v8a/CMakeFiles/CMakeTmp/CheckSymbolExists.c:
/* */
#include <math.h>

int main(int argc, char** argv)
{
  (void)argv;
#ifndef log10
  return ((int*)(&log10))[argc];
#else
  (void)argc;
  return 0;
#endif
}
Determining if the log10f exist passed with the following output:
Change Dir: /Users/miguel_garcia/Documents/Proyectos/pdandroid/android/app/.cxx/Debug/5t1f1ol3/arm64-v8a/CMakeFiles/CMakeTmp

Run Build Command(s):/Users/miguel_garcia/Library/Android/sdk/cmake/3.22.1/bin/ninja cmTC_bd9bc && [1/2] Building C object CMakeFiles/cmTC_bd9bc.dir/CheckSymbolExists.c.o
[2/2] Linking C executable cmTC_bd9bc


File /Users/miguel_garcia/Documents/Proyectos/pdandroid/android/app/.cxx/Debug/5t1f1ol3/arm64-v8a/CMakeFiles/CMakeTmp/CheckSymbolExists.c:
/* */
#include <math.h>

int main(int argc, char** argv)
{
  (void)argv;
#ifndef log10f
  return ((int*)(&log10f))[argc];
#else
  (void)argc;
  return 0;
#endif
}
Determining if the lround exist passed with the following output:
Change Dir: /Users/miguel_garcia/Documents/Proyectos/pdandroid/android/app/.cxx/Debug/5t1f1ol3/arm64-v8a/CMakeFiles/CMakeTmp

Run Build Command(s):/Users/miguel_garcia/Library/Android/sdk/cmake/3.22.1/bin/ninja cmTC_fbcc9 && [1/2] Building C object CMakeFiles/cmTC_fbcc9.dir/CheckSymbolExists.c.o
[2/2] Linking C executable cmTC_fbcc9


File /Users/miguel_garcia/Documents/Proyectos/pdandroid/android/app/.cxx/Debug/5t1f1ol3/arm64-v8a/CMakeFiles/CMakeTmp/CheckSymbolExists.c:
/* */
#include <math.h>

int main(int argc, char** argv)
{
  (void)argv;
#ifndef lround
  return ((int*)(&lround))[argc];
#else
  (void)argc;
  return 0;
#endif
}
Determining if the lroundf exist passed with the following output:
Change Dir: /Users/miguel_garcia/Documents/Proyectos/pdandroid/android/app/.cxx/Debug/5t1f1ol3/arm64-v8a/CMakeFiles/CMakeTmp

Run Build Command(s):/Users/miguel_garcia/Library/Android/sdk/cmake/3.22.1/bin/ninja cmTC_486e0 && [1/2] Building C object CMakeFiles/cmTC_486e0.dir/CheckSymbolExists.c.o
[2/2] Linking C executable cmTC_486e0


File /Users/miguel_garcia/Documents/Proyectos/pdandroid/android/app/.cxx/Debug/5t1f1ol3/arm64-v8a/CMakeFiles/CMakeTmp/CheckSymbolExists.c:
/* */
#include <math.h>

int main(int argc, char** argv)
{
  (void)argv;
#ifndef lroundf
  return ((int*)(&lroundf))[argc];
#else
  (void)argc;
  return 0;
#endif
}
Determining if the pow exist passed with the following output:
Change Dir: /Users/miguel_garcia/Documents/Proyectos/pdandroid/android/app/.cxx/Debug/5t1f1ol3/arm64-v8a/CMakeFiles/CMakeTmp

Run Build Command(s):/Users/miguel_garcia/Library/Android/sdk/cmake/3.22.1/bin/ninja cmTC_b7459 && [1/2] Building C object CMakeFiles/cmTC_b7459.dir/CheckSymbolExists.c.o
[2/2] Linking C executable cmTC_b7459


File /Users/miguel_garcia/Documents/Proyectos/pdandroid/android/app/.cxx/Debug/5t1f1ol3/arm64-v8a/CMakeFiles/CMakeTmp/CheckSymbolExists.c:
/* */
#include <math.h>

int main(int argc, char** argv)
{
  (void)argv;
#ifndef pow
  return ((int*)(&pow))[argc];
#else
  (void)argc;
  return 0;
#endif
}
Determining if the powf exist passed with the following output:
Change Dir: /Users/miguel_garcia/Documents/Proyectos/pdandroid/android/app/.cxx/Debug/5t1f1ol3/arm64-v8a/CMakeFiles/CMakeTmp

Run Build Command(s):/Users/miguel_garcia/Library/Android/sdk/cmake/3.22.1/bin/ninja cmTC_2866e && [1/2] Building C object CMakeFiles/cmTC_2866e.dir/CheckSymbolExists.c.o
[2/2] Linking C executable cmTC_2866e


File /Users/miguel_garcia/Documents/Proyectos/pdandroid/android/app/.cxx/Debug/5t1f1ol3/arm64-v8a/CMakeFiles/CMakeTmp/CheckSymbolExists.c:
/* */
#include <math.h>

int main(int argc, char** argv)
{
  (void)argv;
#ifndef powf
  return ((int*)(&powf))[argc];
#else
  (void)argc;
  return 0;
#endif
}
Determining if the round exist passed with the following output:
Change Dir: /Users/miguel_garcia/Documents/Proyectos/pdandroid/android/app/.cxx/Debug/5t1f1ol3/arm64-v8a/CMakeFiles/CMakeTmp

Run Build Command(s):/Users/miguel_garcia/Library/Android/sdk/cmake/3.22.1/bin/ninja cmTC_39a4d && [1/2] Building C object CMakeFiles/cmTC_39a4d.dir/CheckSymbolExists.c.o
[2/2] Linking C executable cmTC_39a4d


File /Users/miguel_garcia/Documents/Proyectos/pdandroid/android/app/.cxx/Debug/5t1f1ol3/arm64-v8a/CMakeFiles/CMakeTmp/CheckSymbolExists.c:
/* */
#include <math.h>

int main(int argc, char** argv)
{
  (void)argv;
#ifndef round
  return ((int*)(&round))[argc];
#else
  (void)argc;
  return 0;
#endif
}
Determining if the roundf exist passed with the following output:
Change Dir: /Users/miguel_garcia/Documents/Proyectos/pdandroid/android/app/.cxx/Debug/5t1f1ol3/arm64-v8a/CMakeFiles/CMakeTmp

Run Build Command(s):/Users/miguel_garcia/Library/Android/sdk/cmake/3.22.1/bin/ninja cmTC_adb2e && [1/2] Building C object CMakeFiles/cmTC_adb2e.dir/CheckSymbolExists.c.o
[2/2] Linking C executable cmTC_adb2e


File /Users/miguel_garcia/Documents/Proyectos/pdandroid/android/app/.cxx/Debug/5t1f1ol3/arm64-v8a/CMakeFiles/CMakeTmp/CheckSymbolExists.c:
/* */
#include <math.h>

int main(int argc, char** argv)
{
  (void)argv;
#ifndef roundf
  return ((int*)(&roundf))[argc];
#else
  (void)argc;
  return 0;
#endif
}
Determining if the scalbn exist passed with the following output:
Change Dir: /Users/miguel_garcia/Documents/Proyectos/pdandroid/android/app/.cxx/Debug/5t1f1ol3/arm64-v8a/CMakeFiles/CMakeTmp

Run Build Command(s):/Users/miguel_garcia/Library/Android/sdk/cmake/3.22.1/bin/ninja cmTC_482c0 && [1/2] Building C object CMakeFiles/cmTC_482c0.dir/CheckSymbolExists.c.o
[2/2] Linking C executable cmTC_482c0


File /Users/miguel_garcia/Documents/Proyectos/pdandroid/android/app/.cxx/Debug/5t1f1ol3/arm64-v8a/CMakeFiles/CMakeTmp/CheckSymbolExists.c:
/* */
#include <math.h>

int main(int argc, char** argv)
{
  (void)argv;
#ifndef scalbn
  return ((int*)(&scalbn))[argc];
#else
  (void)argc;
  return 0;
#endif
}
Determining if the scalbnf exist passed with the following output:
Change Dir: /Users/miguel_garcia/Documents/Proyectos/pdandroid/android/app/.cxx/Debug/5t1f1ol3/arm64-v8a/CMakeFiles/CMakeTmp

Run Build Command(s):/Users/miguel_garcia/Library/Android/sdk/cmake/3.22.1/bin/ninja cmTC_df1eb && [1/2] Building C object CMakeFiles/cmTC_df1eb.dir/CheckSymbolExists.c.o
[2/2] Linking C executable cmTC_df1eb


File /Users/miguel_garcia/Documents/Proyectos/pdandroid/android/app/.cxx/Debug/5t1f1ol3/arm64-v8a/CMakeFiles/CMakeTmp/CheckSymbolExists.c:
/* */
#include <math.h>

int main(int argc, char** argv)
{
  (void)argv;
#ifndef scalbnf
  return ((int*)(&scalbnf))[argc];
#else
  (void)argc;
  return 0;
#endif
}
Determining if the sin exist passed with the following output:
Change Dir: /Users/miguel_garcia/Documents/Proyectos/pdandroid/android/app/.cxx/Debug/5t1f1ol3/arm64-v8a/CMakeFiles/CMakeTmp

Run Build Command(s):/Users/miguel_garcia/Library/Android/sdk/cmake/3.22.1/bin/ninja cmTC_bf8a4 && [1/2] Building C object CMakeFiles/cmTC_bf8a4.dir/CheckSymbolExists.c.o
[2/2] Linking C executable cmTC_bf8a4


File /Users/miguel_garcia/Documents/Proyectos/pdandroid/android/app/.cxx/Debug/5t1f1ol3/arm64-v8a/CMakeFiles/CMakeTmp/CheckSymbolExists.c:
/* */
#include <math.h>

int main(int argc, char** argv)
{
  (void)argv;
#ifndef sin
  return ((int*)(&sin))[argc];
#else
  (void)argc;
  return 0;
#endif
}
Determining if the sinf exist passed with the following output:
Change Dir: /Users/miguel_garcia/Documents/Proyectos/pdandroid/android/app/.cxx/Debug/5t1f1ol3/arm64-v8a/CMakeFiles/CMakeTmp

Run Build Command(s):/Users/miguel_garcia/Library/Android/sdk/cmake/3.22.1/bin/ninja cmTC_f9996 && [1/2] Building C object CMakeFiles/cmTC_f9996.dir/CheckSymbolExists.c.o
[2/2] Linking C executable cmTC_f9996


File /Users/miguel_garcia/Documents/Proyectos/pdandroid/android/app/.cxx/Debug/5t1f1ol3/arm64-v8a/CMakeFiles/CMakeTmp/CheckSymbolExists.c:
/* */
#include <math.h>

int main(int argc, char** argv)
{
  (void)argv;
#ifndef sinf
  return ((int*)(&sinf))[argc];
#else
  (void)argc;
  return 0;
#endif
}
Determining if the sqrt exist passed with the following output:
Change Dir: /Users/miguel_garcia/Documents/Proyectos/pdandroid/android/app/.cxx/Debug/5t1f1ol3/arm64-v8a/CMakeFiles/CMakeTmp

Run Build Command(s):/Users/miguel_garcia/Library/Android/sdk/cmake/3.22.1/bin/ninja cmTC_5f192 && [1/2] Building C object CMakeFiles/cmTC_5f192.dir/CheckSymbolExists.c.o
[2/2] Linking C executable cmTC_5f192


File /Users/miguel_garcia/Documents/Proyectos/pdandroid/android/app/.cxx/Debug/5t1f1ol3/arm64-v8a/CMakeFiles/CMakeTmp/CheckSymbolExists.c:
/* */
#include <math.h>

int main(int argc, char** argv)
{
  (void)argv;
#ifndef sqrt
  return ((int*)(&sqrt))[argc];
#else
  (void)argc;
  return 0;
#endif
}
Determining if the sqrtf exist passed with the following output:
Change Dir: /Users/miguel_garcia/Documents/Proyectos/pdandroid/android/app/.cxx/Debug/5t1f1ol3/arm64-v8a/CMakeFiles/CMakeTmp

Run Build Command(s):/Users/miguel_garcia/Library/Android/sdk/cmake/3.22.1/bin/ninja cmTC_a59fc && [1/2] Building C object CMakeFiles/cmTC_a59fc.dir/CheckSymbolExists.c.o
[2/2] Linking C executable cmTC_a59fc


File /Users/miguel_garcia/Documents/Proyectos/pdandroid/android/app/.cxx/Debug/5t1f1ol3/arm64-v8a/CMakeFiles/CMakeTmp/CheckSymbolExists.c:
/* */
#include <math.h>

int main(int argc, char** argv)
{
  (void)argv;
#ifndef sqrtf
  return ((int*)(&sqrtf))[argc];
#else
  (void)argc;
  return 0;
#endif
}
Determining if the tan exist passed with the following output:
Change Dir: /Users/miguel_garcia/Documents/Proyectos/pdandroid/android/app/.cxx/Debug/5t1f1ol3/arm64-v8a/CMakeFiles/CMakeTmp

Run Build Command(s):/Users/miguel_garcia/Library/Android/sdk/cmake/3.22.1/bin/ninja cmTC_8c2f7 && [1/2] Building C object CMakeFiles/cmTC_8c2f7.dir/CheckSymbolExists.c.o
[2/2] Linking C executable cmTC_8c2f7


File /Users/miguel_garcia/Documents/Proyectos/pdandroid/android/app/.cxx/Debug/5t1f1ol3/arm64-v8a/CMakeFiles/CMakeTmp/CheckSymbolExists.c:
/* */
#include <math.h>

int main(int argc, char** argv)
{
  (void)argv;
#ifndef tan
  return ((int*)(&tan))[argc];
#else
  (void)argc;
  return 0;
#endif
}
Determining if the tanf exist passed with the following output:
Change Dir: /Users/miguel_garcia/Documents/Proyectos/pdandroid/android/app/.cxx/Debug/5t1f1ol3/arm64-v8a/CMakeFiles/CMakeTmp

Run Build Command(s):/Users/miguel_garcia/Library/Android/sdk/cmake/3.22.1/bin/ninja cmTC_83dd0 && [1/2] Building C object CMakeFiles/cmTC_83dd0.dir/CheckSymbolExists.c.o
[2/2] Linking C executable cmTC_83dd0


File /Users/miguel_garcia/Documents/Proyectos/pdandroid/android/app/.cxx/Debug/5t1f1ol3/arm64-v8a/CMakeFiles/CMakeTmp/CheckSymbolExists.c:
/* */
#include <math.h>

int main(int argc, char** argv)
{
  (void)argv;
#ifndef tanf
  return ((int*)(&tanf))[argc];
#else
  (void)argc;
  return 0;
#endif
}
Determining if the acos exist passed with the following output:
Change Dir: /Users/miguel_garcia/Documents/Proyectos/pdandroid/android/app/.cxx/Debug/5t1f1ol3/arm64-v8a/CMakeFiles/CMakeTmp

Run Build Command(s):/Users/miguel_garcia/Library/Android/sdk/cmake/3.22.1/bin/ninja cmTC_d6b9a && [1/2] Building C object CMakeFiles/cmTC_d6b9a.dir/CheckSymbolExists.c.o
[2/2] Linking C executable cmTC_d6b9a


File /Users/miguel_garcia/Documents/Proyectos/pdandroid/android/app/.cxx/Debug/5t1f1ol3/arm64-v8a/CMakeFiles/CMakeTmp/CheckSymbolExists.c:
/* */
#include <math.h>

int main(int argc, char** argv)
{
  (void)argv;
#ifndef acos
  return ((int*)(&acos))[argc];
#else
  (void)argc;
  return 0;
#endif
}
Determining if the acosf exist passed with the following output:
Change Dir: /Users/miguel_garcia/Documents/Proyectos/pdandroid/android/app/.cxx/Debug/5t1f1ol3/arm64-v8a/CMakeFiles/CMakeTmp

Run Build Command(s):/Users/miguel_garcia/Library/Android/sdk/cmake/3.22.1/bin/ninja cmTC_a37a7 && [1/2] Building C object CMakeFiles/cmTC_a37a7.dir/CheckSymbolExists.c.o
[2/2] Linking C executable cmTC_a37a7


File /Users/miguel_garcia/Documents/Proyectos/pdandroid/android/app/.cxx/Debug/5t1f1ol3/arm64-v8a/CMakeFiles/CMakeTmp/CheckSymbolExists.c:
/* */
#include <math.h>

int main(int argc, char** argv)
{
  (void)argv;
#ifndef acosf
  return ((int*)(&acosf))[argc];
#else
  (void)argc;
  return 0;
#endif
}
Determining if the asin exist passed with the following output:
Change Dir: /Users/miguel_garcia/Documents/Proyectos/pdandroid/android/app/.cxx/Debug/5t1f1ol3/arm64-v8a/CMakeFiles/CMakeTmp

Run Build Command(s):/Users/miguel_garcia/Library/Android/sdk/cmake/3.22.1/bin/ninja cmTC_39ad3 && [1/2] Building C object CMakeFiles/cmTC_39ad3.dir/CheckSymbolExists.c.o
[2/2] Linking C executable cmTC_39ad3


File /Users/miguel_garcia/Documents/Proyectos/pdandroid/android/app/.cxx/Debug/5t1f1ol3/arm64-v8a/CMakeFiles/CMakeTmp/CheckSymbolExists.c:
/* */
#include <math.h>

int main(int argc, char** argv)
{
  (void)argv;
#ifndef asin
  return ((int*)(&asin))[argc];
#else
  (void)argc;
  return 0;
#endif
}
Determining if the asinf exist passed with the following output:
Change Dir: /Users/miguel_garcia/Documents/Proyectos/pdandroid/android/app/.cxx/Debug/5t1f1ol3/arm64-v8a/CMakeFiles/CMakeTmp

Run Build Command(s):/Users/miguel_garcia/Library/Android/sdk/cmake/3.22.1/bin/ninja cmTC_1595d && [1/2] Building C object CMakeFiles/cmTC_1595d.dir/CheckSymbolExists.c.o
[2/2] Linking C executable cmTC_1595d


File /Users/miguel_garcia/Documents/Proyectos/pdandroid/android/app/.cxx/Debug/5t1f1ol3/arm64-v8a/CMakeFiles/CMakeTmp/CheckSymbolExists.c:
/* */
#include <math.h>

int main(int argc, char** argv)
{
  (void)argv;
#ifndef asinf
  return ((int*)(&asinf))[argc];
#else
  (void)argc;
  return 0;
#endif
}
Determining if the trunc exist passed with the following output:
Change Dir: /Users/miguel_garcia/Documents/Proyectos/pdandroid/android/app/.cxx/Debug/5t1f1ol3/arm64-v8a/CMakeFiles/CMakeTmp

Run Build Command(s):/Users/miguel_garcia/Library/Android/sdk/cmake/3.22.1/bin/ninja cmTC_e1f2a && [1/2] Building C object CMakeFiles/cmTC_e1f2a.dir/CheckSymbolExists.c.o
[2/2] Linking C executable cmTC_e1f2a


File /Users/miguel_garcia/Documents/Proyectos/pdandroid/android/app/.cxx/Debug/5t1f1ol3/arm64-v8a/CMakeFiles/CMakeTmp/CheckSymbolExists.c:
/* */
#include <math.h>

int main(int argc, char** argv)
{
  (void)argv;
#ifndef trunc
  return ((int*)(&trunc))[argc];
#else
  (void)argc;
  return 0;
#endif
}
Determining if the truncf exist passed with the following output:
Change Dir: /Users/miguel_garcia/Documents/Proyectos/pdandroid/android/app/.cxx/Debug/5t1f1ol3/arm64-v8a/CMakeFiles/CMakeTmp

Run Build Command(s):/Users/miguel_garcia/Library/Android/sdk/cmake/3.22.1/bin/ninja cmTC_d5507 && [1/2] Building C object CMakeFiles/cmTC_d5507.dir/CheckSymbolExists.c.o
[2/2] Linking C executable cmTC_d5507


File /Users/miguel_garcia/Documents/Proyectos/pdandroid/android/app/.cxx/Debug/5t1f1ol3/arm64-v8a/CMakeFiles/CMakeTmp/CheckSymbolExists.c:
/* */
#include <math.h>

int main(int argc, char** argv)
{
  (void)argv;
#ifndef truncf
  return ((int*)(&truncf))[argc];
#else
  (void)argc;
  return 0;
#endif
}
Determining if the include file alloca.h exists passed with the following output:
Change Dir: /Users/miguel_garcia/Documents/Proyectos/pdandroid/android/app/.cxx/Debug/5t1f1ol3/arm64-v8a/CMakeFiles/CMakeTmp

Run Build Command(s):/Users/miguel_garcia/Library/Android/sdk/cmake/3.22.1/bin/ninja cmTC_110a3 && [1/2] Building C object CMakeFiles/cmTC_110a3.dir/CheckIncludeFile.c.o
[2/2] Linking C executable cmTC_110a3



Determining if the alloca exist passed with the following output:
Change Dir: /Users/miguel_garcia/Documents/Proyectos/pdandroid/android/app/.cxx/Debug/5t1f1ol3/arm64-v8a/CMakeFiles/CMakeTmp

Run Build Command(s):/Users/miguel_garcia/Library/Android/sdk/cmake/3.22.1/bin/ninja cmTC_7c009 && [1/2] Building C object CMakeFiles/cmTC_7c009.dir/CheckSymbolExists.c.o
[2/2] Linking C executable cmTC_7c009


File /Users/miguel_garcia/Documents/Proyectos/pdandroid/android/app/.cxx/Debug/5t1f1ol3/arm64-v8a/CMakeFiles/CMakeTmp/CheckSymbolExists.c:
/* */
#include <alloca.h>

int main(int argc, char** argv)
{
  (void)argv;
#ifndef alloca
  return ((int*)(&alloca))[argc];
#else
  (void)argc;
  return 0;
#endif
}
Determining if the alloca exist passed with the following output:
Change Dir: /Users/miguel_garcia/Documents/Proyectos/pdandroid/android/app/.cxx/Debug/5t1f1ol3/arm64-v8a/CMakeFiles/CMakeTmp

Run Build Command(s):/Users/miguel_garcia/Library/Android/sdk/cmake/3.22.1/bin/ninja cmTC_66f45 && [1/2] Building C object CMakeFiles/cmTC_66f45.dir/CheckSymbolExists.c.o
[2/2] Linking C executable cmTC_66f45


File /Users/miguel_garcia/Documents/Proyectos/pdandroid/android/app/.cxx/Debug/5t1f1ol3/arm64-v8a/CMakeFiles/CMakeTmp/CheckSymbolExists.c:
/* */
#include <stdlib.h>

int main(int argc, char** argv)
{
  (void)argv;
#ifndef alloca
  return ((int*)(&alloca))[argc];
#else
  (void)argc;
  return 0;
#endif
}
Performing C SOURCE FILE Test HAVE_SA_SIGACTION succeeded with the following output:
Change Dir: /Users/miguel_garcia/Documents/Proyectos/pdandroid/android/app/.cxx/Debug/5t1f1ol3/arm64-v8a/CMakeFiles/CMakeTmp

Run Build Command(s):/Users/miguel_garcia/Library/Android/sdk/cmake/3.22.1/bin/ninja cmTC_a40c3 && [1/2] Building C object CMakeFiles/cmTC_a40c3.dir/src.c.o
[2/2] Linking C executable cmTC_a40c3


Source file was:

#include <signal.h>

int main()
{
  (void)sizeof(((struct sigaction *)0)->sa_sigaction);
  return 0;
}

Determining if the dlopen exist passed with the following output:
Change Dir: /Users/miguel_garcia/Documents/Proyectos/pdandroid/android/app/.cxx/Debug/5t1f1ol3/arm64-v8a/CMakeFiles/CMakeTmp

Run Build Command(s):/Users/miguel_garcia/Library/Android/sdk/cmake/3.22.1/bin/ninja cmTC_ffcff && [1/2] Building C object CMakeFiles/cmTC_ffcff.dir/CheckSymbolExists.c.o
[2/2] Linking C executable cmTC_ffcff


File /Users/miguel_garcia/Documents/Proyectos/pdandroid/android/app/.cxx/Debug/5t1f1ol3/arm64-v8a/CMakeFiles/CMakeTmp/CheckSymbolExists.c:
/* */
#include <dlfcn.h>

int main(int argc, char** argv)
{
  (void)argv;
#ifndef dlopen
  return ((int*)(&dlopen))[argc];
#else
  (void)argc;
  return 0;
#endif
}
Performing C SOURCE FILE Test HAVE_O_CLOEXEC succeeded with the following output:
Change Dir: /Users/miguel_garcia/Documents/Proyectos/pdandroid/android/app/.cxx/Debug/5t1f1ol3/arm64-v8a/CMakeFiles/CMakeTmp

Run Build Command(s):/Users/miguel_garcia/Library/Android/sdk/cmake/3.22.1/bin/ninja cmTC_9d2f2 && [1/2] Building C object CMakeFiles/cmTC_9d2f2.dir/src.c.o
[2/2] Linking C executable cmTC_9d2f2


Source file was:

    #include <fcntl.h>
    int flag = O_CLOEXEC;
    int main(int argc, char **argv) { return 0; }
Performing C SOURCE FILE Test VULKAN_PASSED_ANDROID_CHECKS succeeded with the following output:
Change Dir: /Users/miguel_garcia/Documents/Proyectos/pdandroid/android/app/.cxx/Debug/5t1f1ol3/arm64-v8a/CMakeFiles/CMakeTmp

Run Build Command(s):/Users/miguel_garcia/Library/Android/sdk/cmake/3.22.1/bin/ninja cmTC_1d671 && [1/2] Building C object CMakeFiles/cmTC_1d671.dir/src.c.o
[2/2] Linking C executable cmTC_1d671


Source file was:

      #if defined(__ARM_ARCH) && __ARM_ARCH < 7
      #error Vulkan doesn't work on this configuration
      #endif
      int main(int argc, char **argv) { return 0; }
      
Performing C SOURCE FILE Test HAVE_PTHREADS succeeded with the following output:
Change Dir: /Users/miguel_garcia/Documents/Proyectos/pdandroid/android/app/.cxx/Debug/5t1f1ol3/arm64-v8a/CMakeFiles/CMakeTmp

Run Build Command(s):/Users/miguel_garcia/Library/Android/sdk/cmake/3.22.1/bin/ninja cmTC_c8850 && [1/2] Building C object CMakeFiles/cmTC_c8850.dir/src.c.o
[2/2] Linking C executable cmTC_c8850


Source file was:

      #include <pthread.h>
      int main(int argc, char** argv) {
        pthread_attr_t type;
        pthread_attr_init(&type);
        return 0;
      }
Performing C SOURCE FILE Test HAVE_RECURSIVE_MUTEXES succeeded with the following output:
Change Dir: /Users/miguel_garcia/Documents/Proyectos/pdandroid/android/app/.cxx/Debug/5t1f1ol3/arm64-v8a/CMakeFiles/CMakeTmp

Run Build Command(s):/Users/miguel_garcia/Library/Android/sdk/cmake/3.22.1/bin/ninja cmTC_87469 && [1/2] Building C object CMakeFiles/cmTC_87469.dir/src.c.o
[2/2] Linking C executable cmTC_87469


Source file was:

        #include <pthread.h>
        int main(int argc, char **argv) {
          pthread_mutexattr_t attr;
          pthread_mutexattr_settype(&attr, PTHREAD_MUTEX_RECURSIVE);
          return 0;
        }
Performing C SOURCE FILE Test HAVE_PTHREADS_SEM succeeded with the following output:
Change Dir: /Users/miguel_garcia/Documents/Proyectos/pdandroid/android/app/.cxx/Debug/5t1f1ol3/arm64-v8a/CMakeFiles/CMakeTmp

Run Build Command(s):/Users/miguel_garcia/Library/Android/sdk/cmake/3.22.1/bin/ninja cmTC_72264 && [1/2] Building C object CMakeFiles/cmTC_72264.dir/src.c.o
[2/2] Linking C executable cmTC_72264


Source file was:
#include <pthread.h>
                                 #include <semaphore.h>
                                 int main(int argc, char **argv) { return 0; }
Performing C SOURCE FILE Test HAVE_SEM_TIMEDWAIT succeeded with the following output:
Change Dir: /Users/miguel_garcia/Documents/Proyectos/pdandroid/android/app/.cxx/Debug/5t1f1ol3/arm64-v8a/CMakeFiles/CMakeTmp

Run Build Command(s):/Users/miguel_garcia/Library/Android/sdk/cmake/3.22.1/bin/ninja cmTC_11b3b && [1/2] Building C object CMakeFiles/cmTC_11b3b.dir/src.c.o
[2/2] Linking C executable cmTC_11b3b


Source file was:

              #include <pthread.h>
              #include <semaphore.h>
              int main(int argc, char **argv) {
                  sem_timedwait(NULL, NULL);
                  return 0;
              }
Determining if files pthread.h exist passed with the following output:
Change Dir: /Users/miguel_garcia/Documents/Proyectos/pdandroid/android/app/.cxx/Debug/5t1f1ol3/arm64-v8a/CMakeFiles/CMakeTmp

Run Build Command(s):/Users/miguel_garcia/Library/Android/sdk/cmake/3.22.1/bin/ninja cmTC_6dbb2 && [1/2] Building C object CMakeFiles/cmTC_6dbb2.dir/HAVE_PTHREAD_H.c.o
[2/2] Linking C executable cmTC_6dbb2



Performing C SOURCE FILE Test HAVE_PTHREAD_SETNAME_NP succeeded with the following output:
Change Dir: /Users/miguel_garcia/Documents/Proyectos/pdandroid/android/app/.cxx/Debug/5t1f1ol3/arm64-v8a/CMakeFiles/CMakeTmp

Run Build Command(s):/Users/miguel_garcia/Library/Android/sdk/cmake/3.22.1/bin/ninja cmTC_70275 && [1/2] Building C object CMakeFiles/cmTC_70275.dir/src.c.o
[2/2] Linking C executable cmTC_70275


Source file was:

            #include <pthread.h>
            int main(int argc, char **argv) {
              #ifdef __APPLE__
              pthread_setname_np("");
              #else
              pthread_setname_np(pthread_self(),"");
              #endif
              return 0;
            }
