The target system is: Android - 1 - x86_64
The host system is: Darwin - 25.4.0 - arm64
Compiling the C compiler identification source file "CMakeCCompilerId.c" succeeded.
Compiler: /Users/miguel_garcia/Library/Android/sdk/ndk/25.1.8937393/toolchains/llvm/prebuilt/darwin-x86_64/bin/clang 
Build flags: -g;-DANDROID;-fdata-sections;-ffunction-sections;-funwind-tables;-fstack-protector-strong;-no-canonical-prefixes;-D_FORTIFY_SOURCE=2;-Wformat;-Werror=format-security;
Id flags: -c;--target=x86_64-none-linux-android21 

The output was:
0


Compilation of the C compiler identification source "CMakeCCompilerId.c" produced "CMakeCCompilerId.o"

The C compiler identification is Clang, found in "/Users/miguel_garcia/Documents/Proyectos/pdandroid/android/app/.cxx/Debug/5t1f1ol3/x86_64/CMakeFiles/3.22.1-g37088a8/CompilerIdC/CMakeCCompilerId.o"

Compiling the CXX compiler identification source file "CMakeCXXCompilerId.cpp" succeeded.
Compiler: /Users/miguel_garcia/Library/Android/sdk/ndk/25.1.8937393/toolchains/llvm/prebuilt/darwin-x86_64/bin/clang++ 
Build flags: -g;-DANDROID;-fdata-sections;-ffunction-sections;-funwind-tables;-fstack-protector-strong;-no-canonical-prefixes;-D_FORTIFY_SOURCE=2;-Wformat;-Werror=format-security;;-std=c++20
Id flags: -c;--target=x86_64-none-linux-android21 

The output was:
0


Compilation of the CXX compiler identification source "CMakeCXXCompilerId.cpp" produced "CMakeCXXCompilerId.o"

The CXX compiler identification is Clang, found in "/Users/miguel_garcia/Documents/Proyectos/pdandroid/android/app/.cxx/Debug/5t1f1ol3/x86_64/CMakeFiles/3.22.1-g37088a8/CompilerIdCXX/CMakeCXXCompilerId.o"

Detecting C compiler ABI info compiled with the following output:
Change Dir: /Users/miguel_garcia/Documents/Proyectos/pdandroid/android/app/.cxx/Debug/5t1f1ol3/x86_64/CMakeFiles/CMakeTmp

Run Build Command(s):/Users/miguel_garcia/Library/Android/sdk/cmake/3.22.1/bin/ninja cmTC_d7aba && [1/2] Building C object CMakeFiles/cmTC_d7aba.dir/CMakeCCompilerABI.c.o
Android (8490178, based on r450784d) clang version 14.0.6 (https://android.googlesource.com/toolchain/llvm-project 4c603efb0cca074e9238af8b4106c30add4418f6)
Target: x86_64-none-linux-android21
Thread model: posix
InstalledDir: /Users/miguel_garcia/Library/Android/sdk/ndk/25.1.8937393/toolchains/llvm/prebuilt/darwin-x86_64/bin
 (in-process)
 "/Users/miguel_garcia/Library/Android/sdk/ndk/25.1.8937393/toolchains/llvm/prebuilt/darwin-x86_64/bin/clang" -cc1 -triple x86_64-none-linux-android21 -emit-obj -mrelax-all --mrelax-relocations -disable-free -clear-ast-before-backend -disable-llvm-verifier -discard-value-names -main-file-name CMakeCCompilerABI.c -mrelocation-model pic -pic-level 2 -pic-is-pie -mframe-pointer=all -ffp-contract=on -fno-rounding-math -mconstructor-aliases -funwind-tables=2 -target-cpu x86-64 -target-feature +sse4.2 -target-feature +popcnt -target-feature +cx16 -tune-cpu generic -mllvm -treat-scalable-fixed-error-as-warning -debug-info-kind=constructor -dwarf-version=4 -debugger-tuning=gdb -target-linker-version 14.0.6 -v -ffunction-sections -fdata-sections -fcoverage-compilation-dir=/Users/miguel_garcia/Documents/Proyectos/pdandroid/android/app/.cxx/Debug/5t1f1ol3/x86_64/CMakeFiles/CMakeTmp -resource-dir /Users/miguel_garcia/Library/Android/sdk/ndk/25.1.8937393/toolchains/llvm/prebuilt/darwin-x86_64/lib64/clang/14.0.6 -dependency-file CMakeFiles/cmTC_d7aba.dir/CMakeCCompilerABI.c.o.d -MT CMakeFiles/cmTC_d7aba.dir/CMakeCCompilerABI.c.o -sys-header-deps -D ANDROID -D _FORTIFY_SOURCE=2 -isysroot /Users/miguel_garcia/Library/Android/sdk/ndk/25.1.8937393/toolchains/llvm/prebuilt/darwin-x86_64/sysroot -internal-isystem /Users/miguel_garcia/Library/Android/sdk/ndk/25.1.8937393/toolchains/llvm/prebuilt/darwin-x86_64/lib64/clang/14.0.6/include -internal-isystem /Users/miguel_garcia/Library/Android/sdk/ndk/25.1.8937393/toolchains/llvm/prebuilt/darwin-x86_64/sysroot/usr/local/include -internal-externc-isystem /Users/miguel_garcia/Library/Android/sdk/ndk/25.1.8937393/toolchains/llvm/prebuilt/darwin-x86_64/sysroot/usr/include/x86_64-linux-android -internal-externc-isystem /Users/miguel_garcia/Library/Android/sdk/ndk/25.1.8937393/toolchains/llvm/prebuilt/darwin-x86_64/sysroot/include -internal-externc-isystem /Users/miguel_garcia/Library/Android/sdk/ndk/25.1.8937393/toolchains/llvm/prebuilt/darwin-x86_64/sysroot/usr/include -Wformat -fdebug-compilation-dir=/Users/miguel_garcia/Documents/Proyectos/pdandroid/android/app/.cxx/Debug/5t1f1ol3/x86_64/CMakeFiles/CMakeTmp -ferror-limit 19 -stack-protector 2 -fgnuc-version=4.2.1 -D__GCC_HAVE_DWARF2_CFI_ASM=1 -o CMakeFiles/cmTC_d7aba.dir/CMakeCCompilerABI.c.o -x c /Users/miguel_garcia/Library/Android/sdk/cmake/3.22.1/share/cmake-3.22/Modules/CMakeCCompilerABI.c
clang -cc1 version 14.0.6 based upon LLVM 14.0.6git default target x86_64-apple-darwin25.4.0
ignoring nonexistent directory "/Users/miguel_garcia/Library/Android/sdk/ndk/25.1.8937393/toolchains/llvm/prebuilt/darwin-x86_64/sysroot/include"
#include "..." search starts here:
#include <...> search starts here:
 /Users/miguel_garcia/Library/Android/sdk/ndk/25.1.8937393/toolchains/llvm/prebuilt/darwin-x86_64/lib64/clang/14.0.6/include
 /Users/miguel_garcia/Library/Android/sdk/ndk/25.1.8937393/toolchains/llvm/prebuilt/darwin-x86_64/sysroot/usr/local/include
 /Users/miguel_garcia/Library/Android/sdk/ndk/25.1.8937393/toolchains/llvm/prebuilt/darwin-x86_64/sysroot/usr/include/x86_64-linux-android
 /Users/miguel_garcia/Library/Android/sdk/ndk/25.1.8937393/toolchains/llvm/prebuilt/darwin-x86_64/sysroot/usr/include
End of search list.
[2/2] Linking C executable cmTC_d7aba
Android (8490178, based on r450784d) clang version 14.0.6 (https://android.googlesource.com/toolchain/llvm-project 4c603efb0cca074e9238af8b4106c30add4418f6)
Target: x86_64-none-linux-android21
Thread model: posix
InstalledDir: /Users/miguel_garcia/Library/Android/sdk/ndk/25.1.8937393/toolchains/llvm/prebuilt/darwin-x86_64/bin
 "/Users/miguel_garcia/Library/Android/sdk/ndk/25.1.8937393/toolchains/llvm/prebuilt/darwin-x86_64/bin/ld" --sysroot=/Users/miguel_garcia/Library/Android/sdk/ndk/25.1.8937393/toolchains/llvm/prebuilt/darwin-x86_64/sysroot -pie --warn-shared-textrel -z now -z relro --hash-style=both --enable-new-dtags --eh-frame-hdr -m elf_x86_64 -dynamic-linker /system/bin/linker64 -o cmTC_d7aba /Users/miguel_garcia/Library/Android/sdk/ndk/25.1.8937393/toolchains/llvm/prebuilt/darwin-x86_64/sysroot/usr/lib/x86_64-linux-android/21/crtbegin_dynamic.o -L/Users/miguel_garcia/Library/Android/sdk/ndk/25.1.8937393/toolchains/llvm/prebuilt/darwin-x86_64/lib64/clang/14.0.6/lib/linux/x86_64 -L/Users/miguel_garcia/Library/Android/sdk/ndk/25.1.8937393/toolchains/llvm/prebuilt/darwin-x86_64/sysroot/usr/lib/x86_64-linux-android/21 -L/Users/miguel_garcia/Library/Android/sdk/ndk/25.1.8937393/toolchains/llvm/prebuilt/darwin-x86_64/sysroot/usr/lib/x86_64-linux-android -L/Users/miguel_garcia/Library/Android/sdk/ndk/25.1.8937393/toolchains/llvm/prebuilt/darwin-x86_64/sysroot/usr/lib --build-id=sha1 --no-rosegment --fatal-warnings --gc-sections --no-undefined --gc-sections CMakeFiles/cmTC_d7aba.dir/CMakeCCompilerABI.c.o /Users/miguel_garcia/Library/Android/sdk/ndk/25.1.8937393/toolchains/llvm/prebuilt/darwin-x86_64/lib64/clang/14.0.6/lib/linux/libclang_rt.builtins-x86_64-android.a -l:libunwind.a -ldl -lc /Users/miguel_garcia/Library/Android/sdk/ndk/25.1.8937393/toolchains/llvm/prebuilt/darwin-x86_64/lib64/clang/14.0.6/lib/linux/libclang_rt.builtins-x86_64-android.a -l:libunwind.a -ldl /Users/miguel_garcia/Library/Android/sdk/ndk/25.1.8937393/toolchains/llvm/prebuilt/darwin-x86_64/sysroot/usr/lib/x86_64-linux-android/21/crtend_android.o



Parsed C implicit include dir info from above output: rv=done
  found start of include info
  found start of implicit include info
    add: [/Users/miguel_garcia/Library/Android/sdk/ndk/25.1.8937393/toolchains/llvm/prebuilt/darwin-x86_64/lib64/clang/14.0.6/include]
    add: [/Users/miguel_garcia/Library/Android/sdk/ndk/25.1.8937393/toolchains/llvm/prebuilt/darwin-x86_64/sysroot/usr/local/include]
    add: [/Users/miguel_garcia/Library/Android/sdk/ndk/25.1.8937393/toolchains/llvm/prebuilt/darwin-x86_64/sysroot/usr/include/x86_64-linux-android]
    add: [/Users/miguel_garcia/Library/Android/sdk/ndk/25.1.8937393/toolchains/llvm/prebuilt/darwin-x86_64/sysroot/usr/include]
  end of search list found
  collapse include dir [/Users/miguel_garcia/Library/Android/sdk/ndk/25.1.8937393/toolchains/llvm/prebuilt/darwin-x86_64/lib64/clang/14.0.6/include] ==> [/Users/miguel_garcia/Library/Android/sdk/ndk/25.1.8937393/toolchains/llvm/prebuilt/darwin-x86_64/lib64/clang/14.0.6/include]
  collapse include dir [/Users/miguel_garcia/Library/Android/sdk/ndk/25.1.8937393/toolchains/llvm/prebuilt/darwin-x86_64/sysroot/usr/local/include] ==> [/Users/miguel_garcia/Library/Android/sdk/ndk/25.1.8937393/toolchains/llvm/prebuilt/darwin-x86_64/sysroot/usr/local/include]
  collapse include dir [/Users/miguel_garcia/Library/Android/sdk/ndk/25.1.8937393/toolchains/llvm/prebuilt/darwin-x86_64/sysroot/usr/include/x86_64-linux-android] ==> [/Users/miguel_garcia/Library/Android/sdk/ndk/25.1.8937393/toolchains/llvm/prebuilt/darwin-x86_64/sysroot/usr/include/x86_64-linux-android]
  collapse include dir [/Users/miguel_garcia/Library/Android/sdk/ndk/25.1.8937393/toolchains/llvm/prebuilt/darwin-x86_64/sysroot/usr/include] ==> [/Users/miguel_garcia/Library/Android/sdk/ndk/25.1.8937393/toolchains/llvm/prebuilt/darwin-x86_64/sysroot/usr/include]
  implicit include dirs: [/Users/miguel_garcia/Library/Android/sdk/ndk/25.1.8937393/toolchains/llvm/prebuilt/darwin-x86_64/lib64/clang/14.0.6/include;/Users/miguel_garcia/Library/Android/sdk/ndk/25.1.8937393/toolchains/llvm/prebuilt/darwin-x86_64/sysroot/usr/local/include;/Users/miguel_garcia/Library/Android/sdk/ndk/25.1.8937393/toolchains/llvm/prebuilt/darwin-x86_64/sysroot/usr/include/x86_64-linux-android;/Users/miguel_garcia/Library/Android/sdk/ndk/25.1.8937393/toolchains/llvm/prebuilt/darwin-x86_64/sysroot/usr/include]


Parsed C implicit link information from above output:
  link line regex: [^( *|.*[/\])(ld\.lld|CMAKE_LINK_STARTFILE-NOTFOUND|([^/\]+-)?ld|collect2)[^/\]*( |$)]
  ignore line: [Change Dir: /Users/miguel_garcia/Documents/Proyectos/pdandroid/android/app/.cxx/Debug/5t1f1ol3/x86_64/CMakeFiles/CMakeTmp]
  ignore line: []
  ignore line: [Run Build Command(s):/Users/miguel_garcia/Library/Android/sdk/cmake/3.22.1/bin/ninja cmTC_d7aba && [1/2] Building C object CMakeFiles/cmTC_d7aba.dir/CMakeCCompilerABI.c.o]
  ignore line: [Android (8490178  based on r450784d) clang version 14.0.6 (https://android.googlesource.com/toolchain/llvm-project 4c603efb0cca074e9238af8b4106c30add4418f6)]
  ignore line: [Target: x86_64-none-linux-android21]
  ignore line: [Thread model: posix]
  ignore line: [InstalledDir: /Users/miguel_garcia/Library/Android/sdk/ndk/25.1.8937393/toolchains/llvm/prebuilt/darwin-x86_64/bin]
  ignore line: [ (in-process)]
  ignore line: [ "/Users/miguel_garcia/Library/Android/sdk/ndk/25.1.8937393/toolchains/llvm/prebuilt/darwin-x86_64/bin/clang" -cc1 -triple x86_64-none-linux-android21 -emit-obj -mrelax-all --mrelax-relocations -disable-free -clear-ast-before-backend -disable-llvm-verifier -discard-value-names -main-file-name CMakeCCompilerABI.c -mrelocation-model pic -pic-level 2 -pic-is-pie -mframe-pointer=all -ffp-contract=on -fno-rounding-math -mconstructor-aliases -funwind-tables=2 -target-cpu x86-64 -target-feature +sse4.2 -target-feature +popcnt -target-feature +cx16 -tune-cpu generic -mllvm -treat-scalable-fixed-error-as-warning -debug-info-kind=constructor -dwarf-version=4 -debugger-tuning=gdb -target-linker-version 14.0.6 -v -ffunction-sections -fdata-sections -fcoverage-compilation-dir=/Users/miguel_garcia/Documents/Proyectos/pdandroid/android/app/.cxx/Debug/5t1f1ol3/x86_64/CMakeFiles/CMakeTmp -resource-dir /Users/miguel_garcia/Library/Android/sdk/ndk/25.1.8937393/toolchains/llvm/prebuilt/darwin-x86_64/lib64/clang/14.0.6 -dependency-file CMakeFiles/cmTC_d7aba.dir/CMakeCCompilerABI.c.o.d -MT CMakeFiles/cmTC_d7aba.dir/CMakeCCompilerABI.c.o -sys-header-deps -D ANDROID -D _FORTIFY_SOURCE=2 -isysroot /Users/miguel_garcia/Library/Android/sdk/ndk/25.1.8937393/toolchains/llvm/prebuilt/darwin-x86_64/sysroot -internal-isystem /Users/miguel_garcia/Library/Android/sdk/ndk/25.1.8937393/toolchains/llvm/prebuilt/darwin-x86_64/lib64/clang/14.0.6/include -internal-isystem /Users/miguel_garcia/Library/Android/sdk/ndk/25.1.8937393/toolchains/llvm/prebuilt/darwin-x86_64/sysroot/usr/local/include -internal-externc-isystem /Users/miguel_garcia/Library/Android/sdk/ndk/25.1.8937393/toolchains/llvm/prebuilt/darwin-x86_64/sysroot/usr/include/x86_64-linux-android -internal-externc-isystem /Users/miguel_garcia/Library/Android/sdk/ndk/25.1.8937393/toolchains/llvm/prebuilt/darwin-x86_64/sysroot/include -internal-externc-isystem /Users/miguel_garcia/Library/Android/sdk/ndk/25.1.8937393/toolchains/llvm/prebuilt/darwin-x86_64/sysroot/usr/include -Wformat -fdebug-compilation-dir=/Users/miguel_garcia/Documents/Proyectos/pdandroid/android/app/.cxx/Debug/5t1f1ol3/x86_64/CMakeFiles/CMakeTmp -ferror-limit 19 -stack-protector 2 -fgnuc-version=4.2.1 -D__GCC_HAVE_DWARF2_CFI_ASM=1 -o CMakeFiles/cmTC_d7aba.dir/CMakeCCompilerABI.c.o -x c /Users/miguel_garcia/Library/Android/sdk/cmake/3.22.1/share/cmake-3.22/Modules/CMakeCCompilerABI.c]
  ignore line: [clang -cc1 version 14.0.6 based upon LLVM 14.0.6git default target x86_64-apple-darwin25.4.0]
  ignore line: [ignoring nonexistent directory "/Users/miguel_garcia/Library/Android/sdk/ndk/25.1.8937393/toolchains/llvm/prebuilt/darwin-x86_64/sysroot/include"]
  ignore line: [#include "..." search starts here:]
  ignore line: [#include <...> search starts here:]
  ignore line: [ /Users/miguel_garcia/Library/Android/sdk/ndk/25.1.8937393/toolchains/llvm/prebuilt/darwin-x86_64/lib64/clang/14.0.6/include]
  ignore line: [ /Users/miguel_garcia/Library/Android/sdk/ndk/25.1.8937393/toolchains/llvm/prebuilt/darwin-x86_64/sysroot/usr/local/include]
  ignore line: [ /Users/miguel_garcia/Library/Android/sdk/ndk/25.1.8937393/toolchains/llvm/prebuilt/darwin-x86_64/sysroot/usr/include/x86_64-linux-android]
  ignore line: [ /Users/miguel_garcia/Library/Android/sdk/ndk/25.1.8937393/toolchains/llvm/prebuilt/darwin-x86_64/sysroot/usr/include]
  ignore line: [End of search list.]
  ignore line: [[2/2] Linking C executable cmTC_d7aba]
  ignore line: [Android (8490178  based on r450784d) clang version 14.0.6 (https://android.googlesource.com/toolchain/llvm-project 4c603efb0cca074e9238af8b4106c30add4418f6)]
  ignore line: [Target: x86_64-none-linux-android21]
  ignore line: [Thread model: posix]
  ignore line: [InstalledDir: /Users/miguel_garcia/Library/Android/sdk/ndk/25.1.8937393/toolchains/llvm/prebuilt/darwin-x86_64/bin]
  link line: [ "/Users/miguel_garcia/Library/Android/sdk/ndk/25.1.8937393/toolchains/llvm/prebuilt/darwin-x86_64/bin/ld" --sysroot=/Users/miguel_garcia/Library/Android/sdk/ndk/25.1.8937393/toolchains/llvm/prebuilt/darwin-x86_64/sysroot -pie --warn-shared-textrel -z now -z relro --hash-style=both --enable-new-dtags --eh-frame-hdr -m elf_x86_64 -dynamic-linker /system/bin/linker64 -o cmTC_d7aba /Users/miguel_garcia/Library/Android/sdk/ndk/25.1.8937393/toolchains/llvm/prebuilt/darwin-x86_64/sysroot/usr/lib/x86_64-linux-android/21/crtbegin_dynamic.o -L/Users/miguel_garcia/Library/Android/sdk/ndk/25.1.8937393/toolchains/llvm/prebuilt/darwin-x86_64/lib64/clang/14.0.6/lib/linux/x86_64 -L/Users/miguel_garcia/Library/Android/sdk/ndk/25.1.8937393/toolchains/llvm/prebuilt/darwin-x86_64/sysroot/usr/lib/x86_64-linux-android/21 -L/Users/miguel_garcia/Library/Android/sdk/ndk/25.1.8937393/toolchains/llvm/prebuilt/darwin-x86_64/sysroot/usr/lib/x86_64-linux-android -L/Users/miguel_garcia/Library/Android/sdk/ndk/25.1.8937393/toolchains/llvm/prebuilt/darwin-x86_64/sysroot/usr/lib --build-id=sha1 --no-rosegment --fatal-warnings --gc-sections --no-undefined --gc-sections CMakeFiles/cmTC_d7aba.dir/CMakeCCompilerABI.c.o /Users/miguel_garcia/Library/Android/sdk/ndk/25.1.8937393/toolchains/llvm/prebuilt/darwin-x86_64/lib64/clang/14.0.6/lib/linux/libclang_rt.builtins-x86_64-android.a -l:libunwind.a -ldl -lc /Users/miguel_garcia/Library/Android/sdk/ndk/25.1.8937393/toolchains/llvm/prebuilt/darwin-x86_64/lib64/clang/14.0.6/lib/linux/libclang_rt.builtins-x86_64-android.a -l:libunwind.a -ldl /Users/miguel_garcia/Library/Android/sdk/ndk/25.1.8937393/toolchains/llvm/prebuilt/darwin-x86_64/sysroot/usr/lib/x86_64-linux-android/21/crtend_android.o]
    arg [/Users/miguel_garcia/Library/Android/sdk/ndk/25.1.8937393/toolchains/llvm/prebuilt/darwin-x86_64/bin/ld] ==> ignore
    arg [--sysroot=/Users/miguel_garcia/Library/Android/sdk/ndk/25.1.8937393/toolchains/llvm/prebuilt/darwin-x86_64/sysroot] ==> ignore
    arg [-pie] ==> ignore
    arg [--warn-shared-textrel] ==> ignore
    arg [-znow] ==> ignore
    arg [-zrelro] ==> ignore
    arg [--hash-style=both] ==> ignore
    arg [--enable-new-dtags] ==> ignore
    arg [--eh-frame-hdr] ==> ignore
    arg [-m] ==> ignore
    arg [elf_x86_64] ==> ignore
    arg [-dynamic-linker] ==> ignore
    arg [/system/bin/linker64] ==> ignore
    arg [-o] ==> ignore
    arg [cmTC_d7aba] ==> ignore
    arg [/Users/miguel_garcia/Library/Android/sdk/ndk/25.1.8937393/toolchains/llvm/prebuilt/darwin-x86_64/sysroot/usr/lib/x86_64-linux-android/21/crtbegin_dynamic.o] ==> obj [/Users/miguel_garcia/Library/Android/sdk/ndk/25.1.8937393/toolchains/llvm/prebuilt/darwin-x86_64/sysroot/usr/lib/x86_64-linux-android/21/crtbegin_dynamic.o]
    arg [-L/Users/miguel_garcia/Library/Android/sdk/ndk/25.1.8937393/toolchains/llvm/prebuilt/darwin-x86_64/lib64/clang/14.0.6/lib/linux/x86_64] ==> dir [/Users/miguel_garcia/Library/Android/sdk/ndk/25.1.8937393/toolchains/llvm/prebuilt/darwin-x86_64/lib64/clang/14.0.6/lib/linux/x86_64]
    arg [-L/Users/miguel_garcia/Library/Android/sdk/ndk/25.1.8937393/toolchains/llvm/prebuilt/darwin-x86_64/sysroot/usr/lib/x86_64-linux-android/21] ==> dir [/Users/miguel_garcia/Library/Android/sdk/ndk/25.1.8937393/toolchains/llvm/prebuilt/darwin-x86_64/sysroot/usr/lib/x86_64-linux-android/21]
    arg [-L/Users/miguel_garcia/Library/Android/sdk/ndk/25.1.8937393/toolchains/llvm/prebuilt/darwin-x86_64/sysroot/usr/lib/x86_64-linux-android] ==> dir [/Users/miguel_garcia/Library/Android/sdk/ndk/25.1.8937393/toolchains/llvm/prebuilt/darwin-x86_64/sysroot/usr/lib/x86_64-linux-android]
    arg [-L/Users/miguel_garcia/Library/Android/sdk/ndk/25.1.8937393/toolchains/llvm/prebuilt/darwin-x86_64/sysroot/usr/lib] ==> dir [/Users/miguel_garcia/Library/Android/sdk/ndk/25.1.8937393/toolchains/llvm/prebuilt/darwin-x86_64/sysroot/usr/lib]
    arg [--build-id=sha1] ==> ignore
    arg [--no-rosegment] ==> ignore
    arg [--fatal-warnings] ==> ignore
    arg [--gc-sections] ==> ignore
    arg [--no-undefined] ==> ignore
    arg [--gc-sections] ==> ignore
    arg [CMakeFiles/cmTC_d7aba.dir/CMakeCCompilerABI.c.o] ==> ignore
    arg [/Users/miguel_garcia/Library/Android/sdk/ndk/25.1.8937393/toolchains/llvm/prebuilt/darwin-x86_64/lib64/clang/14.0.6/lib/linux/libclang_rt.builtins-x86_64-android.a] ==> lib [/Users/miguel_garcia/Library/Android/sdk/ndk/25.1.8937393/toolchains/llvm/prebuilt/darwin-x86_64/lib64/clang/14.0.6/lib/linux/libclang_rt.builtins-x86_64-android.a]
    arg [-l:libunwind.a] ==> lib [-l:libunwind.a]
    arg [-ldl] ==> lib [dl]
    arg [-lc] ==> lib [c]
    arg [/Users/miguel_garcia/Library/Android/sdk/ndk/25.1.8937393/toolchains/llvm/prebuilt/darwin-x86_64/lib64/clang/14.0.6/lib/linux/libclang_rt.builtins-x86_64-android.a] ==> lib [/Users/miguel_garcia/Library/Android/sdk/ndk/25.1.8937393/toolchains/llvm/prebuilt/darwin-x86_64/lib64/clang/14.0.6/lib/linux/libclang_rt.builtins-x86_64-android.a]
    arg [-l:libunwind.a] ==> lib [-l:libunwind.a]
    arg [-ldl] ==> lib [dl]
    arg [/Users/miguel_garcia/Library/Android/sdk/ndk/25.1.8937393/toolchains/llvm/prebuilt/darwin-x86_64/sysroot/usr/lib/x86_64-linux-android/21/crtend_android.o] ==> obj [/Users/miguel_garcia/Library/Android/sdk/ndk/25.1.8937393/toolchains/llvm/prebuilt/darwin-x86_64/sysroot/usr/lib/x86_64-linux-android/21/crtend_android.o]
  remove lib [/Users/miguel_garcia/Library/Android/sdk/ndk/25.1.8937393/toolchains/llvm/prebuilt/darwin-x86_64/lib64/clang/14.0.6/lib/linux/libclang_rt.builtins-x86_64-android.a]
  remove lib [/Users/miguel_garcia/Library/Android/sdk/ndk/25.1.8937393/toolchains/llvm/prebuilt/darwin-x86_64/lib64/clang/14.0.6/lib/linux/libclang_rt.builtins-x86_64-android.a]
  collapse library dir [/Users/miguel_garcia/Library/Android/sdk/ndk/25.1.8937393/toolchains/llvm/prebuilt/darwin-x86_64/lib64/clang/14.0.6/lib/linux/x86_64] ==> [/Users/miguel_garcia/Library/Android/sdk/ndk/25.1.8937393/toolchains/llvm/prebuilt/darwin-x86_64/lib64/clang/14.0.6/lib/linux/x86_64]
  collapse library dir [/Users/miguel_garcia/Library/Android/sdk/ndk/25.1.8937393/toolchains/llvm/prebuilt/darwin-x86_64/sysroot/usr/lib/x86_64-linux-android/21] ==> [/Users/miguel_garcia/Library/Android/sdk/ndk/25.1.8937393/toolchains/llvm/prebuilt/darwin-x86_64/sysroot/usr/lib/x86_64-linux-android/21]
  collapse library dir [/Users/miguel_garcia/Library/Android/sdk/ndk/25.1.8937393/toolchains/llvm/prebuilt/darwin-x86_64/sysroot/usr/lib/x86_64-linux-android] ==> [/Users/miguel_garcia/Library/Android/sdk/ndk/25.1.8937393/toolchains/llvm/prebuilt/darwin-x86_64/sysroot/usr/lib/x86_64-linux-android]
  collapse library dir [/Users/miguel_garcia/Library/Android/sdk/ndk/25.1.8937393/toolchains/llvm/prebuilt/darwin-x86_64/sysroot/usr/lib] ==> [/Users/miguel_garcia/Library/Android/sdk/ndk/25.1.8937393/toolchains/llvm/prebuilt/darwin-x86_64/sysroot/usr/lib]
  implicit libs: [-l:libunwind.a;dl;c;-l:libunwind.a;dl]
  implicit objs: [/Users/miguel_garcia/Library/Android/sdk/ndk/25.1.8937393/toolchains/llvm/prebuilt/darwin-x86_64/sysroot/usr/lib/x86_64-linux-android/21/crtbegin_dynamic.o;/Users/miguel_garcia/Library/Android/sdk/ndk/25.1.8937393/toolchains/llvm/prebuilt/darwin-x86_64/sysroot/usr/lib/x86_64-linux-android/21/crtend_android.o]
  implicit dirs: [/Users/miguel_garcia/Library/Android/sdk/ndk/25.1.8937393/toolchains/llvm/prebuilt/darwin-x86_64/lib64/clang/14.0.6/lib/linux/x86_64;/Users/miguel_garcia/Library/Android/sdk/ndk/25.1.8937393/toolchains/llvm/prebuilt/darwin-x86_64/sysroot/usr/lib/x86_64-linux-android/21;/Users/miguel_garcia/Library/Android/sdk/ndk/25.1.8937393/toolchains/llvm/prebuilt/darwin-x86_64/sysroot/usr/lib/x86_64-linux-android;/Users/miguel_garcia/Library/Android/sdk/ndk/25.1.8937393/toolchains/llvm/prebuilt/darwin-x86_64/sysroot/usr/lib]
  implicit fwks: []


Detecting CXX compiler ABI info compiled with the following output:
Change Dir: /Users/miguel_garcia/Documents/Proyectos/pdandroid/android/app/.cxx/Debug/5t1f1ol3/x86_64/CMakeFiles/CMakeTmp

Run Build Command(s):/Users/miguel_garcia/Library/Android/sdk/cmake/3.22.1/bin/ninja cmTC_2b209 && [1/2] Building CXX object CMakeFiles/cmTC_2b209.dir/CMakeCXXCompilerABI.cpp.o
Android (8490178, based on r450784d) clang version 14.0.6 (https://android.googlesource.com/toolchain/llvm-project 4c603efb0cca074e9238af8b4106c30add4418f6)
Target: x86_64-none-linux-android21
Thread model: posix
InstalledDir: /Users/miguel_garcia/Library/Android/sdk/ndk/25.1.8937393/toolchains/llvm/prebuilt/darwin-x86_64/bin
 (in-process)
 "/Users/miguel_garcia/Library/Android/sdk/ndk/25.1.8937393/toolchains/llvm/prebuilt/darwin-x86_64/bin/clang++" -cc1 -triple x86_64-none-linux-android21 -emit-obj -mrelax-all --mrelax-relocations -disable-free -clear-ast-before-backend -disable-llvm-verifier -discard-value-names -main-file-name CMakeCXXCompilerABI.cpp -mrelocation-model pic -pic-level 2 -pic-is-pie -mframe-pointer=all -ffp-contract=on -fno-rounding-math -mconstructor-aliases -funwind-tables=2 -target-cpu x86-64 -target-feature +sse4.2 -target-feature +popcnt -target-feature +cx16 -tune-cpu generic -mllvm -treat-scalable-fixed-error-as-warning -debug-info-kind=constructor -dwarf-version=4 -debugger-tuning=gdb -target-linker-version 14.0.6 -v -ffunction-sections -fdata-sections -fcoverage-compilation-dir=/Users/miguel_garcia/Documents/Proyectos/pdandroid/android/app/.cxx/Debug/5t1f1ol3/x86_64/CMakeFiles/CMakeTmp -resource-dir /Users/miguel_garcia/Library/Android/sdk/ndk/25.1.8937393/toolchains/llvm/prebuilt/darwin-x86_64/lib64/clang/14.0.6 -dependency-file CMakeFiles/cmTC_2b209.dir/CMakeCXXCompilerABI.cpp.o.d -MT CMakeFiles/cmTC_2b209.dir/CMakeCXXCompilerABI.cpp.o -sys-header-deps -D ANDROID -D _FORTIFY_SOURCE=2 -isysroot /Users/miguel_garcia/Library/Android/sdk/ndk/25.1.8937393/toolchains/llvm/prebuilt/darwin-x86_64/sysroot -internal-isystem /Users/miguel_garcia/Library/Android/sdk/ndk/25.1.8937393/toolchains/llvm/prebuilt/darwin-x86_64/sysroot/usr/include/c++/v1 -internal-isystem /Users/miguel_garcia/Library/Android/sdk/ndk/25.1.8937393/toolchains/llvm/prebuilt/darwin-x86_64/lib64/clang/14.0.6/include -internal-isystem /Users/miguel_garcia/Library/Android/sdk/ndk/25.1.8937393/toolchains/llvm/prebuilt/darwin-x86_64/sysroot/usr/local/include -internal-externc-isystem /Users/miguel_garcia/Library/Android/sdk/ndk/25.1.8937393/toolchains/llvm/prebuilt/darwin-x86_64/sysroot/usr/include/x86_64-linux-android -internal-externc-isystem /Users/miguel_garcia/Library/Android/sdk/ndk/25.1.8937393/toolchains/llvm/prebuilt/darwin-x86_64/sysroot/include -internal-externc-isystem /Users/miguel_garcia/Library/Android/sdk/ndk/25.1.8937393/toolchains/llvm/prebuilt/darwin-x86_64/sysroot/usr/include -Wformat -std=c++20 -fdeprecated-macro -fdebug-compilation-dir=/Users/miguel_garcia/Documents/Proyectos/pdandroid/android/app/.cxx/Debug/5t1f1ol3/x86_64/CMakeFiles/CMakeTmp -ferror-limit 19 -stack-protector 2 -fgnuc-version=4.2.1 -fno-implicit-modules -fcxx-exceptions -fexceptions -D__GCC_HAVE_DWARF2_CFI_ASM=1 -o CMakeFiles/cmTC_2b209.dir/CMakeCXXCompilerABI.cpp.o -x c++ /Users/miguel_garcia/Library/Android/sdk/cmake/3.22.1/share/cmake-3.22/Modules/CMakeCXXCompilerABI.cpp
clang -cc1 version 14.0.6 based upon LLVM 14.0.6git default target x86_64-apple-darwin25.4.0
ignoring nonexistent directory "/Users/miguel_garcia/Library/Android/sdk/ndk/25.1.8937393/toolchains/llvm/prebuilt/darwin-x86_64/sysroot/include"
#include "..." search starts here:
#include <...> search starts here:
 /Users/miguel_garcia/Library/Android/sdk/ndk/25.1.8937393/toolchains/llvm/prebuilt/darwin-x86_64/sysroot/usr/include/c++/v1
 /Users/miguel_garcia/Library/Android/sdk/ndk/25.1.8937393/toolchains/llvm/prebuilt/darwin-x86_64/lib64/clang/14.0.6/include
 /Users/miguel_garcia/Library/Android/sdk/ndk/25.1.8937393/toolchains/llvm/prebuilt/darwin-x86_64/sysroot/usr/local/include
 /Users/miguel_garcia/Library/Android/sdk/ndk/25.1.8937393/toolchains/llvm/prebuilt/darwin-x86_64/sysroot/usr/include/x86_64-linux-android
 /Users/miguel_garcia/Library/Android/sdk/ndk/25.1.8937393/toolchains/llvm/prebuilt/darwin-x86_64/sysroot/usr/include
End of search list.
[2/2] Linking CXX executable cmTC_2b209
Android (8490178, based on r450784d) clang version 14.0.6 (https://android.googlesource.com/toolchain/llvm-project 4c603efb0cca074e9238af8b4106c30add4418f6)
Target: x86_64-none-linux-android21
Thread model: posix
InstalledDir: /Users/miguel_garcia/Library/Android/sdk/ndk/25.1.8937393/toolchains/llvm/prebuilt/darwin-x86_64/bin
 "/Users/miguel_garcia/Library/Android/sdk/ndk/25.1.8937393/toolchains/llvm/prebuilt/darwin-x86_64/bin/ld" --sysroot=/Users/miguel_garcia/Library/Android/sdk/ndk/25.1.8937393/toolchains/llvm/prebuilt/darwin-x86_64/sysroot -pie --warn-shared-textrel -z now -z relro --hash-style=both --enable-new-dtags --eh-frame-hdr -m elf_x86_64 -dynamic-linker /system/bin/linker64 -o cmTC_2b209 /Users/miguel_garcia/Library/Android/sdk/ndk/25.1.8937393/toolchains/llvm/prebuilt/darwin-x86_64/sysroot/usr/lib/x86_64-linux-android/21/crtbegin_dynamic.o -L/Users/miguel_garcia/Library/Android/sdk/ndk/25.1.8937393/toolchains/llvm/prebuilt/darwin-x86_64/lib64/clang/14.0.6/lib/linux/x86_64 -L/Users/miguel_garcia/Library/Android/sdk/ndk/25.1.8937393/toolchains/llvm/prebuilt/darwin-x86_64/sysroot/usr/lib/x86_64-linux-android/21 -L/Users/miguel_garcia/Library/Android/sdk/ndk/25.1.8937393/toolchains/llvm/prebuilt/darwin-x86_64/sysroot/usr/lib/x86_64-linux-android -L/Users/miguel_garcia/Library/Android/sdk/ndk/25.1.8937393/toolchains/llvm/prebuilt/darwin-x86_64/sysroot/usr/lib --build-id=sha1 --no-rosegment --fatal-warnings --gc-sections --no-undefined --gc-sections CMakeFiles/cmTC_2b209.dir/CMakeCXXCompilerABI.cpp.o -lc++ -lm /Users/miguel_garcia/Library/Android/sdk/ndk/25.1.8937393/toolchains/llvm/prebuilt/darwin-x86_64/lib64/clang/14.0.6/lib/linux/libclang_rt.builtins-x86_64-android.a -l:libunwind.a -ldl -lc /Users/miguel_garcia/Library/Android/sdk/ndk/25.1.8937393/toolchains/llvm/prebuilt/darwin-x86_64/lib64/clang/14.0.6/lib/linux/libclang_rt.builtins-x86_64-android.a -l:libunwind.a -ldl /Users/miguel_garcia/Library/Android/sdk/ndk/25.1.8937393/toolchains/llvm/prebuilt/darwin-x86_64/sysroot/usr/lib/x86_64-linux-android/21/crtend_android.o



Parsed CXX implicit include dir info from above output: rv=done
  found start of include info
  found start of implicit include info
    add: [/Users/miguel_garcia/Library/Android/sdk/ndk/25.1.8937393/toolchains/llvm/prebuilt/darwin-x86_64/sysroot/usr/include/c++/v1]
    add: [/Users/miguel_garcia/Library/Android/sdk/ndk/25.1.8937393/toolchains/llvm/prebuilt/darwin-x86_64/lib64/clang/14.0.6/include]
    add: [/Users/miguel_garcia/Library/Android/sdk/ndk/25.1.8937393/toolchains/llvm/prebuilt/darwin-x86_64/sysroot/usr/local/include]
    add: [/Users/miguel_garcia/Library/Android/sdk/ndk/25.1.8937393/toolchains/llvm/prebuilt/darwin-x86_64/sysroot/usr/include/x86_64-linux-android]
    add: [/Users/miguel_garcia/Library/Android/sdk/ndk/25.1.8937393/toolchains/llvm/prebuilt/darwin-x86_64/sysroot/usr/include]
  end of search list found
  collapse include dir [/Users/miguel_garcia/Library/Android/sdk/ndk/25.1.8937393/toolchains/llvm/prebuilt/darwin-x86_64/sysroot/usr/include/c++/v1] ==> [/Users/miguel_garcia/Library/Android/sdk/ndk/25.1.8937393/toolchains/llvm/prebuilt/darwin-x86_64/sysroot/usr/include/c++/v1]
  collapse include dir [/Users/miguel_garcia/Library/Android/sdk/ndk/25.1.8937393/toolchains/llvm/prebuilt/darwin-x86_64/lib64/clang/14.0.6/include] ==> [/Users/miguel_garcia/Library/Android/sdk/ndk/25.1.8937393/toolchains/llvm/prebuilt/darwin-x86_64/lib64/clang/14.0.6/include]
  collapse include dir [/Users/miguel_garcia/Library/Android/sdk/ndk/25.1.8937393/toolchains/llvm/prebuilt/darwin-x86_64/sysroot/usr/local/include] ==> [/Users/miguel_garcia/Library/Android/sdk/ndk/25.1.8937393/toolchains/llvm/prebuilt/darwin-x86_64/sysroot/usr/local/include]
  collapse include dir [/Users/miguel_garcia/Library/Android/sdk/ndk/25.1.8937393/toolchains/llvm/prebuilt/darwin-x86_64/sysroot/usr/include/x86_64-linux-android] ==> [/Users/miguel_garcia/Library/Android/sdk/ndk/25.1.8937393/toolchains/llvm/prebuilt/darwin-x86_64/sysroot/usr/include/x86_64-linux-android]
  collapse include dir [/Users/miguel_garcia/Library/Android/sdk/ndk/25.1.8937393/toolchains/llvm/prebuilt/darwin-x86_64/sysroot/usr/include] ==> [/Users/miguel_garcia/Library/Android/sdk/ndk/25.1.8937393/toolchains/llvm/prebuilt/darwin-x86_64/sysroot/usr/include]
  implicit include dirs: [/Users/miguel_garcia/Library/Android/sdk/ndk/25.1.8937393/toolchains/llvm/prebuilt/darwin-x86_64/sysroot/usr/include/c++/v1;/Users/miguel_garcia/Library/Android/sdk/ndk/25.1.8937393/toolchains/llvm/prebuilt/darwin-x86_64/lib64/clang/14.0.6/include;/Users/miguel_garcia/Library/Android/sdk/ndk/25.1.8937393/toolchains/llvm/prebuilt/darwin-x86_64/sysroot/usr/local/include;/Users/miguel_garcia/Library/Android/sdk/ndk/25.1.8937393/toolchains/llvm/prebuilt/darwin-x86_64/sysroot/usr/include/x86_64-linux-android;/Users/miguel_garcia/Library/Android/sdk/ndk/25.1.8937393/toolchains/llvm/prebuilt/darwin-x86_64/sysroot/usr/include]


Parsed CXX implicit link information from above output:
  link line regex: [^( *|.*[/\])(ld\.lld|CMAKE_LINK_STARTFILE-NOTFOUND|([^/\]+-)?ld|collect2)[^/\]*( |$)]
  ignore line: [Change Dir: /Users/miguel_garcia/Documents/Proyectos/pdandroid/android/app/.cxx/Debug/5t1f1ol3/x86_64/CMakeFiles/CMakeTmp]
  ignore line: []
  ignore line: [Run Build Command(s):/Users/miguel_garcia/Library/Android/sdk/cmake/3.22.1/bin/ninja cmTC_2b209 && [1/2] Building CXX object CMakeFiles/cmTC_2b209.dir/CMakeCXXCompilerABI.cpp.o]
  ignore line: [Android (8490178  based on r450784d) clang version 14.0.6 (https://android.googlesource.com/toolchain/llvm-project 4c603efb0cca074e9238af8b4106c30add4418f6)]
  ignore line: [Target: x86_64-none-linux-android21]
  ignore line: [Thread model: posix]
  ignore line: [InstalledDir: /Users/miguel_garcia/Library/Android/sdk/ndk/25.1.8937393/toolchains/llvm/prebuilt/darwin-x86_64/bin]
  ignore line: [ (in-process)]
  ignore line: [ "/Users/miguel_garcia/Library/Android/sdk/ndk/25.1.8937393/toolchains/llvm/prebuilt/darwin-x86_64/bin/clang++" -cc1 -triple x86_64-none-linux-android21 -emit-obj -mrelax-all --mrelax-relocations -disable-free -clear-ast-before-backend -disable-llvm-verifier -discard-value-names -main-file-name CMakeCXXCompilerABI.cpp -mrelocation-model pic -pic-level 2 -pic-is-pie -mframe-pointer=all -ffp-contract=on -fno-rounding-math -mconstructor-aliases -funwind-tables=2 -target-cpu x86-64 -target-feature +sse4.2 -target-feature +popcnt -target-feature +cx16 -tune-cpu generic -mllvm -treat-scalable-fixed-error-as-warning -debug-info-kind=constructor -dwarf-version=4 -debugger-tuning=gdb -target-linker-version 14.0.6 -v -ffunction-sections -fdata-sections -fcoverage-compilation-dir=/Users/miguel_garcia/Documents/Proyectos/pdandroid/android/app/.cxx/Debug/5t1f1ol3/x86_64/CMakeFiles/CMakeTmp -resource-dir /Users/miguel_garcia/Library/Android/sdk/ndk/25.1.8937393/toolchains/llvm/prebuilt/darwin-x86_64/lib64/clang/14.0.6 -dependency-file CMakeFiles/cmTC_2b209.dir/CMakeCXXCompilerABI.cpp.o.d -MT CMakeFiles/cmTC_2b209.dir/CMakeCXXCompilerABI.cpp.o -sys-header-deps -D ANDROID -D _FORTIFY_SOURCE=2 -isysroot /Users/miguel_garcia/Library/Android/sdk/ndk/25.1.8937393/toolchains/llvm/prebuilt/darwin-x86_64/sysroot -internal-isystem /Users/miguel_garcia/Library/Android/sdk/ndk/25.1.8937393/toolchains/llvm/prebuilt/darwin-x86_64/sysroot/usr/include/c++/v1 -internal-isystem /Users/miguel_garcia/Library/Android/sdk/ndk/25.1.8937393/toolchains/llvm/prebuilt/darwin-x86_64/lib64/clang/14.0.6/include -internal-isystem /Users/miguel_garcia/Library/Android/sdk/ndk/25.1.8937393/toolchains/llvm/prebuilt/darwin-x86_64/sysroot/usr/local/include -internal-externc-isystem /Users/miguel_garcia/Library/Android/sdk/ndk/25.1.8937393/toolchains/llvm/prebuilt/darwin-x86_64/sysroot/usr/include/x86_64-linux-android -internal-externc-isystem /Users/miguel_garcia/Library/Android/sdk/ndk/25.1.8937393/toolchains/llvm/prebuilt/darwin-x86_64/sysroot/include -internal-externc-isystem /Users/miguel_garcia/Library/Android/sdk/ndk/25.1.8937393/toolchains/llvm/prebuilt/darwin-x86_64/sysroot/usr/include -Wformat -std=c++20 -fdeprecated-macro -fdebug-compilation-dir=/Users/miguel_garcia/Documents/Proyectos/pdandroid/android/app/.cxx/Debug/5t1f1ol3/x86_64/CMakeFiles/CMakeTmp -ferror-limit 19 -stack-protector 2 -fgnuc-version=4.2.1 -fno-implicit-modules -fcxx-exceptions -fexceptions -D__GCC_HAVE_DWARF2_CFI_ASM=1 -o CMakeFiles/cmTC_2b209.dir/CMakeCXXCompilerABI.cpp.o -x c++ /Users/miguel_garcia/Library/Android/sdk/cmake/3.22.1/share/cmake-3.22/Modules/CMakeCXXCompilerABI.cpp]
  ignore line: [clang -cc1 version 14.0.6 based upon LLVM 14.0.6git default target x86_64-apple-darwin25.4.0]
  ignore line: [ignoring nonexistent directory "/Users/miguel_garcia/Library/Android/sdk/ndk/25.1.8937393/toolchains/llvm/prebuilt/darwin-x86_64/sysroot/include"]
  ignore line: [#include "..." search starts here:]
  ignore line: [#include <...> search starts here:]
  ignore line: [ /Users/miguel_garcia/Library/Android/sdk/ndk/25.1.8937393/toolchains/llvm/prebuilt/darwin-x86_64/sysroot/usr/include/c++/v1]
  ignore line: [ /Users/miguel_garcia/Library/Android/sdk/ndk/25.1.8937393/toolchains/llvm/prebuilt/darwin-x86_64/lib64/clang/14.0.6/include]
  ignore line: [ /Users/miguel_garcia/Library/Android/sdk/ndk/25.1.8937393/toolchains/llvm/prebuilt/darwin-x86_64/sysroot/usr/local/include]
  ignore line: [ /Users/miguel_garcia/Library/Android/sdk/ndk/25.1.8937393/toolchains/llvm/prebuilt/darwin-x86_64/sysroot/usr/include/x86_64-linux-android]
  ignore line: [ /Users/miguel_garcia/Library/Android/sdk/ndk/25.1.8937393/toolchains/llvm/prebuilt/darwin-x86_64/sysroot/usr/include]
  ignore line: [End of search list.]
  ignore line: [[2/2] Linking CXX executable cmTC_2b209]
  ignore line: [Android (8490178  based on r450784d) clang version 14.0.6 (https://android.googlesource.com/toolchain/llvm-project 4c603efb0cca074e9238af8b4106c30add4418f6)]
  ignore line: [Target: x86_64-none-linux-android21]
  ignore line: [Thread model: posix]
  ignore line: [InstalledDir: /Users/miguel_garcia/Library/Android/sdk/ndk/25.1.8937393/toolchains/llvm/prebuilt/darwin-x86_64/bin]
  link line: [ "/Users/miguel_garcia/Library/Android/sdk/ndk/25.1.8937393/toolchains/llvm/prebuilt/darwin-x86_64/bin/ld" --sysroot=/Users/miguel_garcia/Library/Android/sdk/ndk/25.1.8937393/toolchains/llvm/prebuilt/darwin-x86_64/sysroot -pie --warn-shared-textrel -z now -z relro --hash-style=both --enable-new-dtags --eh-frame-hdr -m elf_x86_64 -dynamic-linker /system/bin/linker64 -o cmTC_2b209 /Users/miguel_garcia/Library/Android/sdk/ndk/25.1.8937393/toolchains/llvm/prebuilt/darwin-x86_64/sysroot/usr/lib/x86_64-linux-android/21/crtbegin_dynamic.o -L/Users/miguel_garcia/Library/Android/sdk/ndk/25.1.8937393/toolchains/llvm/prebuilt/darwin-x86_64/lib64/clang/14.0.6/lib/linux/x86_64 -L/Users/miguel_garcia/Library/Android/sdk/ndk/25.1.8937393/toolchains/llvm/prebuilt/darwin-x86_64/sysroot/usr/lib/x86_64-linux-android/21 -L/Users/miguel_garcia/Library/Android/sdk/ndk/25.1.8937393/toolchains/llvm/prebuilt/darwin-x86_64/sysroot/usr/lib/x86_64-linux-android -L/Users/miguel_garcia/Library/Android/sdk/ndk/25.1.8937393/toolchains/llvm/prebuilt/darwin-x86_64/sysroot/usr/lib --build-id=sha1 --no-rosegment --fatal-warnings --gc-sections --no-undefined --gc-sections CMakeFiles/cmTC_2b209.dir/CMakeCXXCompilerABI.cpp.o -lc++ -lm /Users/miguel_garcia/Library/Android/sdk/ndk/25.1.8937393/toolchains/llvm/prebuilt/darwin-x86_64/lib64/clang/14.0.6/lib/linux/libclang_rt.builtins-x86_64-android.a -l:libunwind.a -ldl -lc /Users/miguel_garcia/Library/Android/sdk/ndk/25.1.8937393/toolchains/llvm/prebuilt/darwin-x86_64/lib64/clang/14.0.6/lib/linux/libclang_rt.builtins-x86_64-android.a -l:libunwind.a -ldl /Users/miguel_garcia/Library/Android/sdk/ndk/25.1.8937393/toolchains/llvm/prebuilt/darwin-x86_64/sysroot/usr/lib/x86_64-linux-android/21/crtend_android.o]
    arg [/Users/miguel_garcia/Library/Android/sdk/ndk/25.1.8937393/toolchains/llvm/prebuilt/darwin-x86_64/bin/ld] ==> ignore
    arg [--sysroot=/Users/miguel_garcia/Library/Android/sdk/ndk/25.1.8937393/toolchains/llvm/prebuilt/darwin-x86_64/sysroot] ==> ignore
    arg [-pie] ==> ignore
    arg [--warn-shared-textrel] ==> ignore
    arg [-znow] ==> ignore
    arg [-zrelro] ==> ignore
    arg [--hash-style=both] ==> ignore
    arg [--enable-new-dtags] ==> ignore
    arg [--eh-frame-hdr] ==> ignore
    arg [-m] ==> ignore
    arg [elf_x86_64] ==> ignore
    arg [-dynamic-linker] ==> ignore
    arg [/system/bin/linker64] ==> ignore
    arg [-o] ==> ignore
    arg [cmTC_2b209] ==> ignore
    arg [/Users/miguel_garcia/Library/Android/sdk/ndk/25.1.8937393/toolchains/llvm/prebuilt/darwin-x86_64/sysroot/usr/lib/x86_64-linux-android/21/crtbegin_dynamic.o] ==> obj [/Users/miguel_garcia/Library/Android/sdk/ndk/25.1.8937393/toolchains/llvm/prebuilt/darwin-x86_64/sysroot/usr/lib/x86_64-linux-android/21/crtbegin_dynamic.o]
    arg [-L/Users/miguel_garcia/Library/Android/sdk/ndk/25.1.8937393/toolchains/llvm/prebuilt/darwin-x86_64/lib64/clang/14.0.6/lib/linux/x86_64] ==> dir [/Users/miguel_garcia/Library/Android/sdk/ndk/25.1.8937393/toolchains/llvm/prebuilt/darwin-x86_64/lib64/clang/14.0.6/lib/linux/x86_64]
    arg [-L/Users/miguel_garcia/Library/Android/sdk/ndk/25.1.8937393/toolchains/llvm/prebuilt/darwin-x86_64/sysroot/usr/lib/x86_64-linux-android/21] ==> dir [/Users/miguel_garcia/Library/Android/sdk/ndk/25.1.8937393/toolchains/llvm/prebuilt/darwin-x86_64/sysroot/usr/lib/x86_64-linux-android/21]
    arg [-L/Users/miguel_garcia/Library/Android/sdk/ndk/25.1.8937393/toolchains/llvm/prebuilt/darwin-x86_64/sysroot/usr/lib/x86_64-linux-android] ==> dir [/Users/miguel_garcia/Library/Android/sdk/ndk/25.1.8937393/toolchains/llvm/prebuilt/darwin-x86_64/sysroot/usr/lib/x86_64-linux-android]
    arg [-L/Users/miguel_garcia/Library/Android/sdk/ndk/25.1.8937393/toolchains/llvm/prebuilt/darwin-x86_64/sysroot/usr/lib] ==> dir [/Users/miguel_garcia/Library/Android/sdk/ndk/25.1.8937393/toolchains/llvm/prebuilt/darwin-x86_64/sysroot/usr/lib]
    arg [--build-id=sha1] ==> ignore
    arg [--no-rosegment] ==> ignore
    arg [--fatal-warnings] ==> ignore
    arg [--gc-sections] ==> ignore
    arg [--no-undefined] ==> ignore
    arg [--gc-sections] ==> ignore
    arg [CMakeFiles/cmTC_2b209.dir/CMakeCXXCompilerABI.cpp.o] ==> ignore
    arg [-lc++] ==> lib [c++]
    arg [-lm] ==> lib [m]
    arg [/Users/miguel_garcia/Library/Android/sdk/ndk/25.1.8937393/toolchains/llvm/prebuilt/darwin-x86_64/lib64/clang/14.0.6/lib/linux/libclang_rt.builtins-x86_64-android.a] ==> lib [/Users/miguel_garcia/Library/Android/sdk/ndk/25.1.8937393/toolchains/llvm/prebuilt/darwin-x86_64/lib64/clang/14.0.6/lib/linux/libclang_rt.builtins-x86_64-android.a]
    arg [-l:libunwind.a] ==> lib [-l:libunwind.a]
    arg [-ldl] ==> lib [dl]
    arg [-lc] ==> lib [c]
    arg [/Users/miguel_garcia/Library/Android/sdk/ndk/25.1.8937393/toolchains/llvm/prebuilt/darwin-x86_64/lib64/clang/14.0.6/lib/linux/libclang_rt.builtins-x86_64-android.a] ==> lib [/Users/miguel_garcia/Library/Android/sdk/ndk/25.1.8937393/toolchains/llvm/prebuilt/darwin-x86_64/lib64/clang/14.0.6/lib/linux/libclang_rt.builtins-x86_64-android.a]
    arg [-l:libunwind.a] ==> lib [-l:libunwind.a]
    arg [-ldl] ==> lib [dl]
    arg [/Users/miguel_garcia/Library/Android/sdk/ndk/25.1.8937393/toolchains/llvm/prebuilt/darwin-x86_64/sysroot/usr/lib/x86_64-linux-android/21/crtend_android.o] ==> obj [/Users/miguel_garcia/Library/Android/sdk/ndk/25.1.8937393/toolchains/llvm/prebuilt/darwin-x86_64/sysroot/usr/lib/x86_64-linux-android/21/crtend_android.o]
  remove lib [/Users/miguel_garcia/Library/Android/sdk/ndk/25.1.8937393/toolchains/llvm/prebuilt/darwin-x86_64/lib64/clang/14.0.6/lib/linux/libclang_rt.builtins-x86_64-android.a]
  remove lib [/Users/miguel_garcia/Library/Android/sdk/ndk/25.1.8937393/toolchains/llvm/prebuilt/darwin-x86_64/lib64/clang/14.0.6/lib/linux/libclang_rt.builtins-x86_64-android.a]
  collapse library dir [/Users/miguel_garcia/Library/Android/sdk/ndk/25.1.8937393/toolchains/llvm/prebuilt/darwin-x86_64/lib64/clang/14.0.6/lib/linux/x86_64] ==> [/Users/miguel_garcia/Library/Android/sdk/ndk/25.1.8937393/toolchains/llvm/prebuilt/darwin-x86_64/lib64/clang/14.0.6/lib/linux/x86_64]
  collapse library dir [/Users/miguel_garcia/Library/Android/sdk/ndk/25.1.8937393/toolchains/llvm/prebuilt/darwin-x86_64/sysroot/usr/lib/x86_64-linux-android/21] ==> [/Users/miguel_garcia/Library/Android/sdk/ndk/25.1.8937393/toolchains/llvm/prebuilt/darwin-x86_64/sysroot/usr/lib/x86_64-linux-android/21]
  collapse library dir [/Users/miguel_garcia/Library/Android/sdk/ndk/25.1.8937393/toolchains/llvm/prebuilt/darwin-x86_64/sysroot/usr/lib/x86_64-linux-android] ==> [/Users/miguel_garcia/Library/Android/sdk/ndk/25.1.8937393/toolchains/llvm/prebuilt/darwin-x86_64/sysroot/usr/lib/x86_64-linux-android]
  collapse library dir [/Users/miguel_garcia/Library/Android/sdk/ndk/25.1.8937393/toolchains/llvm/prebuilt/darwin-x86_64/sysroot/usr/lib] ==> [/Users/miguel_garcia/Library/Android/sdk/ndk/25.1.8937393/toolchains/llvm/prebuilt/darwin-x86_64/sysroot/usr/lib]
  implicit libs: [c++;m;-l:libunwind.a;dl;c;-l:libunwind.a;dl]
  implicit objs: [/Users/miguel_garcia/Library/Android/sdk/ndk/25.1.8937393/toolchains/llvm/prebuilt/darwin-x86_64/sysroot/usr/lib/x86_64-linux-android/21/crtbegin_dynamic.o;/Users/miguel_garcia/Library/Android/sdk/ndk/25.1.8937393/toolchains/llvm/prebuilt/darwin-x86_64/sysroot/usr/lib/x86_64-linux-android/21/crtend_android.o]
  implicit dirs: [/Users/miguel_garcia/Library/Android/sdk/ndk/25.1.8937393/toolchains/llvm/prebuilt/darwin-x86_64/lib64/clang/14.0.6/lib/linux/x86_64;/Users/miguel_garcia/Library/Android/sdk/ndk/25.1.8937393/toolchains/llvm/prebuilt/darwin-x86_64/sysroot/usr/lib/x86_64-linux-android/21;/Users/miguel_garcia/Library/Android/sdk/ndk/25.1.8937393/toolchains/llvm/prebuilt/darwin-x86_64/sysroot/usr/lib/x86_64-linux-android;/Users/miguel_garcia/Library/Android/sdk/ndk/25.1.8937393/toolchains/llvm/prebuilt/darwin-x86_64/sysroot/usr/lib]
  implicit fwks: []


Determining if the include file pthread.h exists passed with the following output:
Change Dir: /Users/miguel_garcia/Documents/Proyectos/pdandroid/android/app/.cxx/Debug/5t1f1ol3/x86_64/CMakeFiles/CMakeTmp

Run Build Command(s):/Users/miguel_garcia/Library/Android/sdk/cmake/3.22.1/bin/ninja cmTC_d23f7 && [1/2] Building C object CMakeFiles/cmTC_d23f7.dir/CheckIncludeFile.c.o
[2/2] Linking C executable cmTC_d23f7



Performing C SOURCE FILE Test CHECK_CPU_ARCHITECTURE_X64 succeeded with the following output:
Change Dir: /Users/miguel_garcia/Documents/Proyectos/pdandroid/android/app/.cxx/Debug/5t1f1ol3/x86_64/CMakeFiles/CMakeTmp

Run Build Command(s):/Users/miguel_garcia/Library/Android/sdk/cmake/3.22.1/bin/ninja cmTC_ca6f6 && [1/2] Building C object CMakeFiles/cmTC_ca6f6.dir/src.c.o
[2/2] Linking C executable cmTC_ca6f6


Source file was:

int main(int argc, char *argv[]) {
#if (defined(__amd64__) || defined(__amd64) || defined(__x86_64__) || defined(__x86_64) || defined(_M_X64) || defined(_M_AMD64)) && !defined(_M_ARM64EC)
  return 0;
#else
  choke
#endif
}

Performing C SOURCE FILE Test HAVE_GCC_WALL succeeded with the following output:
Change Dir: /Users/miguel_garcia/Documents/Proyectos/pdandroid/android/app/.cxx/Debug/5t1f1ol3/x86_64/CMakeFiles/CMakeTmp

Run Build Command(s):/Users/miguel_garcia/Library/Android/sdk/cmake/3.22.1/bin/ninja cmTC_fbf45 && [1/2] Building C object CMakeFiles/cmTC_fbf45.dir/src.c.o
[2/2] Linking C executable cmTC_fbf45


Source file was:
int main(void) { return 0; }
Performing C SOURCE FILE Test HAVE_GCC_WUNDEF succeeded with the following output:
Change Dir: /Users/miguel_garcia/Documents/Proyectos/pdandroid/android/app/.cxx/Debug/5t1f1ol3/x86_64/CMakeFiles/CMakeTmp

Run Build Command(s):/Users/miguel_garcia/Library/Android/sdk/cmake/3.22.1/bin/ninja cmTC_da0c2 && [1/2] Building C object CMakeFiles/cmTC_da0c2.dir/src.c.o
[2/2] Linking C executable cmTC_da0c2


Source file was:
int main(void) { return 0; }
Performing C SOURCE FILE Test HAVE_GCC_NO_STRICT_ALIASING succeeded with the following output:
Change Dir: /Users/miguel_garcia/Documents/Proyectos/pdandroid/android/app/.cxx/Debug/5t1f1ol3/x86_64/CMakeFiles/CMakeTmp

Run Build Command(s):/Users/miguel_garcia/Library/Android/sdk/cmake/3.22.1/bin/ninja cmTC_b7bf0 && [1/2] Building C object CMakeFiles/cmTC_b7bf0.dir/src.c.o
[2/2] Linking C executable cmTC_b7bf0


Source file was:
int main(void) { return 0; }
Performing C SOURCE FILE Test HAVE_GCC_WDOCUMENTATION succeeded with the following output:
Change Dir: /Users/miguel_garcia/Documents/Proyectos/pdandroid/android/app/.cxx/Debug/5t1f1ol3/x86_64/CMakeFiles/CMakeTmp

Run Build Command(s):/Users/miguel_garcia/Library/Android/sdk/cmake/3.22.1/bin/ninja cmTC_91374 && [1/2] Building C object CMakeFiles/cmTC_91374.dir/src.c.o
[2/2] Linking C executable cmTC_91374


Source file was:
int main(void) { return 0; }
Performing C SOURCE FILE Test HAVE_GCC_WDOCUMENTATION_UNKNOWN_COMMAND succeeded with the following output:
Change Dir: /Users/miguel_garcia/Documents/Proyectos/pdandroid/android/app/.cxx/Debug/5t1f1ol3/x86_64/CMakeFiles/CMakeTmp

Run Build Command(s):/Users/miguel_garcia/Library/Android/sdk/cmake/3.22.1/bin/ninja cmTC_64667 && [1/2] Building C object CMakeFiles/cmTC_64667.dir/src.c.o
[2/2] Linking C executable cmTC_64667


Source file was:
int main(void) { return 0; }
Performing C SOURCE FILE Test HAVE_GCC_COMMENT_BLOCK_COMMANDS succeeded with the following output:
Change Dir: /Users/miguel_garcia/Documents/Proyectos/pdandroid/android/app/.cxx/Debug/5t1f1ol3/x86_64/CMakeFiles/CMakeTmp

Run Build Command(s):/Users/miguel_garcia/Library/Android/sdk/cmake/3.22.1/bin/ninja cmTC_44dc8 && [1/2] Building C object CMakeFiles/cmTC_44dc8.dir/src.c.o
[2/2] Linking C executable cmTC_44dc8


Source file was:
int main(void) { return 0; }
Performing C SOURCE FILE Test HAVE_GCC_WDECLARATION_AFTER_STATEMENT succeeded with the following output:
Change Dir: /Users/miguel_garcia/Documents/Proyectos/pdandroid/android/app/.cxx/Debug/5t1f1ol3/x86_64/CMakeFiles/CMakeTmp

Run Build Command(s):/Users/miguel_garcia/Library/Android/sdk/cmake/3.22.1/bin/ninja cmTC_55dc8 && [1/2] Building C object CMakeFiles/cmTC_55dc8.dir/src.c.o
[2/2] Linking C executable cmTC_55dc8


Source file was:
int main(void) { return 0; }
Performing C SOURCE FILE Test HAVE_GCC_ATOMICS succeeded with the following output:
Change Dir: /Users/miguel_garcia/Documents/Proyectos/pdandroid/android/app/.cxx/Debug/5t1f1ol3/x86_64/CMakeFiles/CMakeTmp

Run Build Command(s):/Users/miguel_garcia/Library/Android/sdk/cmake/3.22.1/bin/ninja cmTC_9ecf5 && [1/2] Building C object CMakeFiles/cmTC_9ecf5.dir/src.c.o
[2/2] Linking C executable cmTC_9ecf5


Source file was:
int main(int argc, char **argv) {
        int a;
        void *x, *y, *z;
        __sync_lock_test_and_set(&a, 4);
        __sync_lock_test_and_set(&x, y);
        __sync_fetch_and_add(&a, 1);
        __sync_bool_compare_and_swap(&a, 5, 10);
        __sync_bool_compare_and_swap(&x, y, z);
        return 0; }
Performing C SOURCE FILE Test HAVE_GCC_FVISIBILITY succeeded with the following output:
Change Dir: /Users/miguel_garcia/Documents/Proyectos/pdandroid/android/app/.cxx/Debug/5t1f1ol3/x86_64/CMakeFiles/CMakeTmp

Run Build Command(s):/Users/miguel_garcia/Library/Android/sdk/cmake/3.22.1/bin/ninja cmTC_a95d5 && [1/2] Building C object CMakeFiles/cmTC_a95d5.dir/src.c.o
[2/2] Linking C executable cmTC_a95d5


Source file was:

      #if !defined(__GNUC__) || __GNUC__ < 4
      #error SDL only uses visibility attributes in GCC 4 or newer
      #endif
      int main(int argc, char **argv) { return 0; }
Performing C SOURCE FILE Test HAVE_GCC_WSHADOW succeeded with the following output:
Change Dir: /Users/miguel_garcia/Documents/Proyectos/pdandroid/android/app/.cxx/Debug/5t1f1ol3/x86_64/CMakeFiles/CMakeTmp

Run Build Command(s):/Users/miguel_garcia/Library/Android/sdk/cmake/3.22.1/bin/ninja cmTC_c0d06 && [1/2] Building C object CMakeFiles/cmTC_c0d06.dir/src.c.o
[2/2] Linking C executable cmTC_c0d06


Source file was:
int main(void) { return 0; }
Performing C SOURCE FILE Test HAVE_GCC_WUNUSED_LOCAL_TYPEDEFS succeeded with the following output:
Change Dir: /Users/miguel_garcia/Documents/Proyectos/pdandroid/android/app/.cxx/Debug/5t1f1ol3/x86_64/CMakeFiles/CMakeTmp

Run Build Command(s):/Users/miguel_garcia/Library/Android/sdk/cmake/3.22.1/bin/ninja cmTC_fd2cc && [1/2] Building C object CMakeFiles/cmTC_fd2cc.dir/src.c.o
[2/2] Linking C executable cmTC_fd2cc


Source file was:
int main(void) { return 0; }
Performing C SOURCE FILE Test HAVE_NO_UNDEFINED succeeded with the following output:
Change Dir: /Users/miguel_garcia/Documents/Proyectos/pdandroid/android/app/.cxx/Debug/5t1f1ol3/x86_64/CMakeFiles/CMakeTmp

Run Build Command(s):/Users/miguel_garcia/Library/Android/sdk/cmake/3.22.1/bin/ninja cmTC_c0504 && [1/2] Building C object CMakeFiles/cmTC_c0504.dir/src.c.o
clang: warning: -Wl,--no-undefined: 'linker' input unused [-Wunused-command-line-argument]
[2/2] Linking C executable cmTC_c0504


Source file was:
int main(void) { return 0; }
Performing C SOURCE FILE Test HAVE_MMX succeeded with the following output:
Change Dir: /Users/miguel_garcia/Documents/Proyectos/pdandroid/android/app/.cxx/Debug/5t1f1ol3/x86_64/CMakeFiles/CMakeTmp

Run Build Command(s):/Users/miguel_garcia/Library/Android/sdk/cmake/3.22.1/bin/ninja cmTC_1cd16 && [1/2] Building C object CMakeFiles/cmTC_1cd16.dir/src.c.o
[2/2] Linking C executable cmTC_1cd16


Source file was:

          #ifdef __MINGW32__
          #include <_mingw.h>
          #ifdef __MINGW64_VERSION_MAJOR
          #include <intrin.h>
          #else
          #include <mmintrin.h>
          #endif
          #else
          #include <mmintrin.h>
          #endif
          #ifndef __MMX__
          #error Assembler CPP flag not enabled
          #endif
          int main(int argc, char **argv) { return 0; }
Performing C SOURCE FILE Test HAVE_SSE succeeded with the following output:
Change Dir: /Users/miguel_garcia/Documents/Proyectos/pdandroid/android/app/.cxx/Debug/5t1f1ol3/x86_64/CMakeFiles/CMakeTmp

Run Build Command(s):/Users/miguel_garcia/Library/Android/sdk/cmake/3.22.1/bin/ninja cmTC_a918f && [1/2] Building C object CMakeFiles/cmTC_a918f.dir/src.c.o
[2/2] Linking C executable cmTC_a918f


Source file was:

          #ifdef __MINGW32__
          #include <_mingw.h>
          #ifdef __MINGW64_VERSION_MAJOR
          #include <intrin.h>
          #else
          #include <xmmintrin.h>
          #endif
          #else
          #include <xmmintrin.h>
          #endif
          #ifndef __SSE__
          #error Assembler CPP flag not enabled
          #endif
          int main(int argc, char **argv) { return 0; }
Performing C SOURCE FILE Test CPU_SUPPORTS_SSE2 succeeded with the following output:
Change Dir: /Users/miguel_garcia/Documents/Proyectos/pdandroid/android/app/.cxx/Debug/5t1f1ol3/x86_64/CMakeFiles/CMakeTmp

Run Build Command(s):/Users/miguel_garcia/Library/Android/sdk/cmake/3.22.1/bin/ninja cmTC_2406f && [1/2] Building C object CMakeFiles/cmTC_2406f.dir/src.c.o
[2/2] Linking C executable cmTC_2406f


Source file was:

          #ifdef __MINGW32__
          #include <_mingw.h>
          #ifdef __MINGW64_VERSION_MAJOR
          #include <intrin.h>
          #else
          #include <emmintrin.h>
          #endif
          #else
          #include <emmintrin.h>
          #endif
          #ifndef __SSE2__
          #error Assembler CPP flag not enabled
          #endif
          int main(int argc, char **argv) { return 0; }
Performing C SOURCE FILE Test CPU_SUPPORTS_SSE3 succeeded with the following output:
Change Dir: /Users/miguel_garcia/Documents/Proyectos/pdandroid/android/app/.cxx/Debug/5t1f1ol3/x86_64/CMakeFiles/CMakeTmp

Run Build Command(s):/Users/miguel_garcia/Library/Android/sdk/cmake/3.22.1/bin/ninja cmTC_2f0cf && [1/2] Building C object CMakeFiles/cmTC_2f0cf.dir/src.c.o
[2/2] Linking C executable cmTC_2f0cf


Source file was:

          #ifdef __MINGW32__
          #include <_mingw.h>
          #ifdef __MINGW64_VERSION_MAJOR
          #include <intrin.h>
          #else
          #include <pmmintrin.h>
          #endif
          #else
          #include <pmmintrin.h>
          #endif
          #ifndef __SSE3__
          #error Assembler CPP flag not enabled
          #endif
          int main(int argc, char **argv) { return 0; }
Determining if the include file immintrin.h exists passed with the following output:
Change Dir: /Users/miguel_garcia/Documents/Proyectos/pdandroid/android/app/.cxx/Debug/5t1f1ol3/x86_64/CMakeFiles/CMakeTmp

Run Build Command(s):/Users/miguel_garcia/Library/Android/sdk/cmake/3.22.1/bin/ninja cmTC_044b4 && [1/2] Building C object CMakeFiles/cmTC_044b4.dir/CheckIncludeFile.c.o
[2/2] Linking C executable cmTC_044b4



Determining if the include file ctype.h exists passed with the following output:
Change Dir: /Users/miguel_garcia/Documents/Proyectos/pdandroid/android/app/.cxx/Debug/5t1f1ol3/x86_64/CMakeFiles/CMakeTmp

Run Build Command(s):/Users/miguel_garcia/Library/Android/sdk/cmake/3.22.1/bin/ninja cmTC_b3b4c && [1/2] Building C object CMakeFiles/cmTC_b3b4c.dir/CheckIncludeFile.c.o
[2/2] Linking C executable cmTC_b3b4c



Determining if the include file float.h exists passed with the following output:
Change Dir: /Users/miguel_garcia/Documents/Proyectos/pdandroid/android/app/.cxx/Debug/5t1f1ol3/x86_64/CMakeFiles/CMakeTmp

Run Build Command(s):/Users/miguel_garcia/Library/Android/sdk/cmake/3.22.1/bin/ninja cmTC_4f8cb && [1/2] Building C object CMakeFiles/cmTC_4f8cb.dir/CheckIncludeFile.c.o
[2/2] Linking C executable cmTC_4f8cb



Determining if the include file iconv.h exists passed with the following output:
Change Dir: /Users/miguel_garcia/Documents/Proyectos/pdandroid/android/app/.cxx/Debug/5t1f1ol3/x86_64/CMakeFiles/CMakeTmp

Run Build Command(s):/Users/miguel_garcia/Library/Android/sdk/cmake/3.22.1/bin/ninja cmTC_f02a5 && [1/2] Building C object CMakeFiles/cmTC_f02a5.dir/CheckIncludeFile.c.o
[2/2] Linking C executable cmTC_f02a5



Determining if the include file inttypes.h exists passed with the following output:
Change Dir: /Users/miguel_garcia/Documents/Proyectos/pdandroid/android/app/.cxx/Debug/5t1f1ol3/x86_64/CMakeFiles/CMakeTmp

Run Build Command(s):/Users/miguel_garcia/Library/Android/sdk/cmake/3.22.1/bin/ninja cmTC_720cb && [1/2] Building C object CMakeFiles/cmTC_720cb.dir/CheckIncludeFile.c.o
[2/2] Linking C executable cmTC_720cb



Determining if the include file limits.h exists passed with the following output:
Change Dir: /Users/miguel_garcia/Documents/Proyectos/pdandroid/android/app/.cxx/Debug/5t1f1ol3/x86_64/CMakeFiles/CMakeTmp

Run Build Command(s):/Users/miguel_garcia/Library/Android/sdk/cmake/3.22.1/bin/ninja cmTC_878ad && [1/2] Building C object CMakeFiles/cmTC_878ad.dir/CheckIncludeFile.c.o
[2/2] Linking C executable cmTC_878ad



Determining if the include file malloc.h exists passed with the following output:
Change Dir: /Users/miguel_garcia/Documents/Proyectos/pdandroid/android/app/.cxx/Debug/5t1f1ol3/x86_64/CMakeFiles/CMakeTmp

Run Build Command(s):/Users/miguel_garcia/Library/Android/sdk/cmake/3.22.1/bin/ninja cmTC_70d10 && [1/2] Building C object CMakeFiles/cmTC_70d10.dir/CheckIncludeFile.c.o
[2/2] Linking C executable cmTC_70d10



Determining if the include file math.h exists passed with the following output:
Change Dir: /Users/miguel_garcia/Documents/Proyectos/pdandroid/android/app/.cxx/Debug/5t1f1ol3/x86_64/CMakeFiles/CMakeTmp

Run Build Command(s):/Users/miguel_garcia/Library/Android/sdk/cmake/3.22.1/bin/ninja cmTC_28c85 && [1/2] Building C object CMakeFiles/cmTC_28c85.dir/CheckIncludeFile.c.o
[2/2] Linking C executable cmTC_28c85



Determining if the include file memory.h exists passed with the following output:
Change Dir: /Users/miguel_garcia/Documents/Proyectos/pdandroid/android/app/.cxx/Debug/5t1f1ol3/x86_64/CMakeFiles/CMakeTmp

Run Build Command(s):/Users/miguel_garcia/Library/Android/sdk/cmake/3.22.1/bin/ninja cmTC_20d0b && [1/2] Building C object CMakeFiles/cmTC_20d0b.dir/CheckIncludeFile.c.o
[2/2] Linking C executable cmTC_20d0b



Determining if the include file signal.h exists passed with the following output:
Change Dir: /Users/miguel_garcia/Documents/Proyectos/pdandroid/android/app/.cxx/Debug/5t1f1ol3/x86_64/CMakeFiles/CMakeTmp

Run Build Command(s):/Users/miguel_garcia/Library/Android/sdk/cmake/3.22.1/bin/ninja cmTC_1d91a && [1/2] Building C object CMakeFiles/cmTC_1d91a.dir/CheckIncludeFile.c.o
[2/2] Linking C executable cmTC_1d91a



Determining if the include file stdarg.h exists passed with the following output:
Change Dir: /Users/miguel_garcia/Documents/Proyectos/pdandroid/android/app/.cxx/Debug/5t1f1ol3/x86_64/CMakeFiles/CMakeTmp

Run Build Command(s):/Users/miguel_garcia/Library/Android/sdk/cmake/3.22.1/bin/ninja cmTC_b135d && [1/2] Building C object CMakeFiles/cmTC_b135d.dir/CheckIncludeFile.c.o
[2/2] Linking C executable cmTC_b135d



Determining if the include file stddef.h exists passed with the following output:
Change Dir: /Users/miguel_garcia/Documents/Proyectos/pdandroid/android/app/.cxx/Debug/5t1f1ol3/x86_64/CMakeFiles/CMakeTmp

Run Build Command(s):/Users/miguel_garcia/Library/Android/sdk/cmake/3.22.1/bin/ninja cmTC_005e2 && [1/2] Building C object CMakeFiles/cmTC_005e2.dir/CheckIncludeFile.c.o
[2/2] Linking C executable cmTC_005e2



Determining if the include file stdint.h exists passed with the following output:
Change Dir: /Users/miguel_garcia/Documents/Proyectos/pdandroid/android/app/.cxx/Debug/5t1f1ol3/x86_64/CMakeFiles/CMakeTmp

Run Build Command(s):/Users/miguel_garcia/Library/Android/sdk/cmake/3.22.1/bin/ninja cmTC_7871e && [1/2] Building C object CMakeFiles/cmTC_7871e.dir/CheckIncludeFile.c.o
[2/2] Linking C executable cmTC_7871e



Determining if the include file stdio.h exists passed with the following output:
Change Dir: /Users/miguel_garcia/Documents/Proyectos/pdandroid/android/app/.cxx/Debug/5t1f1ol3/x86_64/CMakeFiles/CMakeTmp

Run Build Command(s):/Users/miguel_garcia/Library/Android/sdk/cmake/3.22.1/bin/ninja cmTC_3ffd4 && [1/2] Building C object CMakeFiles/cmTC_3ffd4.dir/CheckIncludeFile.c.o
[2/2] Linking C executable cmTC_3ffd4



Determining if the include file stdlib.h exists passed with the following output:
Change Dir: /Users/miguel_garcia/Documents/Proyectos/pdandroid/android/app/.cxx/Debug/5t1f1ol3/x86_64/CMakeFiles/CMakeTmp

Run Build Command(s):/Users/miguel_garcia/Library/Android/sdk/cmake/3.22.1/bin/ninja cmTC_320b2 && [1/2] Building C object CMakeFiles/cmTC_320b2.dir/CheckIncludeFile.c.o
[2/2] Linking C executable cmTC_320b2



Determining if the include file string.h exists passed with the following output:
Change Dir: /Users/miguel_garcia/Documents/Proyectos/pdandroid/android/app/.cxx/Debug/5t1f1ol3/x86_64/CMakeFiles/CMakeTmp

Run Build Command(s):/Users/miguel_garcia/Library/Android/sdk/cmake/3.22.1/bin/ninja cmTC_0f23e && [1/2] Building C object CMakeFiles/cmTC_0f23e.dir/CheckIncludeFile.c.o
[2/2] Linking C executable cmTC_0f23e



Determining if the include file strings.h exists passed with the following output:
Change Dir: /Users/miguel_garcia/Documents/Proyectos/pdandroid/android/app/.cxx/Debug/5t1f1ol3/x86_64/CMakeFiles/CMakeTmp

Run Build Command(s):/Users/miguel_garcia/Library/Android/sdk/cmake/3.22.1/bin/ninja cmTC_75756 && [1/2] Building C object CMakeFiles/cmTC_75756.dir/CheckIncludeFile.c.o
[2/2] Linking C executable cmTC_75756



Determining if the include file sys/types.h exists passed with the following output:
Change Dir: /Users/miguel_garcia/Documents/Proyectos/pdandroid/android/app/.cxx/Debug/5t1f1ol3/x86_64/CMakeFiles/CMakeTmp

Run Build Command(s):/Users/miguel_garcia/Library/Android/sdk/cmake/3.22.1/bin/ninja cmTC_f861b && [1/2] Building C object CMakeFiles/cmTC_f861b.dir/CheckIncludeFile.c.o
[2/2] Linking C executable cmTC_f861b



Determining if the include file wchar.h exists passed with the following output:
Change Dir: /Users/miguel_garcia/Documents/Proyectos/pdandroid/android/app/.cxx/Debug/5t1f1ol3/x86_64/CMakeFiles/CMakeTmp

Run Build Command(s):/Users/miguel_garcia/Library/Android/sdk/cmake/3.22.1/bin/ninja cmTC_953f4 && [1/2] Building C object CMakeFiles/cmTC_953f4.dir/CheckIncludeFile.c.o
[2/2] Linking C executable cmTC_953f4



Determining if files stddef.h;stdarg.h;stdlib.h;string.h;stdio.h;wchar.h;float.h exist passed with the following output:
Change Dir: /Users/miguel_garcia/Documents/Proyectos/pdandroid/android/app/.cxx/Debug/5t1f1ol3/x86_64/CMakeFiles/CMakeTmp

Run Build Command(s):/Users/miguel_garcia/Library/Android/sdk/cmake/3.22.1/bin/ninja cmTC_2a561 && [1/2] Building C object CMakeFiles/cmTC_2a561.dir/STDC_HEADERS.c.o
[2/2] Linking C executable cmTC_2a561



Determining if the M_PI exist passed with the following output:
Change Dir: /Users/miguel_garcia/Documents/Proyectos/pdandroid/android/app/.cxx/Debug/5t1f1ol3/x86_64/CMakeFiles/CMakeTmp

Run Build Command(s):/Users/miguel_garcia/Library/Android/sdk/cmake/3.22.1/bin/ninja cmTC_deba0 && [1/2] Building C object CMakeFiles/cmTC_deba0.dir/CheckSymbolExists.c.o
[2/2] Linking C executable cmTC_deba0


File /Users/miguel_garcia/Documents/Proyectos/pdandroid/android/app/.cxx/Debug/5t1f1ol3/x86_64/CMakeFiles/CMakeTmp/CheckSymbolExists.c:
/* */
#include <math.h>

int main(int argc, char** argv)
{
  (void)argv;
#ifndef M_PI
  return ((int*)(&M_PI))[argc];
#else
  (void)argc;
  return 0;
#endif
}
Performing C SOURCE FILE Test HAVE_MPROTECT succeeded with the following output:
Change Dir: /Users/miguel_garcia/Documents/Proyectos/pdandroid/android/app/.cxx/Debug/5t1f1ol3/x86_64/CMakeFiles/CMakeTmp

Run Build Command(s):/Users/miguel_garcia/Library/Android/sdk/cmake/3.22.1/bin/ninja cmTC_1fcee && [1/2] Building C object CMakeFiles/cmTC_1fcee.dir/src.c.o
[2/2] Linking C executable cmTC_1fcee


Source file was:
#include <sys/types.h>
                             #include <sys/mman.h>
                             int main(void) { return 0; }
Determining if the strtod exist passed with the following output:
Change Dir: /Users/miguel_garcia/Documents/Proyectos/pdandroid/android/app/.cxx/Debug/5t1f1ol3/x86_64/CMakeFiles/CMakeTmp

Run Build Command(s):/Users/miguel_garcia/Library/Android/sdk/cmake/3.22.1/bin/ninja cmTC_1019d && [1/2] Building C object CMakeFiles/cmTC_1019d.dir/CheckSymbolExists.c.o
[2/2] Linking C executable cmTC_1019d


File /Users/miguel_garcia/Documents/Proyectos/pdandroid/android/app/.cxx/Debug/5t1f1ol3/x86_64/CMakeFiles/CMakeTmp/CheckSymbolExists.c:
/* */
#include <stddef.h>
#include <stdarg.h>
#include <stdlib.h>
#include <string.h>
#include <stdio.h>
#include <wchar.h>
#include <float.h>

int main(int argc, char** argv)
{
  (void)argv;
#ifndef strtod
  return ((int*)(&strtod))[argc];
#else
  (void)argc;
  return 0;
#endif
}
Determining if the malloc exist passed with the following output:
Change Dir: /Users/miguel_garcia/Documents/Proyectos/pdandroid/android/app/.cxx/Debug/5t1f1ol3/x86_64/CMakeFiles/CMakeTmp

Run Build Command(s):/Users/miguel_garcia/Library/Android/sdk/cmake/3.22.1/bin/ninja cmTC_9cf5a && [1/2] Building C object CMakeFiles/cmTC_9cf5a.dir/CheckSymbolExists.c.o
[2/2] Linking C executable cmTC_9cf5a


File /Users/miguel_garcia/Documents/Proyectos/pdandroid/android/app/.cxx/Debug/5t1f1ol3/x86_64/CMakeFiles/CMakeTmp/CheckSymbolExists.c:
/* */
#include <stddef.h>
#include <stdarg.h>
#include <stdlib.h>
#include <string.h>
#include <stdio.h>
#include <wchar.h>
#include <float.h>

int main(int argc, char** argv)
{
  (void)argv;
#ifndef malloc
  return ((int*)(&malloc))[argc];
#else
  (void)argc;
  return 0;
#endif
}
Determining if the calloc exist passed with the following output:
Change Dir: /Users/miguel_garcia/Documents/Proyectos/pdandroid/android/app/.cxx/Debug/5t1f1ol3/x86_64/CMakeFiles/CMakeTmp

Run Build Command(s):/Users/miguel_garcia/Library/Android/sdk/cmake/3.22.1/bin/ninja cmTC_1ca09 && [1/2] Building C object CMakeFiles/cmTC_1ca09.dir/CheckSymbolExists.c.o
[2/2] Linking C executable cmTC_1ca09


File /Users/miguel_garcia/Documents/Proyectos/pdandroid/android/app/.cxx/Debug/5t1f1ol3/x86_64/CMakeFiles/CMakeTmp/CheckSymbolExists.c:
/* */
#include <stddef.h>
#include <stdarg.h>
#include <stdlib.h>
#include <string.h>
#include <stdio.h>
#include <wchar.h>
#include <float.h>

int main(int argc, char** argv)
{
  (void)argv;
#ifndef calloc
  return ((int*)(&calloc))[argc];
#else
  (void)argc;
  return 0;
#endif
}
Determining if the realloc exist passed with the following output:
Change Dir: /Users/miguel_garcia/Documents/Proyectos/pdandroid/android/app/.cxx/Debug/5t1f1ol3/x86_64/CMakeFiles/CMakeTmp

Run Build Command(s):/Users/miguel_garcia/Library/Android/sdk/cmake/3.22.1/bin/ninja cmTC_395f1 && [1/2] Building C object CMakeFiles/cmTC_395f1.dir/CheckSymbolExists.c.o
[2/2] Linking C executable cmTC_395f1


File /Users/miguel_garcia/Documents/Proyectos/pdandroid/android/app/.cxx/Debug/5t1f1ol3/x86_64/CMakeFiles/CMakeTmp/CheckSymbolExists.c:
/* */
#include <stddef.h>
#include <stdarg.h>
#include <stdlib.h>
#include <string.h>
#include <stdio.h>
#include <wchar.h>
#include <float.h>

int main(int argc, char** argv)
{
  (void)argv;
#ifndef realloc
  return ((int*)(&realloc))[argc];
#else
  (void)argc;
  return 0;
#endif
}
Determining if the free exist passed with the following output:
Change Dir: /Users/miguel_garcia/Documents/Proyectos/pdandroid/android/app/.cxx/Debug/5t1f1ol3/x86_64/CMakeFiles/CMakeTmp

Run Build Command(s):/Users/miguel_garcia/Library/Android/sdk/cmake/3.22.1/bin/ninja cmTC_a1d31 && [1/2] Building C object CMakeFiles/cmTC_a1d31.dir/CheckSymbolExists.c.o
[2/2] Linking C executable cmTC_a1d31


File /Users/miguel_garcia/Documents/Proyectos/pdandroid/android/app/.cxx/Debug/5t1f1ol3/x86_64/CMakeFiles/CMakeTmp/CheckSymbolExists.c:
/* */
#include <stddef.h>
#include <stdarg.h>
#include <stdlib.h>
#include <string.h>
#include <stdio.h>
#include <wchar.h>
#include <float.h>

int main(int argc, char** argv)
{
  (void)argv;
#ifndef free
  return ((int*)(&free))[argc];
#else
  (void)argc;
  return 0;
#endif
}
Determining if the getenv exist passed with the following output:
Change Dir: /Users/miguel_garcia/Documents/Proyectos/pdandroid/android/app/.cxx/Debug/5t1f1ol3/x86_64/CMakeFiles/CMakeTmp

Run Build Command(s):/Users/miguel_garcia/Library/Android/sdk/cmake/3.22.1/bin/ninja cmTC_0e60e && [1/2] Building C object CMakeFiles/cmTC_0e60e.dir/CheckSymbolExists.c.o
[2/2] Linking C executable cmTC_0e60e


File /Users/miguel_garcia/Documents/Proyectos/pdandroid/android/app/.cxx/Debug/5t1f1ol3/x86_64/CMakeFiles/CMakeTmp/CheckSymbolExists.c:
/* */
#include <stddef.h>
#include <stdarg.h>
#include <stdlib.h>
#include <string.h>
#include <stdio.h>
#include <wchar.h>
#include <float.h>

int main(int argc, char** argv)
{
  (void)argv;
#ifndef getenv
  return ((int*)(&getenv))[argc];
#else
  (void)argc;
  return 0;
#endif
}
Determining if the setenv exist passed with the following output:
Change Dir: /Users/miguel_garcia/Documents/Proyectos/pdandroid/android/app/.cxx/Debug/5t1f1ol3/x86_64/CMakeFiles/CMakeTmp

Run Build Command(s):/Users/miguel_garcia/Library/Android/sdk/cmake/3.22.1/bin/ninja cmTC_829e8 && [1/2] Building C object CMakeFiles/cmTC_829e8.dir/CheckSymbolExists.c.o
[2/2] Linking C executable cmTC_829e8


File /Users/miguel_garcia/Documents/Proyectos/pdandroid/android/app/.cxx/Debug/5t1f1ol3/x86_64/CMakeFiles/CMakeTmp/CheckSymbolExists.c:
/* */
#include <stddef.h>
#include <stdarg.h>
#include <stdlib.h>
#include <string.h>
#include <stdio.h>
#include <wchar.h>
#include <float.h>

int main(int argc, char** argv)
{
  (void)argv;
#ifndef setenv
  return ((int*)(&setenv))[argc];
#else
  (void)argc;
  return 0;
#endif
}
Determining if the putenv exist passed with the following output:
Change Dir: /Users/miguel_garcia/Documents/Proyectos/pdandroid/android/app/.cxx/Debug/5t1f1ol3/x86_64/CMakeFiles/CMakeTmp

Run Build Command(s):/Users/miguel_garcia/Library/Android/sdk/cmake/3.22.1/bin/ninja cmTC_e59d2 && [1/2] Building C object CMakeFiles/cmTC_e59d2.dir/CheckSymbolExists.c.o
[2/2] Linking C executable cmTC_e59d2


File /Users/miguel_garcia/Documents/Proyectos/pdandroid/android/app/.cxx/Debug/5t1f1ol3/x86_64/CMakeFiles/CMakeTmp/CheckSymbolExists.c:
/* */
#include <stddef.h>
#include <stdarg.h>
#include <stdlib.h>
#include <string.h>
#include <stdio.h>
#include <wchar.h>
#include <float.h>

int main(int argc, char** argv)
{
  (void)argv;
#ifndef putenv
  return ((int*)(&putenv))[argc];
#else
  (void)argc;
  return 0;
#endif
}
Determining if the unsetenv exist passed with the following output:
Change Dir: /Users/miguel_garcia/Documents/Proyectos/pdandroid/android/app/.cxx/Debug/5t1f1ol3/x86_64/CMakeFiles/CMakeTmp

Run Build Command(s):/Users/miguel_garcia/Library/Android/sdk/cmake/3.22.1/bin/ninja cmTC_b9f8b && [1/2] Building C object CMakeFiles/cmTC_b9f8b.dir/CheckSymbolExists.c.o
[2/2] Linking C executable cmTC_b9f8b


File /Users/miguel_garcia/Documents/Proyectos/pdandroid/android/app/.cxx/Debug/5t1f1ol3/x86_64/CMakeFiles/CMakeTmp/CheckSymbolExists.c:
/* */
#include <stddef.h>
#include <stdarg.h>
#include <stdlib.h>
#include <string.h>
#include <stdio.h>
#include <wchar.h>
#include <float.h>

int main(int argc, char** argv)
{
  (void)argv;
#ifndef unsetenv
  return ((int*)(&unsetenv))[argc];
#else
  (void)argc;
  return 0;
#endif
}
Determining if the bsearch exist passed with the following output:
Change Dir: /Users/miguel_garcia/Documents/Proyectos/pdandroid/android/app/.cxx/Debug/5t1f1ol3/x86_64/CMakeFiles/CMakeTmp

Run Build Command(s):/Users/miguel_garcia/Library/Android/sdk/cmake/3.22.1/bin/ninja cmTC_b93ce && [1/2] Building C object CMakeFiles/cmTC_b93ce.dir/CheckSymbolExists.c.o
[2/2] Linking C executable cmTC_b93ce


File /Users/miguel_garcia/Documents/Proyectos/pdandroid/android/app/.cxx/Debug/5t1f1ol3/x86_64/CMakeFiles/CMakeTmp/CheckSymbolExists.c:
/* */
#include <stddef.h>
#include <stdarg.h>
#include <stdlib.h>
#include <string.h>
#include <stdio.h>
#include <wchar.h>
#include <float.h>

int main(int argc, char** argv)
{
  (void)argv;
#ifndef bsearch
  return ((int*)(&bsearch))[argc];
#else
  (void)argc;
  return 0;
#endif
}
Determining if the qsort exist passed with the following output:
Change Dir: /Users/miguel_garcia/Documents/Proyectos/pdandroid/android/app/.cxx/Debug/5t1f1ol3/x86_64/CMakeFiles/CMakeTmp

Run Build Command(s):/Users/miguel_garcia/Library/Android/sdk/cmake/3.22.1/bin/ninja cmTC_6f370 && [1/2] Building C object CMakeFiles/cmTC_6f370.dir/CheckSymbolExists.c.o
[2/2] Linking C executable cmTC_6f370


File /Users/miguel_garcia/Documents/Proyectos/pdandroid/android/app/.cxx/Debug/5t1f1ol3/x86_64/CMakeFiles/CMakeTmp/CheckSymbolExists.c:
/* */
#include <stddef.h>
#include <stdarg.h>
#include <stdlib.h>
#include <string.h>
#include <stdio.h>
#include <wchar.h>
#include <float.h>

int main(int argc, char** argv)
{
  (void)argv;
#ifndef qsort
  return ((int*)(&qsort))[argc];
#else
  (void)argc;
  return 0;
#endif
}
Determining if the abs exist passed with the following output:
Change Dir: /Users/miguel_garcia/Documents/Proyectos/pdandroid/android/app/.cxx/Debug/5t1f1ol3/x86_64/CMakeFiles/CMakeTmp

Run Build Command(s):/Users/miguel_garcia/Library/Android/sdk/cmake/3.22.1/bin/ninja cmTC_0b760 && [1/2] Building C object CMakeFiles/cmTC_0b760.dir/CheckSymbolExists.c.o
[2/2] Linking C executable cmTC_0b760


File /Users/miguel_garcia/Documents/Proyectos/pdandroid/android/app/.cxx/Debug/5t1f1ol3/x86_64/CMakeFiles/CMakeTmp/CheckSymbolExists.c:
/* */
#include <stddef.h>
#include <stdarg.h>
#include <stdlib.h>
#include <string.h>
#include <stdio.h>
#include <wchar.h>
#include <float.h>

int main(int argc, char** argv)
{
  (void)argv;
#ifndef abs
  return ((int*)(&abs))[argc];
#else
  (void)argc;
  return 0;
#endif
}
Determining if the bcopy exist passed with the following output:
Change Dir: /Users/miguel_garcia/Documents/Proyectos/pdandroid/android/app/.cxx/Debug/5t1f1ol3/x86_64/CMakeFiles/CMakeTmp

Run Build Command(s):/Users/miguel_garcia/Library/Android/sdk/cmake/3.22.1/bin/ninja cmTC_3c82a && [1/2] Building C object CMakeFiles/cmTC_3c82a.dir/CheckSymbolExists.c.o
[2/2] Linking C executable cmTC_3c82a


File /Users/miguel_garcia/Documents/Proyectos/pdandroid/android/app/.cxx/Debug/5t1f1ol3/x86_64/CMakeFiles/CMakeTmp/CheckSymbolExists.c:
/* */
#include <stddef.h>
#include <stdarg.h>
#include <stdlib.h>
#include <string.h>
#include <stdio.h>
#include <wchar.h>
#include <float.h>

int main(int argc, char** argv)
{
  (void)argv;
#ifndef bcopy
  return ((int*)(&bcopy))[argc];
#else
  (void)argc;
  return 0;
#endif
}
Determining if the memset exist passed with the following output:
Change Dir: /Users/miguel_garcia/Documents/Proyectos/pdandroid/android/app/.cxx/Debug/5t1f1ol3/x86_64/CMakeFiles/CMakeTmp

Run Build Command(s):/Users/miguel_garcia/Library/Android/sdk/cmake/3.22.1/bin/ninja cmTC_d5e1c && [1/2] Building C object CMakeFiles/cmTC_d5e1c.dir/CheckSymbolExists.c.o
[2/2] Linking C executable cmTC_d5e1c


File /Users/miguel_garcia/Documents/Proyectos/pdandroid/android/app/.cxx/Debug/5t1f1ol3/x86_64/CMakeFiles/CMakeTmp/CheckSymbolExists.c:
/* */
#include <stddef.h>
#include <stdarg.h>
#include <stdlib.h>
#include <string.h>
#include <stdio.h>
#include <wchar.h>
#include <float.h>

int main(int argc, char** argv)
{
  (void)argv;
#ifndef memset
  return ((int*)(&memset))[argc];
#else
  (void)argc;
  return 0;
#endif
}
Determining if the memcpy exist passed with the following output:
Change Dir: /Users/miguel_garcia/Documents/Proyectos/pdandroid/android/app/.cxx/Debug/5t1f1ol3/x86_64/CMakeFiles/CMakeTmp

Run Build Command(s):/Users/miguel_garcia/Library/Android/sdk/cmake/3.22.1/bin/ninja cmTC_76ea0 && [1/2] Building C object CMakeFiles/cmTC_76ea0.dir/CheckSymbolExists.c.o
[2/2] Linking C executable cmTC_76ea0


File /Users/miguel_garcia/Documents/Proyectos/pdandroid/android/app/.cxx/Debug/5t1f1ol3/x86_64/CMakeFiles/CMakeTmp/CheckSymbolExists.c:
/* */
#include <stddef.h>
#include <stdarg.h>
#include <stdlib.h>
#include <string.h>
#include <stdio.h>
#include <wchar.h>
#include <float.h>

int main(int argc, char** argv)
{
  (void)argv;
#ifndef memcpy
  return ((int*)(&memcpy))[argc];
#else
  (void)argc;
  return 0;
#endif
}
Determining if the memmove exist passed with the following output:
Change Dir: /Users/miguel_garcia/Documents/Proyectos/pdandroid/android/app/.cxx/Debug/5t1f1ol3/x86_64/CMakeFiles/CMakeTmp

Run Build Command(s):/Users/miguel_garcia/Library/Android/sdk/cmake/3.22.1/bin/ninja cmTC_cc487 && [1/2] Building C object CMakeFiles/cmTC_cc487.dir/CheckSymbolExists.c.o
[2/2] Linking C executable cmTC_cc487


File /Users/miguel_garcia/Documents/Proyectos/pdandroid/android/app/.cxx/Debug/5t1f1ol3/x86_64/CMakeFiles/CMakeTmp/CheckSymbolExists.c:
/* */
#include <stddef.h>
#include <stdarg.h>
#include <stdlib.h>
#include <string.h>
#include <stdio.h>
#include <wchar.h>
#include <float.h>

int main(int argc, char** argv)
{
  (void)argv;
#ifndef memmove
  return ((int*)(&memmove))[argc];
#else
  (void)argc;
  return 0;
#endif
}
Determining if the memcmp exist passed with the following output:
Change Dir: /Users/miguel_garcia/Documents/Proyectos/pdandroid/android/app/.cxx/Debug/5t1f1ol3/x86_64/CMakeFiles/CMakeTmp

Run Build Command(s):/Users/miguel_garcia/Library/Android/sdk/cmake/3.22.1/bin/ninja cmTC_93cd5 && [1/2] Building C object CMakeFiles/cmTC_93cd5.dir/CheckSymbolExists.c.o
[2/2] Linking C executable cmTC_93cd5


File /Users/miguel_garcia/Documents/Proyectos/pdandroid/android/app/.cxx/Debug/5t1f1ol3/x86_64/CMakeFiles/CMakeTmp/CheckSymbolExists.c:
/* */
#include <stddef.h>
#include <stdarg.h>
#include <stdlib.h>
#include <string.h>
#include <stdio.h>
#include <wchar.h>
#include <float.h>

int main(int argc, char** argv)
{
  (void)argv;
#ifndef memcmp
  return ((int*)(&memcmp))[argc];
#else
  (void)argc;
  return 0;
#endif
}
Determining if the strlen exist passed with the following output:
Change Dir: /Users/miguel_garcia/Documents/Proyectos/pdandroid/android/app/.cxx/Debug/5t1f1ol3/x86_64/CMakeFiles/CMakeTmp

Run Build Command(s):/Users/miguel_garcia/Library/Android/sdk/cmake/3.22.1/bin/ninja cmTC_0d40a && [1/2] Building C object CMakeFiles/cmTC_0d40a.dir/CheckSymbolExists.c.o
[2/2] Linking C executable cmTC_0d40a


File /Users/miguel_garcia/Documents/Proyectos/pdandroid/android/app/.cxx/Debug/5t1f1ol3/x86_64/CMakeFiles/CMakeTmp/CheckSymbolExists.c:
/* */
#include <stddef.h>
#include <stdarg.h>
#include <stdlib.h>
#include <string.h>
#include <stdio.h>
#include <wchar.h>
#include <float.h>

int main(int argc, char** argv)
{
  (void)argv;
#ifndef strlen
  return ((int*)(&strlen))[argc];
#else
  (void)argc;
  return 0;
#endif
}
Determining if the strlcpy exist passed with the following output:
Change Dir: /Users/miguel_garcia/Documents/Proyectos/pdandroid/android/app/.cxx/Debug/5t1f1ol3/x86_64/CMakeFiles/CMakeTmp

Run Build Command(s):/Users/miguel_garcia/Library/Android/sdk/cmake/3.22.1/bin/ninja cmTC_2129d && [1/2] Building C object CMakeFiles/cmTC_2129d.dir/CheckSymbolExists.c.o
[2/2] Linking C executable cmTC_2129d


File /Users/miguel_garcia/Documents/Proyectos/pdandroid/android/app/.cxx/Debug/5t1f1ol3/x86_64/CMakeFiles/CMakeTmp/CheckSymbolExists.c:
/* */
#include <stddef.h>
#include <stdarg.h>
#include <stdlib.h>
#include <string.h>
#include <stdio.h>
#include <wchar.h>
#include <float.h>

int main(int argc, char** argv)
{
  (void)argv;
#ifndef strlcpy
  return ((int*)(&strlcpy))[argc];
#else
  (void)argc;
  return 0;
#endif
}
Determining if the strlcat exist passed with the following output:
Change Dir: /Users/miguel_garcia/Documents/Proyectos/pdandroid/android/app/.cxx/Debug/5t1f1ol3/x86_64/CMakeFiles/CMakeTmp

Run Build Command(s):/Users/miguel_garcia/Library/Android/sdk/cmake/3.22.1/bin/ninja cmTC_443dc && [1/2] Building C object CMakeFiles/cmTC_443dc.dir/CheckSymbolExists.c.o
[2/2] Linking C executable cmTC_443dc


File /Users/miguel_garcia/Documents/Proyectos/pdandroid/android/app/.cxx/Debug/5t1f1ol3/x86_64/CMakeFiles/CMakeTmp/CheckSymbolExists.c:
/* */
#include <stddef.h>
#include <stdarg.h>
#include <stdlib.h>
#include <string.h>
#include <stdio.h>
#include <wchar.h>
#include <float.h>

int main(int argc, char** argv)
{
  (void)argv;
#ifndef strlcat
  return ((int*)(&strlcat))[argc];
#else
  (void)argc;
  return 0;
#endif
}
Determining if the strchr exist passed with the following output:
Change Dir: /Users/miguel_garcia/Documents/Proyectos/pdandroid/android/app/.cxx/Debug/5t1f1ol3/x86_64/CMakeFiles/CMakeTmp

Run Build Command(s):/Users/miguel_garcia/Library/Android/sdk/cmake/3.22.1/bin/ninja cmTC_1c3b0 && [1/2] Building C object CMakeFiles/cmTC_1c3b0.dir/CheckSymbolExists.c.o
[2/2] Linking C executable cmTC_1c3b0


File /Users/miguel_garcia/Documents/Proyectos/pdandroid/android/app/.cxx/Debug/5t1f1ol3/x86_64/CMakeFiles/CMakeTmp/CheckSymbolExists.c:
/* */
#include <stddef.h>
#include <stdarg.h>
#include <stdlib.h>
#include <string.h>
#include <stdio.h>
#include <wchar.h>
#include <float.h>

int main(int argc, char** argv)
{
  (void)argv;
#ifndef strchr
  return ((int*)(&strchr))[argc];
#else
  (void)argc;
  return 0;
#endif
}
Determining if the strrchr exist passed with the following output:
Change Dir: /Users/miguel_garcia/Documents/Proyectos/pdandroid/android/app/.cxx/Debug/5t1f1ol3/x86_64/CMakeFiles/CMakeTmp

Run Build Command(s):/Users/miguel_garcia/Library/Android/sdk/cmake/3.22.1/bin/ninja cmTC_5b389 && [1/2] Building C object CMakeFiles/cmTC_5b389.dir/CheckSymbolExists.c.o
[2/2] Linking C executable cmTC_5b389


File /Users/miguel_garcia/Documents/Proyectos/pdandroid/android/app/.cxx/Debug/5t1f1ol3/x86_64/CMakeFiles/CMakeTmp/CheckSymbolExists.c:
/* */
#include <stddef.h>
#include <stdarg.h>
#include <stdlib.h>
#include <string.h>
#include <stdio.h>
#include <wchar.h>
#include <float.h>

int main(int argc, char** argv)
{
  (void)argv;
#ifndef strrchr
  return ((int*)(&strrchr))[argc];
#else
  (void)argc;
  return 0;
#endif
}
Determining if the strstr exist passed with the following output:
Change Dir: /Users/miguel_garcia/Documents/Proyectos/pdandroid/android/app/.cxx/Debug/5t1f1ol3/x86_64/CMakeFiles/CMakeTmp

Run Build Command(s):/Users/miguel_garcia/Library/Android/sdk/cmake/3.22.1/bin/ninja cmTC_ec23a && [1/2] Building C object CMakeFiles/cmTC_ec23a.dir/CheckSymbolExists.c.o
[2/2] Linking C executable cmTC_ec23a


File /Users/miguel_garcia/Documents/Proyectos/pdandroid/android/app/.cxx/Debug/5t1f1ol3/x86_64/CMakeFiles/CMakeTmp/CheckSymbolExists.c:
/* */
#include <stddef.h>
#include <stdarg.h>
#include <stdlib.h>
#include <string.h>
#include <stdio.h>
#include <wchar.h>
#include <float.h>

int main(int argc, char** argv)
{
  (void)argv;
#ifndef strstr
  return ((int*)(&strstr))[argc];
#else
  (void)argc;
  return 0;
#endif
}
Determining if the strtok_r exist passed with the following output:
Change Dir: /Users/miguel_garcia/Documents/Proyectos/pdandroid/android/app/.cxx/Debug/5t1f1ol3/x86_64/CMakeFiles/CMakeTmp

Run Build Command(s):/Users/miguel_garcia/Library/Android/sdk/cmake/3.22.1/bin/ninja cmTC_c66fa && [1/2] Building C object CMakeFiles/cmTC_c66fa.dir/CheckSymbolExists.c.o
[2/2] Linking C executable cmTC_c66fa


File /Users/miguel_garcia/Documents/Proyectos/pdandroid/android/app/.cxx/Debug/5t1f1ol3/x86_64/CMakeFiles/CMakeTmp/CheckSymbolExists.c:
/* */
#include <stddef.h>
#include <stdarg.h>
#include <stdlib.h>
#include <string.h>
#include <stdio.h>
#include <wchar.h>
#include <float.h>

int main(int argc, char** argv)
{
  (void)argv;
#ifndef strtok_r
  return ((int*)(&strtok_r))[argc];
#else
  (void)argc;
  return 0;
#endif
}
Determining if the strtol exist passed with the following output:
Change Dir: /Users/miguel_garcia/Documents/Proyectos/pdandroid/android/app/.cxx/Debug/5t1f1ol3/x86_64/CMakeFiles/CMakeTmp

Run Build Command(s):/Users/miguel_garcia/Library/Android/sdk/cmake/3.22.1/bin/ninja cmTC_5dd9c && [1/2] Building C object CMakeFiles/cmTC_5dd9c.dir/CheckSymbolExists.c.o
[2/2] Linking C executable cmTC_5dd9c


File /Users/miguel_garcia/Documents/Proyectos/pdandroid/android/app/.cxx/Debug/5t1f1ol3/x86_64/CMakeFiles/CMakeTmp/CheckSymbolExists.c:
/* */
#include <stddef.h>
#include <stdarg.h>
#include <stdlib.h>
#include <string.h>
#include <stdio.h>
#include <wchar.h>
#include <float.h>

int main(int argc, char** argv)
{
  (void)argv;
#ifndef strtol
  return ((int*)(&strtol))[argc];
#else
  (void)argc;
  return 0;
#endif
}
Determining if the strtoul exist passed with the following output:
Change Dir: /Users/miguel_garcia/Documents/Proyectos/pdandroid/android/app/.cxx/Debug/5t1f1ol3/x86_64/CMakeFiles/CMakeTmp

Run Build Command(s):/Users/miguel_garcia/Library/Android/sdk/cmake/3.22.1/bin/ninja cmTC_a0fc4 && [1/2] Building C object CMakeFiles/cmTC_a0fc4.dir/CheckSymbolExists.c.o
[2/2] Linking C executable cmTC_a0fc4


File /Users/miguel_garcia/Documents/Proyectos/pdandroid/android/app/.cxx/Debug/5t1f1ol3/x86_64/CMakeFiles/CMakeTmp/CheckSymbolExists.c:
/* */
#include <stddef.h>
#include <stdarg.h>
#include <stdlib.h>
#include <string.h>
#include <stdio.h>
#include <wchar.h>
#include <float.h>

int main(int argc, char** argv)
{
  (void)argv;
#ifndef strtoul
  return ((int*)(&strtoul))[argc];
#else
  (void)argc;
  return 0;
#endif
}
Determining if the strtoll exist passed with the following output:
Change Dir: /Users/miguel_garcia/Documents/Proyectos/pdandroid/android/app/.cxx/Debug/5t1f1ol3/x86_64/CMakeFiles/CMakeTmp

Run Build Command(s):/Users/miguel_garcia/Library/Android/sdk/cmake/3.22.1/bin/ninja cmTC_d2bce && [1/2] Building C object CMakeFiles/cmTC_d2bce.dir/CheckSymbolExists.c.o
[2/2] Linking C executable cmTC_d2bce


File /Users/miguel_garcia/Documents/Proyectos/pdandroid/android/app/.cxx/Debug/5t1f1ol3/x86_64/CMakeFiles/CMakeTmp/CheckSymbolExists.c:
/* */
#include <stddef.h>
#include <stdarg.h>
#include <stdlib.h>
#include <string.h>
#include <stdio.h>
#include <wchar.h>
#include <float.h>

int main(int argc, char** argv)
{
  (void)argv;
#ifndef strtoll
  return ((int*)(&strtoll))[argc];
#else
  (void)argc;
  return 0;
#endif
}
Determining if the strtoull exist passed with the following output:
Change Dir: /Users/miguel_garcia/Documents/Proyectos/pdandroid/android/app/.cxx/Debug/5t1f1ol3/x86_64/CMakeFiles/CMakeTmp

Run Build Command(s):/Users/miguel_garcia/Library/Android/sdk/cmake/3.22.1/bin/ninja cmTC_1bfac && [1/2] Building C object CMakeFiles/cmTC_1bfac.dir/CheckSymbolExists.c.o
[2/2] Linking C executable cmTC_1bfac


File /Users/miguel_garcia/Documents/Proyectos/pdandroid/android/app/.cxx/Debug/5t1f1ol3/x86_64/CMakeFiles/CMakeTmp/CheckSymbolExists.c:
/* */
#include <stddef.h>
#include <stdarg.h>
#include <stdlib.h>
#include <string.h>
#include <stdio.h>
#include <wchar.h>
#include <float.h>

int main(int argc, char** argv)
{
  (void)argv;
#ifndef strtoull
  return ((int*)(&strtoull))[argc];
#else
  (void)argc;
  return 0;
#endif
}
Determining if the atoi exist passed with the following output:
Change Dir: /Users/miguel_garcia/Documents/Proyectos/pdandroid/android/app/.cxx/Debug/5t1f1ol3/x86_64/CMakeFiles/CMakeTmp

Run Build Command(s):/Users/miguel_garcia/Library/Android/sdk/cmake/3.22.1/bin/ninja cmTC_1a6f0 && [1/2] Building C object CMakeFiles/cmTC_1a6f0.dir/CheckSymbolExists.c.o
[2/2] Linking C executable cmTC_1a6f0


File /Users/miguel_garcia/Documents/Proyectos/pdandroid/android/app/.cxx/Debug/5t1f1ol3/x86_64/CMakeFiles/CMakeTmp/CheckSymbolExists.c:
/* */
#include <stddef.h>
#include <stdarg.h>
#include <stdlib.h>
#include <string.h>
#include <stdio.h>
#include <wchar.h>
#include <float.h>

int main(int argc, char** argv)
{
  (void)argv;
#ifndef atoi
  return ((int*)(&atoi))[argc];
#else
  (void)argc;
  return 0;
#endif
}
Determining if the atof exist passed with the following output:
Change Dir: /Users/miguel_garcia/Documents/Proyectos/pdandroid/android/app/.cxx/Debug/5t1f1ol3/x86_64/CMakeFiles/CMakeTmp

Run Build Command(s):/Users/miguel_garcia/Library/Android/sdk/cmake/3.22.1/bin/ninja cmTC_12609 && [1/2] Building C object CMakeFiles/cmTC_12609.dir/CheckSymbolExists.c.o
[2/2] Linking C executable cmTC_12609


File /Users/miguel_garcia/Documents/Proyectos/pdandroid/android/app/.cxx/Debug/5t1f1ol3/x86_64/CMakeFiles/CMakeTmp/CheckSymbolExists.c:
/* */
#include <stddef.h>
#include <stdarg.h>
#include <stdlib.h>
#include <string.h>
#include <stdio.h>
#include <wchar.h>
#include <float.h>

int main(int argc, char** argv)
{
  (void)argv;
#ifndef atof
  return ((int*)(&atof))[argc];
#else
  (void)argc;
  return 0;
#endif
}
Determining if the strcmp exist passed with the following output:
Change Dir: /Users/miguel_garcia/Documents/Proyectos/pdandroid/android/app/.cxx/Debug/5t1f1ol3/x86_64/CMakeFiles/CMakeTmp

Run Build Command(s):/Users/miguel_garcia/Library/Android/sdk/cmake/3.22.1/bin/ninja cmTC_2551d && [1/2] Building C object CMakeFiles/cmTC_2551d.dir/CheckSymbolExists.c.o
[2/2] Linking C executable cmTC_2551d


File /Users/miguel_garcia/Documents/Proyectos/pdandroid/android/app/.cxx/Debug/5t1f1ol3/x86_64/CMakeFiles/CMakeTmp/CheckSymbolExists.c:
/* */
#include <stddef.h>
#include <stdarg.h>
#include <stdlib.h>
#include <string.h>
#include <stdio.h>
#include <wchar.h>
#include <float.h>

int main(int argc, char** argv)
{
  (void)argv;
#ifndef strcmp
  return ((int*)(&strcmp))[argc];
#else
  (void)argc;
  return 0;
#endif
}
Determining if the strncmp exist passed with the following output:
Change Dir: /Users/miguel_garcia/Documents/Proyectos/pdandroid/android/app/.cxx/Debug/5t1f1ol3/x86_64/CMakeFiles/CMakeTmp

Run Build Command(s):/Users/miguel_garcia/Library/Android/sdk/cmake/3.22.1/bin/ninja cmTC_0285a && [1/2] Building C object CMakeFiles/cmTC_0285a.dir/CheckSymbolExists.c.o
[2/2] Linking C executable cmTC_0285a


File /Users/miguel_garcia/Documents/Proyectos/pdandroid/android/app/.cxx/Debug/5t1f1ol3/x86_64/CMakeFiles/CMakeTmp/CheckSymbolExists.c:
/* */
#include <stddef.h>
#include <stdarg.h>
#include <stdlib.h>
#include <string.h>
#include <stdio.h>
#include <wchar.h>
#include <float.h>

int main(int argc, char** argv)
{
  (void)argv;
#ifndef strncmp
  return ((int*)(&strncmp))[argc];
#else
  (void)argc;
  return 0;
#endif
}
Determining if the strcasecmp exist passed with the following output:
Change Dir: /Users/miguel_garcia/Documents/Proyectos/pdandroid/android/app/.cxx/Debug/5t1f1ol3/x86_64/CMakeFiles/CMakeTmp

Run Build Command(s):/Users/miguel_garcia/Library/Android/sdk/cmake/3.22.1/bin/ninja cmTC_b4696 && [1/2] Building C object CMakeFiles/cmTC_b4696.dir/CheckSymbolExists.c.o
[2/2] Linking C executable cmTC_b4696


File /Users/miguel_garcia/Documents/Proyectos/pdandroid/android/app/.cxx/Debug/5t1f1ol3/x86_64/CMakeFiles/CMakeTmp/CheckSymbolExists.c:
/* */
#include <stddef.h>
#include <stdarg.h>
#include <stdlib.h>
#include <string.h>
#include <stdio.h>
#include <wchar.h>
#include <float.h>

int main(int argc, char** argv)
{
  (void)argv;
#ifndef strcasecmp
  return ((int*)(&strcasecmp))[argc];
#else
  (void)argc;
  return 0;
#endif
}
Determining if the strncasecmp exist passed with the following output:
Change Dir: /Users/miguel_garcia/Documents/Proyectos/pdandroid/android/app/.cxx/Debug/5t1f1ol3/x86_64/CMakeFiles/CMakeTmp

Run Build Command(s):/Users/miguel_garcia/Library/Android/sdk/cmake/3.22.1/bin/ninja cmTC_7d406 && [1/2] Building C object CMakeFiles/cmTC_7d406.dir/CheckSymbolExists.c.o
[2/2] Linking C executable cmTC_7d406


File /Users/miguel_garcia/Documents/Proyectos/pdandroid/android/app/.cxx/Debug/5t1f1ol3/x86_64/CMakeFiles/CMakeTmp/CheckSymbolExists.c:
/* */
#include <stddef.h>
#include <stdarg.h>
#include <stdlib.h>
#include <string.h>
#include <stdio.h>
#include <wchar.h>
#include <float.h>

int main(int argc, char** argv)
{
  (void)argv;
#ifndef strncasecmp
  return ((int*)(&strncasecmp))[argc];
#else
  (void)argc;
  return 0;
#endif
}
Determining if the strcasestr exist passed with the following output:
Change Dir: /Users/miguel_garcia/Documents/Proyectos/pdandroid/android/app/.cxx/Debug/5t1f1ol3/x86_64/CMakeFiles/CMakeTmp

Run Build Command(s):/Users/miguel_garcia/Library/Android/sdk/cmake/3.22.1/bin/ninja cmTC_836e0 && [1/2] Building C object CMakeFiles/cmTC_836e0.dir/CheckSymbolExists.c.o
[2/2] Linking C executable cmTC_836e0


File /Users/miguel_garcia/Documents/Proyectos/pdandroid/android/app/.cxx/Debug/5t1f1ol3/x86_64/CMakeFiles/CMakeTmp/CheckSymbolExists.c:
/* */
#include <stddef.h>
#include <stdarg.h>
#include <stdlib.h>
#include <string.h>
#include <stdio.h>
#include <wchar.h>
#include <float.h>

int main(int argc, char** argv)
{
  (void)argv;
#ifndef strcasestr
  return ((int*)(&strcasestr))[argc];
#else
  (void)argc;
  return 0;
#endif
}
Determining if the wcscmp exist passed with the following output:
Change Dir: /Users/miguel_garcia/Documents/Proyectos/pdandroid/android/app/.cxx/Debug/5t1f1ol3/x86_64/CMakeFiles/CMakeTmp

Run Build Command(s):/Users/miguel_garcia/Library/Android/sdk/cmake/3.22.1/bin/ninja cmTC_5fcc4 && [1/2] Building C object CMakeFiles/cmTC_5fcc4.dir/CheckSymbolExists.c.o
[2/2] Linking C executable cmTC_5fcc4


File /Users/miguel_garcia/Documents/Proyectos/pdandroid/android/app/.cxx/Debug/5t1f1ol3/x86_64/CMakeFiles/CMakeTmp/CheckSymbolExists.c:
/* */
#include <stddef.h>
#include <stdarg.h>
#include <stdlib.h>
#include <string.h>
#include <stdio.h>
#include <wchar.h>
#include <float.h>

int main(int argc, char** argv)
{
  (void)argv;
#ifndef wcscmp
  return ((int*)(&wcscmp))[argc];
#else
  (void)argc;
  return 0;
#endif
}
Determining if the wcsdup exist passed with the following output:
Change Dir: /Users/miguel_garcia/Documents/Proyectos/pdandroid/android/app/.cxx/Debug/5t1f1ol3/x86_64/CMakeFiles/CMakeTmp

Run Build Command(s):/Users/miguel_garcia/Library/Android/sdk/cmake/3.22.1/bin/ninja cmTC_cb324 && [1/2] Building C object CMakeFiles/cmTC_cb324.dir/CheckSymbolExists.c.o
[2/2] Linking C executable cmTC_cb324


File /Users/miguel_garcia/Documents/Proyectos/pdandroid/android/app/.cxx/Debug/5t1f1ol3/x86_64/CMakeFiles/CMakeTmp/CheckSymbolExists.c:
/* */
#include <stddef.h>
#include <stdarg.h>
#include <stdlib.h>
#include <string.h>
#include <stdio.h>
#include <wchar.h>
#include <float.h>

int main(int argc, char** argv)
{
  (void)argv;
#ifndef wcsdup
  return ((int*)(&wcsdup))[argc];
#else
  (void)argc;
  return 0;
#endif
}
Determining if the wcslcat exist passed with the following output:
Change Dir: /Users/miguel_garcia/Documents/Proyectos/pdandroid/android/app/.cxx/Debug/5t1f1ol3/x86_64/CMakeFiles/CMakeTmp

Run Build Command(s):/Users/miguel_garcia/Library/Android/sdk/cmake/3.22.1/bin/ninja cmTC_6477d && [1/2] Building C object CMakeFiles/cmTC_6477d.dir/CheckSymbolExists.c.o
[2/2] Linking C executable cmTC_6477d


File /Users/miguel_garcia/Documents/Proyectos/pdandroid/android/app/.cxx/Debug/5t1f1ol3/x86_64/CMakeFiles/CMakeTmp/CheckSymbolExists.c:
/* */
#include <stddef.h>
#include <stdarg.h>
#include <stdlib.h>
#include <string.h>
#include <stdio.h>
#include <wchar.h>
#include <float.h>

int main(int argc, char** argv)
{
  (void)argv;
#ifndef wcslcat
  return ((int*)(&wcslcat))[argc];
#else
  (void)argc;
  return 0;
#endif
}
Determining if the wcslcpy exist passed with the following output:
Change Dir: /Users/miguel_garcia/Documents/Proyectos/pdandroid/android/app/.cxx/Debug/5t1f1ol3/x86_64/CMakeFiles/CMakeTmp

Run Build Command(s):/Users/miguel_garcia/Library/Android/sdk/cmake/3.22.1/bin/ninja cmTC_2e95e && [1/2] Building C object CMakeFiles/cmTC_2e95e.dir/CheckSymbolExists.c.o
[2/2] Linking C executable cmTC_2e95e


File /Users/miguel_garcia/Documents/Proyectos/pdandroid/android/app/.cxx/Debug/5t1f1ol3/x86_64/CMakeFiles/CMakeTmp/CheckSymbolExists.c:
/* */
#include <stddef.h>
#include <stdarg.h>
#include <stdlib.h>
#include <string.h>
#include <stdio.h>
#include <wchar.h>
#include <float.h>

int main(int argc, char** argv)
{
  (void)argv;
#ifndef wcslcpy
  return ((int*)(&wcslcpy))[argc];
#else
  (void)argc;
  return 0;
#endif
}
Determining if the wcslen exist passed with the following output:
Change Dir: /Users/miguel_garcia/Documents/Proyectos/pdandroid/android/app/.cxx/Debug/5t1f1ol3/x86_64/CMakeFiles/CMakeTmp

Run Build Command(s):/Users/miguel_garcia/Library/Android/sdk/cmake/3.22.1/bin/ninja cmTC_85baa && [1/2] Building C object CMakeFiles/cmTC_85baa.dir/CheckSymbolExists.c.o
[2/2] Linking C executable cmTC_85baa


File /Users/miguel_garcia/Documents/Proyectos/pdandroid/android/app/.cxx/Debug/5t1f1ol3/x86_64/CMakeFiles/CMakeTmp/CheckSymbolExists.c:
/* */
#include <stddef.h>
#include <stdarg.h>
#include <stdlib.h>
#include <string.h>
#include <stdio.h>
#include <wchar.h>
#include <float.h>

int main(int argc, char** argv)
{
  (void)argv;
#ifndef wcslen
  return ((int*)(&wcslen))[argc];
#else
  (void)argc;
  return 0;
#endif
}
Determining if the wcsncmp exist passed with the following output:
Change Dir: /Users/miguel_garcia/Documents/Proyectos/pdandroid/android/app/.cxx/Debug/5t1f1ol3/x86_64/CMakeFiles/CMakeTmp

Run Build Command(s):/Users/miguel_garcia/Library/Android/sdk/cmake/3.22.1/bin/ninja cmTC_8f3ec && [1/2] Building C object CMakeFiles/cmTC_8f3ec.dir/CheckSymbolExists.c.o
[2/2] Linking C executable cmTC_8f3ec


File /Users/miguel_garcia/Documents/Proyectos/pdandroid/android/app/.cxx/Debug/5t1f1ol3/x86_64/CMakeFiles/CMakeTmp/CheckSymbolExists.c:
/* */
#include <stddef.h>
#include <stdarg.h>
#include <stdlib.h>
#include <string.h>
#include <stdio.h>
#include <wchar.h>
#include <float.h>

int main(int argc, char** argv)
{
  (void)argv;
#ifndef wcsncmp
  return ((int*)(&wcsncmp))[argc];
#else
  (void)argc;
  return 0;
#endif
}
Determining if the wcsstr exist passed with the following output:
Change Dir: /Users/miguel_garcia/Documents/Proyectos/pdandroid/android/app/.cxx/Debug/5t1f1ol3/x86_64/CMakeFiles/CMakeTmp

Run Build Command(s):/Users/miguel_garcia/Library/Android/sdk/cmake/3.22.1/bin/ninja cmTC_8e95d && [1/2] Building C object CMakeFiles/cmTC_8e95d.dir/CheckSymbolExists.c.o
[2/2] Linking C executable cmTC_8e95d


File /Users/miguel_garcia/Documents/Proyectos/pdandroid/android/app/.cxx/Debug/5t1f1ol3/x86_64/CMakeFiles/CMakeTmp/CheckSymbolExists.c:
/* */
#include <stddef.h>
#include <stdarg.h>
#include <stdlib.h>
#include <string.h>
#include <stdio.h>
#include <wchar.h>
#include <float.h>

int main(int argc, char** argv)
{
  (void)argv;
#ifndef wcsstr
  return ((int*)(&wcsstr))[argc];
#else
  (void)argc;
  return 0;
#endif
}
Determining if the wcscasecmp exist passed with the following output:
Change Dir: /Users/miguel_garcia/Documents/Proyectos/pdandroid/android/app/.cxx/Debug/5t1f1ol3/x86_64/CMakeFiles/CMakeTmp

Run Build Command(s):/Users/miguel_garcia/Library/Android/sdk/cmake/3.22.1/bin/ninja cmTC_e89fc && [1/2] Building C object CMakeFiles/cmTC_e89fc.dir/CheckSymbolExists.c.o
[2/2] Linking C executable cmTC_e89fc


File /Users/miguel_garcia/Documents/Proyectos/pdandroid/android/app/.cxx/Debug/5t1f1ol3/x86_64/CMakeFiles/CMakeTmp/CheckSymbolExists.c:
/* */
#include <stddef.h>
#include <stdarg.h>
#include <stdlib.h>
#include <string.h>
#include <stdio.h>
#include <wchar.h>
#include <float.h>

int main(int argc, char** argv)
{
  (void)argv;
#ifndef wcscasecmp
  return ((int*)(&wcscasecmp))[argc];
#else
  (void)argc;
  return 0;
#endif
}
Determining if the wcsncasecmp exist passed with the following output:
Change Dir: /Users/miguel_garcia/Documents/Proyectos/pdandroid/android/app/.cxx/Debug/5t1f1ol3/x86_64/CMakeFiles/CMakeTmp

Run Build Command(s):/Users/miguel_garcia/Library/Android/sdk/cmake/3.22.1/bin/ninja cmTC_853ef && [1/2] Building C object CMakeFiles/cmTC_853ef.dir/CheckSymbolExists.c.o
[2/2] Linking C executable cmTC_853ef


File /Users/miguel_garcia/Documents/Proyectos/pdandroid/android/app/.cxx/Debug/5t1f1ol3/x86_64/CMakeFiles/CMakeTmp/CheckSymbolExists.c:
/* */
#include <stddef.h>
#include <stdarg.h>
#include <stdlib.h>
#include <string.h>
#include <stdio.h>
#include <wchar.h>
#include <float.h>

int main(int argc, char** argv)
{
  (void)argv;
#ifndef wcsncasecmp
  return ((int*)(&wcsncasecmp))[argc];
#else
  (void)argc;
  return 0;
#endif
}
Determining if the sscanf exist passed with the following output:
Change Dir: /Users/miguel_garcia/Documents/Proyectos/pdandroid/android/app/.cxx/Debug/5t1f1ol3/x86_64/CMakeFiles/CMakeTmp

Run Build Command(s):/Users/miguel_garcia/Library/Android/sdk/cmake/3.22.1/bin/ninja cmTC_96f55 && [1/2] Building C object CMakeFiles/cmTC_96f55.dir/CheckSymbolExists.c.o
[2/2] Linking C executable cmTC_96f55


File /Users/miguel_garcia/Documents/Proyectos/pdandroid/android/app/.cxx/Debug/5t1f1ol3/x86_64/CMakeFiles/CMakeTmp/CheckSymbolExists.c:
/* */
#include <stddef.h>
#include <stdarg.h>
#include <stdlib.h>
#include <string.h>
#include <stdio.h>
#include <wchar.h>
#include <float.h>

int main(int argc, char** argv)
{
  (void)argv;
#ifndef sscanf
  return ((int*)(&sscanf))[argc];
#else
  (void)argc;
  return 0;
#endif
}
Determining if the vsscanf exist passed with the following output:
Change Dir: /Users/miguel_garcia/Documents/Proyectos/pdandroid/android/app/.cxx/Debug/5t1f1ol3/x86_64/CMakeFiles/CMakeTmp

Run Build Command(s):/Users/miguel_garcia/Library/Android/sdk/cmake/3.22.1/bin/ninja cmTC_07a0d && [1/2] Building C object CMakeFiles/cmTC_07a0d.dir/CheckSymbolExists.c.o
[2/2] Linking C executable cmTC_07a0d


File /Users/miguel_garcia/Documents/Proyectos/pdandroid/android/app/.cxx/Debug/5t1f1ol3/x86_64/CMakeFiles/CMakeTmp/CheckSymbolExists.c:
/* */
#include <stddef.h>
#include <stdarg.h>
#include <stdlib.h>
#include <string.h>
#include <stdio.h>
#include <wchar.h>
#include <float.h>

int main(int argc, char** argv)
{
  (void)argv;
#ifndef vsscanf
  return ((int*)(&vsscanf))[argc];
#else
  (void)argc;
  return 0;
#endif
}
Determining if the vsnprintf exist passed with the following output:
Change Dir: /Users/miguel_garcia/Documents/Proyectos/pdandroid/android/app/.cxx/Debug/5t1f1ol3/x86_64/CMakeFiles/CMakeTmp

Run Build Command(s):/Users/miguel_garcia/Library/Android/sdk/cmake/3.22.1/bin/ninja cmTC_ffcc8 && [1/2] Building C object CMakeFiles/cmTC_ffcc8.dir/CheckSymbolExists.c.o
[2/2] Linking C executable cmTC_ffcc8


File /Users/miguel_garcia/Documents/Proyectos/pdandroid/android/app/.cxx/Debug/5t1f1ol3/x86_64/CMakeFiles/CMakeTmp/CheckSymbolExists.c:
/* */
#include <stddef.h>
#include <stdarg.h>
#include <stdlib.h>
#include <string.h>
#include <stdio.h>
#include <wchar.h>
#include <float.h>

int main(int argc, char** argv)
{
  (void)argv;
#ifndef vsnprintf
  return ((int*)(&vsnprintf))[argc];
#else
  (void)argc;
  return 0;
#endif
}
Determining if the fseeko exist passed with the following output:
Change Dir: /Users/miguel_garcia/Documents/Proyectos/pdandroid/android/app/.cxx/Debug/5t1f1ol3/x86_64/CMakeFiles/CMakeTmp

Run Build Command(s):/Users/miguel_garcia/Library/Android/sdk/cmake/3.22.1/bin/ninja cmTC_7f2e9 && [1/2] Building C object CMakeFiles/cmTC_7f2e9.dir/CheckSymbolExists.c.o
[2/2] Linking C executable cmTC_7f2e9


File /Users/miguel_garcia/Documents/Proyectos/pdandroid/android/app/.cxx/Debug/5t1f1ol3/x86_64/CMakeFiles/CMakeTmp/CheckSymbolExists.c:
/* */
#include <stddef.h>
#include <stdarg.h>
#include <stdlib.h>
#include <string.h>
#include <stdio.h>
#include <wchar.h>
#include <float.h>

int main(int argc, char** argv)
{
  (void)argv;
#ifndef fseeko
  return ((int*)(&fseeko))[argc];
#else
  (void)argc;
  return 0;
#endif
}
Determining if the _Exit exist passed with the following output:
Change Dir: /Users/miguel_garcia/Documents/Proyectos/pdandroid/android/app/.cxx/Debug/5t1f1ol3/x86_64/CMakeFiles/CMakeTmp

Run Build Command(s):/Users/miguel_garcia/Library/Android/sdk/cmake/3.22.1/bin/ninja cmTC_ccd09 && [1/2] Building C object CMakeFiles/cmTC_ccd09.dir/CheckSymbolExists.c.o
[2/2] Linking C executable cmTC_ccd09


File /Users/miguel_garcia/Documents/Proyectos/pdandroid/android/app/.cxx/Debug/5t1f1ol3/x86_64/CMakeFiles/CMakeTmp/CheckSymbolExists.c:
/* */
#include <stddef.h>
#include <stdarg.h>
#include <stdlib.h>
#include <string.h>
#include <stdio.h>
#include <wchar.h>
#include <float.h>

int main(int argc, char** argv)
{
  (void)argv;
#ifndef _Exit
  return ((int*)(&_Exit))[argc];
#else
  (void)argc;
  return 0;
#endif
}
Determining if the sigaction exist passed with the following output:
Change Dir: /Users/miguel_garcia/Documents/Proyectos/pdandroid/android/app/.cxx/Debug/5t1f1ol3/x86_64/CMakeFiles/CMakeTmp

Run Build Command(s):/Users/miguel_garcia/Library/Android/sdk/cmake/3.22.1/bin/ninja cmTC_46bf7 && [1/2] Building C object CMakeFiles/cmTC_46bf7.dir/CheckSymbolExists.c.o
[2/2] Linking C executable cmTC_46bf7


File /Users/miguel_garcia/Documents/Proyectos/pdandroid/android/app/.cxx/Debug/5t1f1ol3/x86_64/CMakeFiles/CMakeTmp/CheckSymbolExists.c:
/* */
#include <signal.h>

int main(int argc, char** argv)
{
  (void)argv;
#ifndef sigaction
  return ((int*)(&sigaction))[argc];
#else
  (void)argc;
  return 0;
#endif
}
Determining if the setjmp exist passed with the following output:
Change Dir: /Users/miguel_garcia/Documents/Proyectos/pdandroid/android/app/.cxx/Debug/5t1f1ol3/x86_64/CMakeFiles/CMakeTmp

Run Build Command(s):/Users/miguel_garcia/Library/Android/sdk/cmake/3.22.1/bin/ninja cmTC_f84e4 && [1/2] Building C object CMakeFiles/cmTC_f84e4.dir/CheckSymbolExists.c.o
[2/2] Linking C executable cmTC_f84e4


File /Users/miguel_garcia/Documents/Proyectos/pdandroid/android/app/.cxx/Debug/5t1f1ol3/x86_64/CMakeFiles/CMakeTmp/CheckSymbolExists.c:
/* */
#include <setjmp.h>

int main(int argc, char** argv)
{
  (void)argv;
#ifndef setjmp
  return ((int*)(&setjmp))[argc];
#else
  (void)argc;
  return 0;
#endif
}
Determining if the nanosleep exist passed with the following output:
Change Dir: /Users/miguel_garcia/Documents/Proyectos/pdandroid/android/app/.cxx/Debug/5t1f1ol3/x86_64/CMakeFiles/CMakeTmp

Run Build Command(s):/Users/miguel_garcia/Library/Android/sdk/cmake/3.22.1/bin/ninja cmTC_6b642 && [1/2] Building C object CMakeFiles/cmTC_6b642.dir/CheckSymbolExists.c.o
[2/2] Linking C executable cmTC_6b642


File /Users/miguel_garcia/Documents/Proyectos/pdandroid/android/app/.cxx/Debug/5t1f1ol3/x86_64/CMakeFiles/CMakeTmp/CheckSymbolExists.c:
/* */
#include <time.h>

int main(int argc, char** argv)
{
  (void)argv;
#ifndef nanosleep
  return ((int*)(&nanosleep))[argc];
#else
  (void)argc;
  return 0;
#endif
}
Determining if the sysconf exist passed with the following output:
Change Dir: /Users/miguel_garcia/Documents/Proyectos/pdandroid/android/app/.cxx/Debug/5t1f1ol3/x86_64/CMakeFiles/CMakeTmp

Run Build Command(s):/Users/miguel_garcia/Library/Android/sdk/cmake/3.22.1/bin/ninja cmTC_1c651 && [1/2] Building C object CMakeFiles/cmTC_1c651.dir/CheckSymbolExists.c.o
[2/2] Linking C executable cmTC_1c651


File /Users/miguel_garcia/Documents/Proyectos/pdandroid/android/app/.cxx/Debug/5t1f1ol3/x86_64/CMakeFiles/CMakeTmp/CheckSymbolExists.c:
/* */
#include <unistd.h>

int main(int argc, char** argv)
{
  (void)argv;
#ifndef sysconf
  return ((int*)(&sysconf))[argc];
#else
  (void)argc;
  return 0;
#endif
}
Determining if the getauxval exist passed with the following output:
Change Dir: /Users/miguel_garcia/Documents/Proyectos/pdandroid/android/app/.cxx/Debug/5t1f1ol3/x86_64/CMakeFiles/CMakeTmp

Run Build Command(s):/Users/miguel_garcia/Library/Android/sdk/cmake/3.22.1/bin/ninja cmTC_0e05a && [1/2] Building C object CMakeFiles/cmTC_0e05a.dir/CheckSymbolExists.c.o
[2/2] Linking C executable cmTC_0e05a


File /Users/miguel_garcia/Documents/Proyectos/pdandroid/android/app/.cxx/Debug/5t1f1ol3/x86_64/CMakeFiles/CMakeTmp/CheckSymbolExists.c:
/* */
#include <sys/auxv.h>

int main(int argc, char** argv)
{
  (void)argv;
#ifndef getauxval
  return ((int*)(&getauxval))[argc];
#else
  (void)argc;
  return 0;
#endif
}
Determining if the poll exist passed with the following output:
Change Dir: /Users/miguel_garcia/Documents/Proyectos/pdandroid/android/app/.cxx/Debug/5t1f1ol3/x86_64/CMakeFiles/CMakeTmp

Run Build Command(s):/Users/miguel_garcia/Library/Android/sdk/cmake/3.22.1/bin/ninja cmTC_72694 && [1/2] Building C object CMakeFiles/cmTC_72694.dir/CheckSymbolExists.c.o
[2/2] Linking C executable cmTC_72694


File /Users/miguel_garcia/Documents/Proyectos/pdandroid/android/app/.cxx/Debug/5t1f1ol3/x86_64/CMakeFiles/CMakeTmp/CheckSymbolExists.c:
/* */
#include <poll.h>

int main(int argc, char** argv)
{
  (void)argv;
#ifndef poll
  return ((int*)(&poll))[argc];
#else
  (void)argc;
  return 0;
#endif
}
Determining if the posix_fallocate exist passed with the following output:
Change Dir: /Users/miguel_garcia/Documents/Proyectos/pdandroid/android/app/.cxx/Debug/5t1f1ol3/x86_64/CMakeFiles/CMakeTmp

Run Build Command(s):/Users/miguel_garcia/Library/Android/sdk/cmake/3.22.1/bin/ninja cmTC_6c34b && [1/2] Building C object CMakeFiles/cmTC_6c34b.dir/CheckSymbolExists.c.o
[2/2] Linking C executable cmTC_6c34b


File /Users/miguel_garcia/Documents/Proyectos/pdandroid/android/app/.cxx/Debug/5t1f1ol3/x86_64/CMakeFiles/CMakeTmp/CheckSymbolExists.c:
/* */
#include <fcntl.h>

int main(int argc, char** argv)
{
  (void)argv;
#ifndef posix_fallocate
  return ((int*)(&posix_fallocate))[argc];
#else
  (void)argc;
  return 0;
#endif
}
Determining if the function pow exists in the m passed with the following output:
Change Dir: /Users/miguel_garcia/Documents/Proyectos/pdandroid/android/app/.cxx/Debug/5t1f1ol3/x86_64/CMakeFiles/CMakeTmp

Run Build Command(s):/Users/miguel_garcia/Library/Android/sdk/cmake/3.22.1/bin/ninja cmTC_3351a && [1/2] Building C object CMakeFiles/cmTC_3351a.dir/CheckFunctionExists.c.o
/Users/miguel_garcia/Library/Android/sdk/cmake/3.22.1/share/cmake-3.22/Modules/CheckFunctionExists.c:7:3: warning: incompatible redeclaration of library function 'pow' [-Wincompatible-library-redeclaration]
  CHECK_FUNCTION_EXISTS(void);
  ^
<command line>:3:31: note: expanded from here
#define CHECK_FUNCTION_EXISTS pow
                              ^
/Users/miguel_garcia/Library/Android/sdk/cmake/3.22.1/share/cmake-3.22/Modules/CheckFunctionExists.c:7:3: note: 'pow' is a builtin with type 'double (double, double)'
<command line>:3:31: note: expanded from here
#define CHECK_FUNCTION_EXISTS pow
                              ^
1 warning generated.
[2/2] Linking C executable cmTC_3351a



Determining if the atan exist passed with the following output:
Change Dir: /Users/miguel_garcia/Documents/Proyectos/pdandroid/android/app/.cxx/Debug/5t1f1ol3/x86_64/CMakeFiles/CMakeTmp

Run Build Command(s):/Users/miguel_garcia/Library/Android/sdk/cmake/3.22.1/bin/ninja cmTC_7fd1e && [1/2] Building C object CMakeFiles/cmTC_7fd1e.dir/CheckSymbolExists.c.o
[2/2] Linking C executable cmTC_7fd1e


File /Users/miguel_garcia/Documents/Proyectos/pdandroid/android/app/.cxx/Debug/5t1f1ol3/x86_64/CMakeFiles/CMakeTmp/CheckSymbolExists.c:
/* */
#include <math.h>

int main(int argc, char** argv)
{
  (void)argv;
#ifndef atan
  return ((int*)(&atan))[argc];
#else
  (void)argc;
  return 0;
#endif
}
Determining if the atan2 exist passed with the following output:
Change Dir: /Users/miguel_garcia/Documents/Proyectos/pdandroid/android/app/.cxx/Debug/5t1f1ol3/x86_64/CMakeFiles/CMakeTmp

Run Build Command(s):/Users/miguel_garcia/Library/Android/sdk/cmake/3.22.1/bin/ninja cmTC_8f5e8 && [1/2] Building C object CMakeFiles/cmTC_8f5e8.dir/CheckSymbolExists.c.o
[2/2] Linking C executable cmTC_8f5e8


File /Users/miguel_garcia/Documents/Proyectos/pdandroid/android/app/.cxx/Debug/5t1f1ol3/x86_64/CMakeFiles/CMakeTmp/CheckSymbolExists.c:
/* */
#include <math.h>

int main(int argc, char** argv)
{
  (void)argv;
#ifndef atan2
  return ((int*)(&atan2))[argc];
#else
  (void)argc;
  return 0;
#endif
}
Determining if the atanf exist passed with the following output:
Change Dir: /Users/miguel_garcia/Documents/Proyectos/pdandroid/android/app/.cxx/Debug/5t1f1ol3/x86_64/CMakeFiles/CMakeTmp

Run Build Command(s):/Users/miguel_garcia/Library/Android/sdk/cmake/3.22.1/bin/ninja cmTC_f8c76 && [1/2] Building C object CMakeFiles/cmTC_f8c76.dir/CheckSymbolExists.c.o
[2/2] Linking C executable cmTC_f8c76


File /Users/miguel_garcia/Documents/Proyectos/pdandroid/android/app/.cxx/Debug/5t1f1ol3/x86_64/CMakeFiles/CMakeTmp/CheckSymbolExists.c:
/* */
#include <math.h>

int main(int argc, char** argv)
{
  (void)argv;
#ifndef atanf
  return ((int*)(&atanf))[argc];
#else
  (void)argc;
  return 0;
#endif
}
Determining if the atan2f exist passed with the following output:
Change Dir: /Users/miguel_garcia/Documents/Proyectos/pdandroid/android/app/.cxx/Debug/5t1f1ol3/x86_64/CMakeFiles/CMakeTmp

Run Build Command(s):/Users/miguel_garcia/Library/Android/sdk/cmake/3.22.1/bin/ninja cmTC_43e14 && [1/2] Building C object CMakeFiles/cmTC_43e14.dir/CheckSymbolExists.c.o
[2/2] Linking C executable cmTC_43e14


File /Users/miguel_garcia/Documents/Proyectos/pdandroid/android/app/.cxx/Debug/5t1f1ol3/x86_64/CMakeFiles/CMakeTmp/CheckSymbolExists.c:
/* */
#include <math.h>

int main(int argc, char** argv)
{
  (void)argv;
#ifndef atan2f
  return ((int*)(&atan2f))[argc];
#else
  (void)argc;
  return 0;
#endif
}
Determining if the ceil exist passed with the following output:
Change Dir: /Users/miguel_garcia/Documents/Proyectos/pdandroid/android/app/.cxx/Debug/5t1f1ol3/x86_64/CMakeFiles/CMakeTmp

Run Build Command(s):/Users/miguel_garcia/Library/Android/sdk/cmake/3.22.1/bin/ninja cmTC_c647d && [1/2] Building C object CMakeFiles/cmTC_c647d.dir/CheckSymbolExists.c.o
[2/2] Linking C executable cmTC_c647d


File /Users/miguel_garcia/Documents/Proyectos/pdandroid/android/app/.cxx/Debug/5t1f1ol3/x86_64/CMakeFiles/CMakeTmp/CheckSymbolExists.c:
/* */
#include <math.h>

int main(int argc, char** argv)
{
  (void)argv;
#ifndef ceil
  return ((int*)(&ceil))[argc];
#else
  (void)argc;
  return 0;
#endif
}
Determining if the ceilf exist passed with the following output:
Change Dir: /Users/miguel_garcia/Documents/Proyectos/pdandroid/android/app/.cxx/Debug/5t1f1ol3/x86_64/CMakeFiles/CMakeTmp

Run Build Command(s):/Users/miguel_garcia/Library/Android/sdk/cmake/3.22.1/bin/ninja cmTC_7ccca && [1/2] Building C object CMakeFiles/cmTC_7ccca.dir/CheckSymbolExists.c.o
[2/2] Linking C executable cmTC_7ccca


File /Users/miguel_garcia/Documents/Proyectos/pdandroid/android/app/.cxx/Debug/5t1f1ol3/x86_64/CMakeFiles/CMakeTmp/CheckSymbolExists.c:
/* */
#include <math.h>

int main(int argc, char** argv)
{
  (void)argv;
#ifndef ceilf
  return ((int*)(&ceilf))[argc];
#else
  (void)argc;
  return 0;
#endif
}
Determining if the copysign exist passed with the following output:
Change Dir: /Users/miguel_garcia/Documents/Proyectos/pdandroid/android/app/.cxx/Debug/5t1f1ol3/x86_64/CMakeFiles/CMakeTmp

Run Build Command(s):/Users/miguel_garcia/Library/Android/sdk/cmake/3.22.1/bin/ninja cmTC_5862e && [1/2] Building C object CMakeFiles/cmTC_5862e.dir/CheckSymbolExists.c.o
[2/2] Linking C executable cmTC_5862e


File /Users/miguel_garcia/Documents/Proyectos/pdandroid/android/app/.cxx/Debug/5t1f1ol3/x86_64/CMakeFiles/CMakeTmp/CheckSymbolExists.c:
/* */
#include <math.h>

int main(int argc, char** argv)
{
  (void)argv;
#ifndef copysign
  return ((int*)(&copysign))[argc];
#else
  (void)argc;
  return 0;
#endif
}
Determining if the copysignf exist passed with the following output:
Change Dir: /Users/miguel_garcia/Documents/Proyectos/pdandroid/android/app/.cxx/Debug/5t1f1ol3/x86_64/CMakeFiles/CMakeTmp

Run Build Command(s):/Users/miguel_garcia/Library/Android/sdk/cmake/3.22.1/bin/ninja cmTC_f5114 && [1/2] Building C object CMakeFiles/cmTC_f5114.dir/CheckSymbolExists.c.o
[2/2] Linking C executable cmTC_f5114


File /Users/miguel_garcia/Documents/Proyectos/pdandroid/android/app/.cxx/Debug/5t1f1ol3/x86_64/CMakeFiles/CMakeTmp/CheckSymbolExists.c:
/* */
#include <math.h>

int main(int argc, char** argv)
{
  (void)argv;
#ifndef copysignf
  return ((int*)(&copysignf))[argc];
#else
  (void)argc;
  return 0;
#endif
}
Determining if the cos exist passed with the following output:
Change Dir: /Users/miguel_garcia/Documents/Proyectos/pdandroid/android/app/.cxx/Debug/5t1f1ol3/x86_64/CMakeFiles/CMakeTmp

Run Build Command(s):/Users/miguel_garcia/Library/Android/sdk/cmake/3.22.1/bin/ninja cmTC_af997 && [1/2] Building C object CMakeFiles/cmTC_af997.dir/CheckSymbolExists.c.o
[2/2] Linking C executable cmTC_af997


File /Users/miguel_garcia/Documents/Proyectos/pdandroid/android/app/.cxx/Debug/5t1f1ol3/x86_64/CMakeFiles/CMakeTmp/CheckSymbolExists.c:
/* */
#include <math.h>

int main(int argc, char** argv)
{
  (void)argv;
#ifndef cos
  return ((int*)(&cos))[argc];
#else
  (void)argc;
  return 0;
#endif
}
Determining if the cosf exist passed with the following output:
Change Dir: /Users/miguel_garcia/Documents/Proyectos/pdandroid/android/app/.cxx/Debug/5t1f1ol3/x86_64/CMakeFiles/CMakeTmp

Run Build Command(s):/Users/miguel_garcia/Library/Android/sdk/cmake/3.22.1/bin/ninja cmTC_0cad5 && [1/2] Building C object CMakeFiles/cmTC_0cad5.dir/CheckSymbolExists.c.o
[2/2] Linking C executable cmTC_0cad5


File /Users/miguel_garcia/Documents/Proyectos/pdandroid/android/app/.cxx/Debug/5t1f1ol3/x86_64/CMakeFiles/CMakeTmp/CheckSymbolExists.c:
/* */
#include <math.h>

int main(int argc, char** argv)
{
  (void)argv;
#ifndef cosf
  return ((int*)(&cosf))[argc];
#else
  (void)argc;
  return 0;
#endif
}
Determining if the exp exist passed with the following output:
Change Dir: /Users/miguel_garcia/Documents/Proyectos/pdandroid/android/app/.cxx/Debug/5t1f1ol3/x86_64/CMakeFiles/CMakeTmp

Run Build Command(s):/Users/miguel_garcia/Library/Android/sdk/cmake/3.22.1/bin/ninja cmTC_15bc0 && [1/2] Building C object CMakeFiles/cmTC_15bc0.dir/CheckSymbolExists.c.o
[2/2] Linking C executable cmTC_15bc0


File /Users/miguel_garcia/Documents/Proyectos/pdandroid/android/app/.cxx/Debug/5t1f1ol3/x86_64/CMakeFiles/CMakeTmp/CheckSymbolExists.c:
/* */
#include <math.h>

int main(int argc, char** argv)
{
  (void)argv;
#ifndef exp
  return ((int*)(&exp))[argc];
#else
  (void)argc;
  return 0;
#endif
}
Determining if the expf exist passed with the following output:
Change Dir: /Users/miguel_garcia/Documents/Proyectos/pdandroid/android/app/.cxx/Debug/5t1f1ol3/x86_64/CMakeFiles/CMakeTmp

Run Build Command(s):/Users/miguel_garcia/Library/Android/sdk/cmake/3.22.1/bin/ninja cmTC_11684 && [1/2] Building C object CMakeFiles/cmTC_11684.dir/CheckSymbolExists.c.o
[2/2] Linking C executable cmTC_11684


File /Users/miguel_garcia/Documents/Proyectos/pdandroid/android/app/.cxx/Debug/5t1f1ol3/x86_64/CMakeFiles/CMakeTmp/CheckSymbolExists.c:
/* */
#include <math.h>

int main(int argc, char** argv)
{
  (void)argv;
#ifndef expf
  return ((int*)(&expf))[argc];
#else
  (void)argc;
  return 0;
#endif
}
Determining if the fabs exist passed with the following output:
Change Dir: /Users/miguel_garcia/Documents/Proyectos/pdandroid/android/app/.cxx/Debug/5t1f1ol3/x86_64/CMakeFiles/CMakeTmp

Run Build Command(s):/Users/miguel_garcia/Library/Android/sdk/cmake/3.22.1/bin/ninja cmTC_5654e && [1/2] Building C object CMakeFiles/cmTC_5654e.dir/CheckSymbolExists.c.o
[2/2] Linking C executable cmTC_5654e


File /Users/miguel_garcia/Documents/Proyectos/pdandroid/android/app/.cxx/Debug/5t1f1ol3/x86_64/CMakeFiles/CMakeTmp/CheckSymbolExists.c:
/* */
#include <math.h>

int main(int argc, char** argv)
{
  (void)argv;
#ifndef fabs
  return ((int*)(&fabs))[argc];
#else
  (void)argc;
  return 0;
#endif
}
Determining if the fabsf exist passed with the following output:
Change Dir: /Users/miguel_garcia/Documents/Proyectos/pdandroid/android/app/.cxx/Debug/5t1f1ol3/x86_64/CMakeFiles/CMakeTmp

Run Build Command(s):/Users/miguel_garcia/Library/Android/sdk/cmake/3.22.1/bin/ninja cmTC_ad461 && [1/2] Building C object CMakeFiles/cmTC_ad461.dir/CheckSymbolExists.c.o
[2/2] Linking C executable cmTC_ad461


File /Users/miguel_garcia/Documents/Proyectos/pdandroid/android/app/.cxx/Debug/5t1f1ol3/x86_64/CMakeFiles/CMakeTmp/CheckSymbolExists.c:
/* */
#include <math.h>

int main(int argc, char** argv)
{
  (void)argv;
#ifndef fabsf
  return ((int*)(&fabsf))[argc];
#else
  (void)argc;
  return 0;
#endif
}
Determining if the floor exist passed with the following output:
Change Dir: /Users/miguel_garcia/Documents/Proyectos/pdandroid/android/app/.cxx/Debug/5t1f1ol3/x86_64/CMakeFiles/CMakeTmp

Run Build Command(s):/Users/miguel_garcia/Library/Android/sdk/cmake/3.22.1/bin/ninja cmTC_36ff0 && [1/2] Building C object CMakeFiles/cmTC_36ff0.dir/CheckSymbolExists.c.o
[2/2] Linking C executable cmTC_36ff0


File /Users/miguel_garcia/Documents/Proyectos/pdandroid/android/app/.cxx/Debug/5t1f1ol3/x86_64/CMakeFiles/CMakeTmp/CheckSymbolExists.c:
/* */
#include <math.h>

int main(int argc, char** argv)
{
  (void)argv;
#ifndef floor
  return ((int*)(&floor))[argc];
#else
  (void)argc;
  return 0;
#endif
}
Determining if the floorf exist passed with the following output:
Change Dir: /Users/miguel_garcia/Documents/Proyectos/pdandroid/android/app/.cxx/Debug/5t1f1ol3/x86_64/CMakeFiles/CMakeTmp

Run Build Command(s):/Users/miguel_garcia/Library/Android/sdk/cmake/3.22.1/bin/ninja cmTC_6c9f2 && [1/2] Building C object CMakeFiles/cmTC_6c9f2.dir/CheckSymbolExists.c.o
[2/2] Linking C executable cmTC_6c9f2


File /Users/miguel_garcia/Documents/Proyectos/pdandroid/android/app/.cxx/Debug/5t1f1ol3/x86_64/CMakeFiles/CMakeTmp/CheckSymbolExists.c:
/* */
#include <math.h>

int main(int argc, char** argv)
{
  (void)argv;
#ifndef floorf
  return ((int*)(&floorf))[argc];
#else
  (void)argc;
  return 0;
#endif
}
Determining if the fmod exist passed with the following output:
Change Dir: /Users/miguel_garcia/Documents/Proyectos/pdandroid/android/app/.cxx/Debug/5t1f1ol3/x86_64/CMakeFiles/CMakeTmp

Run Build Command(s):/Users/miguel_garcia/Library/Android/sdk/cmake/3.22.1/bin/ninja cmTC_2e011 && [1/2] Building C object CMakeFiles/cmTC_2e011.dir/CheckSymbolExists.c.o
[2/2] Linking C executable cmTC_2e011


File /Users/miguel_garcia/Documents/Proyectos/pdandroid/android/app/.cxx/Debug/5t1f1ol3/x86_64/CMakeFiles/CMakeTmp/CheckSymbolExists.c:
/* */
#include <math.h>

int main(int argc, char** argv)
{
  (void)argv;
#ifndef fmod
  return ((int*)(&fmod))[argc];
#else
  (void)argc;
  return 0;
#endif
}
Determining if the fmodf exist passed with the following output:
Change Dir: /Users/miguel_garcia/Documents/Proyectos/pdandroid/android/app/.cxx/Debug/5t1f1ol3/x86_64/CMakeFiles/CMakeTmp

Run Build Command(s):/Users/miguel_garcia/Library/Android/sdk/cmake/3.22.1/bin/ninja cmTC_16caf && [1/2] Building C object CMakeFiles/cmTC_16caf.dir/CheckSymbolExists.c.o
[2/2] Linking C executable cmTC_16caf


File /Users/miguel_garcia/Documents/Proyectos/pdandroid/android/app/.cxx/Debug/5t1f1ol3/x86_64/CMakeFiles/CMakeTmp/CheckSymbolExists.c:
/* */
#include <math.h>

int main(int argc, char** argv)
{
  (void)argv;
#ifndef fmodf
  return ((int*)(&fmodf))[argc];
#else
  (void)argc;
  return 0;
#endif
}
Determining if the log exist passed with the following output:
Change Dir: /Users/miguel_garcia/Documents/Proyectos/pdandroid/android/app/.cxx/Debug/5t1f1ol3/x86_64/CMakeFiles/CMakeTmp

Run Build Command(s):/Users/miguel_garcia/Library/Android/sdk/cmake/3.22.1/bin/ninja cmTC_f911b && [1/2] Building C object CMakeFiles/cmTC_f911b.dir/CheckSymbolExists.c.o
[2/2] Linking C executable cmTC_f911b


File /Users/miguel_garcia/Documents/Proyectos/pdandroid/android/app/.cxx/Debug/5t1f1ol3/x86_64/CMakeFiles/CMakeTmp/CheckSymbolExists.c:
/* */
#include <math.h>

int main(int argc, char** argv)
{
  (void)argv;
#ifndef log
  return ((int*)(&log))[argc];
#else
  (void)argc;
  return 0;
#endif
}
Determining if the logf exist passed with the following output:
Change Dir: /Users/miguel_garcia/Documents/Proyectos/pdandroid/android/app/.cxx/Debug/5t1f1ol3/x86_64/CMakeFiles/CMakeTmp

Run Build Command(s):/Users/miguel_garcia/Library/Android/sdk/cmake/3.22.1/bin/ninja cmTC_54917 && [1/2] Building C object CMakeFiles/cmTC_54917.dir/CheckSymbolExists.c.o
[2/2] Linking C executable cmTC_54917


File /Users/miguel_garcia/Documents/Proyectos/pdandroid/android/app/.cxx/Debug/5t1f1ol3/x86_64/CMakeFiles/CMakeTmp/CheckSymbolExists.c:
/* */
#include <math.h>

int main(int argc, char** argv)
{
  (void)argv;
#ifndef logf
  return ((int*)(&logf))[argc];
#else
  (void)argc;
  return 0;
#endif
}
Determining if the log10 exist passed with the following output:
Change Dir: /Users/miguel_garcia/Documents/Proyectos/pdandroid/android/app/.cxx/Debug/5t1f1ol3/x86_64/CMakeFiles/CMakeTmp

Run Build Command(s):/Users/miguel_garcia/Library/Android/sdk/cmake/3.22.1/bin/ninja cmTC_e60bf && [1/2] Building C object CMakeFiles/cmTC_e60bf.dir/CheckSymbolExists.c.o
[2/2] Linking C executable cmTC_e60bf


File /Users/miguel_garcia/Documents/Proyectos/pdandroid/android/app/.cxx/Debug/5t1f1ol3/x86_64/CMakeFiles/CMakeTmp/CheckSymbolExists.c:
/* */
#include <math.h>

int main(int argc, char** argv)
{
  (void)argv;
#ifndef log10
  return ((int*)(&log10))[argc];
#else
  (void)argc;
  return 0;
#endif
}
Determining if the log10f exist passed with the following output:
Change Dir: /Users/miguel_garcia/Documents/Proyectos/pdandroid/android/app/.cxx/Debug/5t1f1ol3/x86_64/CMakeFiles/CMakeTmp

Run Build Command(s):/Users/miguel_garcia/Library/Android/sdk/cmake/3.22.1/bin/ninja cmTC_6c719 && [1/2] Building C object CMakeFiles/cmTC_6c719.dir/CheckSymbolExists.c.o
[2/2] Linking C executable cmTC_6c719


File /Users/miguel_garcia/Documents/Proyectos/pdandroid/android/app/.cxx/Debug/5t1f1ol3/x86_64/CMakeFiles/CMakeTmp/CheckSymbolExists.c:
/* */
#include <math.h>

int main(int argc, char** argv)
{
  (void)argv;
#ifndef log10f
  return ((int*)(&log10f))[argc];
#else
  (void)argc;
  return 0;
#endif
}
Determining if the lround exist passed with the following output:
Change Dir: /Users/miguel_garcia/Documents/Proyectos/pdandroid/android/app/.cxx/Debug/5t1f1ol3/x86_64/CMakeFiles/CMakeTmp

Run Build Command(s):/Users/miguel_garcia/Library/Android/sdk/cmake/3.22.1/bin/ninja cmTC_7cf6c && [1/2] Building C object CMakeFiles/cmTC_7cf6c.dir/CheckSymbolExists.c.o
[2/2] Linking C executable cmTC_7cf6c


File /Users/miguel_garcia/Documents/Proyectos/pdandroid/android/app/.cxx/Debug/5t1f1ol3/x86_64/CMakeFiles/CMakeTmp/CheckSymbolExists.c:
/* */
#include <math.h>

int main(int argc, char** argv)
{
  (void)argv;
#ifndef lround
  return ((int*)(&lround))[argc];
#else
  (void)argc;
  return 0;
#endif
}
Determining if the lroundf exist passed with the following output:
Change Dir: /Users/miguel_garcia/Documents/Proyectos/pdandroid/android/app/.cxx/Debug/5t1f1ol3/x86_64/CMakeFiles/CMakeTmp

Run Build Command(s):/Users/miguel_garcia/Library/Android/sdk/cmake/3.22.1/bin/ninja cmTC_9b478 && [1/2] Building C object CMakeFiles/cmTC_9b478.dir/CheckSymbolExists.c.o
[2/2] Linking C executable cmTC_9b478


File /Users/miguel_garcia/Documents/Proyectos/pdandroid/android/app/.cxx/Debug/5t1f1ol3/x86_64/CMakeFiles/CMakeTmp/CheckSymbolExists.c:
/* */
#include <math.h>

int main(int argc, char** argv)
{
  (void)argv;
#ifndef lroundf
  return ((int*)(&lroundf))[argc];
#else
  (void)argc;
  return 0;
#endif
}
Determining if the pow exist passed with the following output:
Change Dir: /Users/miguel_garcia/Documents/Proyectos/pdandroid/android/app/.cxx/Debug/5t1f1ol3/x86_64/CMakeFiles/CMakeTmp

Run Build Command(s):/Users/miguel_garcia/Library/Android/sdk/cmake/3.22.1/bin/ninja cmTC_0b53f && [1/2] Building C object CMakeFiles/cmTC_0b53f.dir/CheckSymbolExists.c.o
[2/2] Linking C executable cmTC_0b53f


File /Users/miguel_garcia/Documents/Proyectos/pdandroid/android/app/.cxx/Debug/5t1f1ol3/x86_64/CMakeFiles/CMakeTmp/CheckSymbolExists.c:
/* */
#include <math.h>

int main(int argc, char** argv)
{
  (void)argv;
#ifndef pow
  return ((int*)(&pow))[argc];
#else
  (void)argc;
  return 0;
#endif
}
Determining if the powf exist passed with the following output:
Change Dir: /Users/miguel_garcia/Documents/Proyectos/pdandroid/android/app/.cxx/Debug/5t1f1ol3/x86_64/CMakeFiles/CMakeTmp

Run Build Command(s):/Users/miguel_garcia/Library/Android/sdk/cmake/3.22.1/bin/ninja cmTC_07d45 && [1/2] Building C object CMakeFiles/cmTC_07d45.dir/CheckSymbolExists.c.o
[2/2] Linking C executable cmTC_07d45


File /Users/miguel_garcia/Documents/Proyectos/pdandroid/android/app/.cxx/Debug/5t1f1ol3/x86_64/CMakeFiles/CMakeTmp/CheckSymbolExists.c:
/* */
#include <math.h>

int main(int argc, char** argv)
{
  (void)argv;
#ifndef powf
  return ((int*)(&powf))[argc];
#else
  (void)argc;
  return 0;
#endif
}
Determining if the round exist passed with the following output:
Change Dir: /Users/miguel_garcia/Documents/Proyectos/pdandroid/android/app/.cxx/Debug/5t1f1ol3/x86_64/CMakeFiles/CMakeTmp

Run Build Command(s):/Users/miguel_garcia/Library/Android/sdk/cmake/3.22.1/bin/ninja cmTC_f2a91 && [1/2] Building C object CMakeFiles/cmTC_f2a91.dir/CheckSymbolExists.c.o
[2/2] Linking C executable cmTC_f2a91


File /Users/miguel_garcia/Documents/Proyectos/pdandroid/android/app/.cxx/Debug/5t1f1ol3/x86_64/CMakeFiles/CMakeTmp/CheckSymbolExists.c:
/* */
#include <math.h>

int main(int argc, char** argv)
{
  (void)argv;
#ifndef round
  return ((int*)(&round))[argc];
#else
  (void)argc;
  return 0;
#endif
}
Determining if the roundf exist passed with the following output:
Change Dir: /Users/miguel_garcia/Documents/Proyectos/pdandroid/android/app/.cxx/Debug/5t1f1ol3/x86_64/CMakeFiles/CMakeTmp

Run Build Command(s):/Users/miguel_garcia/Library/Android/sdk/cmake/3.22.1/bin/ninja cmTC_90289 && [1/2] Building C object CMakeFiles/cmTC_90289.dir/CheckSymbolExists.c.o
[2/2] Linking C executable cmTC_90289


File /Users/miguel_garcia/Documents/Proyectos/pdandroid/android/app/.cxx/Debug/5t1f1ol3/x86_64/CMakeFiles/CMakeTmp/CheckSymbolExists.c:
/* */
#include <math.h>

int main(int argc, char** argv)
{
  (void)argv;
#ifndef roundf
  return ((int*)(&roundf))[argc];
#else
  (void)argc;
  return 0;
#endif
}
Determining if the scalbn exist passed with the following output:
Change Dir: /Users/miguel_garcia/Documents/Proyectos/pdandroid/android/app/.cxx/Debug/5t1f1ol3/x86_64/CMakeFiles/CMakeTmp

Run Build Command(s):/Users/miguel_garcia/Library/Android/sdk/cmake/3.22.1/bin/ninja cmTC_cf536 && [1/2] Building C object CMakeFiles/cmTC_cf536.dir/CheckSymbolExists.c.o
[2/2] Linking C executable cmTC_cf536


File /Users/miguel_garcia/Documents/Proyectos/pdandroid/android/app/.cxx/Debug/5t1f1ol3/x86_64/CMakeFiles/CMakeTmp/CheckSymbolExists.c:
/* */
#include <math.h>

int main(int argc, char** argv)
{
  (void)argv;
#ifndef scalbn
  return ((int*)(&scalbn))[argc];
#else
  (void)argc;
  return 0;
#endif
}
Determining if the scalbnf exist passed with the following output:
Change Dir: /Users/miguel_garcia/Documents/Proyectos/pdandroid/android/app/.cxx/Debug/5t1f1ol3/x86_64/CMakeFiles/CMakeTmp

Run Build Command(s):/Users/miguel_garcia/Library/Android/sdk/cmake/3.22.1/bin/ninja cmTC_e982f && [1/2] Building C object CMakeFiles/cmTC_e982f.dir/CheckSymbolExists.c.o
[2/2] Linking C executable cmTC_e982f


File /Users/miguel_garcia/Documents/Proyectos/pdandroid/android/app/.cxx/Debug/5t1f1ol3/x86_64/CMakeFiles/CMakeTmp/CheckSymbolExists.c:
/* */
#include <math.h>

int main(int argc, char** argv)
{
  (void)argv;
#ifndef scalbnf
  return ((int*)(&scalbnf))[argc];
#else
  (void)argc;
  return 0;
#endif
}
Determining if the sin exist passed with the following output:
Change Dir: /Users/miguel_garcia/Documents/Proyectos/pdandroid/android/app/.cxx/Debug/5t1f1ol3/x86_64/CMakeFiles/CMakeTmp

Run Build Command(s):/Users/miguel_garcia/Library/Android/sdk/cmake/3.22.1/bin/ninja cmTC_346d7 && [1/2] Building C object CMakeFiles/cmTC_346d7.dir/CheckSymbolExists.c.o
[2/2] Linking C executable cmTC_346d7


File /Users/miguel_garcia/Documents/Proyectos/pdandroid/android/app/.cxx/Debug/5t1f1ol3/x86_64/CMakeFiles/CMakeTmp/CheckSymbolExists.c:
/* */
#include <math.h>

int main(int argc, char** argv)
{
  (void)argv;
#ifndef sin
  return ((int*)(&sin))[argc];
#else
  (void)argc;
  return 0;
#endif
}
Determining if the sinf exist passed with the following output:
Change Dir: /Users/miguel_garcia/Documents/Proyectos/pdandroid/android/app/.cxx/Debug/5t1f1ol3/x86_64/CMakeFiles/CMakeTmp

Run Build Command(s):/Users/miguel_garcia/Library/Android/sdk/cmake/3.22.1/bin/ninja cmTC_f08c6 && [1/2] Building C object CMakeFiles/cmTC_f08c6.dir/CheckSymbolExists.c.o
[2/2] Linking C executable cmTC_f08c6


File /Users/miguel_garcia/Documents/Proyectos/pdandroid/android/app/.cxx/Debug/5t1f1ol3/x86_64/CMakeFiles/CMakeTmp/CheckSymbolExists.c:
/* */
#include <math.h>

int main(int argc, char** argv)
{
  (void)argv;
#ifndef sinf
  return ((int*)(&sinf))[argc];
#else
  (void)argc;
  return 0;
#endif
}
Determining if the sqrt exist passed with the following output:
Change Dir: /Users/miguel_garcia/Documents/Proyectos/pdandroid/android/app/.cxx/Debug/5t1f1ol3/x86_64/CMakeFiles/CMakeTmp

Run Build Command(s):/Users/miguel_garcia/Library/Android/sdk/cmake/3.22.1/bin/ninja cmTC_ddbe0 && [1/2] Building C object CMakeFiles/cmTC_ddbe0.dir/CheckSymbolExists.c.o
[2/2] Linking C executable cmTC_ddbe0


File /Users/miguel_garcia/Documents/Proyectos/pdandroid/android/app/.cxx/Debug/5t1f1ol3/x86_64/CMakeFiles/CMakeTmp/CheckSymbolExists.c:
/* */
#include <math.h>

int main(int argc, char** argv)
{
  (void)argv;
#ifndef sqrt
  return ((int*)(&sqrt))[argc];
#else
  (void)argc;
  return 0;
#endif
}
Determining if the sqrtf exist passed with the following output:
Change Dir: /Users/miguel_garcia/Documents/Proyectos/pdandroid/android/app/.cxx/Debug/5t1f1ol3/x86_64/CMakeFiles/CMakeTmp

Run Build Command(s):/Users/miguel_garcia/Library/Android/sdk/cmake/3.22.1/bin/ninja cmTC_a509b && [1/2] Building C object CMakeFiles/cmTC_a509b.dir/CheckSymbolExists.c.o
[2/2] Linking C executable cmTC_a509b


File /Users/miguel_garcia/Documents/Proyectos/pdandroid/android/app/.cxx/Debug/5t1f1ol3/x86_64/CMakeFiles/CMakeTmp/CheckSymbolExists.c:
/* */
#include <math.h>

int main(int argc, char** argv)
{
  (void)argv;
#ifndef sqrtf
  return ((int*)(&sqrtf))[argc];
#else
  (void)argc;
  return 0;
#endif
}
Determining if the tan exist passed with the following output:
Change Dir: /Users/miguel_garcia/Documents/Proyectos/pdandroid/android/app/.cxx/Debug/5t1f1ol3/x86_64/CMakeFiles/CMakeTmp

Run Build Command(s):/Users/miguel_garcia/Library/Android/sdk/cmake/3.22.1/bin/ninja cmTC_0b2a8 && [1/2] Building C object CMakeFiles/cmTC_0b2a8.dir/CheckSymbolExists.c.o
[2/2] Linking C executable cmTC_0b2a8


File /Users/miguel_garcia/Documents/Proyectos/pdandroid/android/app/.cxx/Debug/5t1f1ol3/x86_64/CMakeFiles/CMakeTmp/CheckSymbolExists.c:
/* */
#include <math.h>

int main(int argc, char** argv)
{
  (void)argv;
#ifndef tan
  return ((int*)(&tan))[argc];
#else
  (void)argc;
  return 0;
#endif
}
Determining if the tanf exist passed with the following output:
Change Dir: /Users/miguel_garcia/Documents/Proyectos/pdandroid/android/app/.cxx/Debug/5t1f1ol3/x86_64/CMakeFiles/CMakeTmp

Run Build Command(s):/Users/miguel_garcia/Library/Android/sdk/cmake/3.22.1/bin/ninja cmTC_acea4 && [1/2] Building C object CMakeFiles/cmTC_acea4.dir/CheckSymbolExists.c.o
[2/2] Linking C executable cmTC_acea4


File /Users/miguel_garcia/Documents/Proyectos/pdandroid/android/app/.cxx/Debug/5t1f1ol3/x86_64/CMakeFiles/CMakeTmp/CheckSymbolExists.c:
/* */
#include <math.h>

int main(int argc, char** argv)
{
  (void)argv;
#ifndef tanf
  return ((int*)(&tanf))[argc];
#else
  (void)argc;
  return 0;
#endif
}
Determining if the acos exist passed with the following output:
Change Dir: /Users/miguel_garcia/Documents/Proyectos/pdandroid/android/app/.cxx/Debug/5t1f1ol3/x86_64/CMakeFiles/CMakeTmp

Run Build Command(s):/Users/miguel_garcia/Library/Android/sdk/cmake/3.22.1/bin/ninja cmTC_1ea2c && [1/2] Building C object CMakeFiles/cmTC_1ea2c.dir/CheckSymbolExists.c.o
[2/2] Linking C executable cmTC_1ea2c


File /Users/miguel_garcia/Documents/Proyectos/pdandroid/android/app/.cxx/Debug/5t1f1ol3/x86_64/CMakeFiles/CMakeTmp/CheckSymbolExists.c:
/* */
#include <math.h>

int main(int argc, char** argv)
{
  (void)argv;
#ifndef acos
  return ((int*)(&acos))[argc];
#else
  (void)argc;
  return 0;
#endif
}
Determining if the acosf exist passed with the following output:
Change Dir: /Users/miguel_garcia/Documents/Proyectos/pdandroid/android/app/.cxx/Debug/5t1f1ol3/x86_64/CMakeFiles/CMakeTmp

Run Build Command(s):/Users/miguel_garcia/Library/Android/sdk/cmake/3.22.1/bin/ninja cmTC_01c28 && [1/2] Building C object CMakeFiles/cmTC_01c28.dir/CheckSymbolExists.c.o
[2/2] Linking C executable cmTC_01c28


File /Users/miguel_garcia/Documents/Proyectos/pdandroid/android/app/.cxx/Debug/5t1f1ol3/x86_64/CMakeFiles/CMakeTmp/CheckSymbolExists.c:
/* */
#include <math.h>

int main(int argc, char** argv)
{
  (void)argv;
#ifndef acosf
  return ((int*)(&acosf))[argc];
#else
  (void)argc;
  return 0;
#endif
}
Determining if the asin exist passed with the following output:
Change Dir: /Users/miguel_garcia/Documents/Proyectos/pdandroid/android/app/.cxx/Debug/5t1f1ol3/x86_64/CMakeFiles/CMakeTmp

Run Build Command(s):/Users/miguel_garcia/Library/Android/sdk/cmake/3.22.1/bin/ninja cmTC_dc48e && [1/2] Building C object CMakeFiles/cmTC_dc48e.dir/CheckSymbolExists.c.o
[2/2] Linking C executable cmTC_dc48e


File /Users/miguel_garcia/Documents/Proyectos/pdandroid/android/app/.cxx/Debug/5t1f1ol3/x86_64/CMakeFiles/CMakeTmp/CheckSymbolExists.c:
/* */
#include <math.h>

int main(int argc, char** argv)
{
  (void)argv;
#ifndef asin
  return ((int*)(&asin))[argc];
#else
  (void)argc;
  return 0;
#endif
}
Determining if the asinf exist passed with the following output:
Change Dir: /Users/miguel_garcia/Documents/Proyectos/pdandroid/android/app/.cxx/Debug/5t1f1ol3/x86_64/CMakeFiles/CMakeTmp

Run Build Command(s):/Users/miguel_garcia/Library/Android/sdk/cmake/3.22.1/bin/ninja cmTC_0245c && [1/2] Building C object CMakeFiles/cmTC_0245c.dir/CheckSymbolExists.c.o
[2/2] Linking C executable cmTC_0245c


File /Users/miguel_garcia/Documents/Proyectos/pdandroid/android/app/.cxx/Debug/5t1f1ol3/x86_64/CMakeFiles/CMakeTmp/CheckSymbolExists.c:
/* */
#include <math.h>

int main(int argc, char** argv)
{
  (void)argv;
#ifndef asinf
  return ((int*)(&asinf))[argc];
#else
  (void)argc;
  return 0;
#endif
}
Determining if the trunc exist passed with the following output:
Change Dir: /Users/miguel_garcia/Documents/Proyectos/pdandroid/android/app/.cxx/Debug/5t1f1ol3/x86_64/CMakeFiles/CMakeTmp

Run Build Command(s):/Users/miguel_garcia/Library/Android/sdk/cmake/3.22.1/bin/ninja cmTC_761b3 && [1/2] Building C object CMakeFiles/cmTC_761b3.dir/CheckSymbolExists.c.o
[2/2] Linking C executable cmTC_761b3


File /Users/miguel_garcia/Documents/Proyectos/pdandroid/android/app/.cxx/Debug/5t1f1ol3/x86_64/CMakeFiles/CMakeTmp/CheckSymbolExists.c:
/* */
#include <math.h>

int main(int argc, char** argv)
{
  (void)argv;
#ifndef trunc
  return ((int*)(&trunc))[argc];
#else
  (void)argc;
  return 0;
#endif
}
Determining if the truncf exist passed with the following output:
Change Dir: /Users/miguel_garcia/Documents/Proyectos/pdandroid/android/app/.cxx/Debug/5t1f1ol3/x86_64/CMakeFiles/CMakeTmp

Run Build Command(s):/Users/miguel_garcia/Library/Android/sdk/cmake/3.22.1/bin/ninja cmTC_91ec3 && [1/2] Building C object CMakeFiles/cmTC_91ec3.dir/CheckSymbolExists.c.o
[2/2] Linking C executable cmTC_91ec3


File /Users/miguel_garcia/Documents/Proyectos/pdandroid/android/app/.cxx/Debug/5t1f1ol3/x86_64/CMakeFiles/CMakeTmp/CheckSymbolExists.c:
/* */
#include <math.h>

int main(int argc, char** argv)
{
  (void)argv;
#ifndef truncf
  return ((int*)(&truncf))[argc];
#else
  (void)argc;
  return 0;
#endif
}
Determining if the include file alloca.h exists passed with the following output:
Change Dir: /Users/miguel_garcia/Documents/Proyectos/pdandroid/android/app/.cxx/Debug/5t1f1ol3/x86_64/CMakeFiles/CMakeTmp

Run Build Command(s):/Users/miguel_garcia/Library/Android/sdk/cmake/3.22.1/bin/ninja cmTC_a1536 && [1/2] Building C object CMakeFiles/cmTC_a1536.dir/CheckIncludeFile.c.o
[2/2] Linking C executable cmTC_a1536



Determining if the alloca exist passed with the following output:
Change Dir: /Users/miguel_garcia/Documents/Proyectos/pdandroid/android/app/.cxx/Debug/5t1f1ol3/x86_64/CMakeFiles/CMakeTmp

Run Build Command(s):/Users/miguel_garcia/Library/Android/sdk/cmake/3.22.1/bin/ninja cmTC_ec4a4 && [1/2] Building C object CMakeFiles/cmTC_ec4a4.dir/CheckSymbolExists.c.o
[2/2] Linking C executable cmTC_ec4a4


File /Users/miguel_garcia/Documents/Proyectos/pdandroid/android/app/.cxx/Debug/5t1f1ol3/x86_64/CMakeFiles/CMakeTmp/CheckSymbolExists.c:
/* */
#include <alloca.h>

int main(int argc, char** argv)
{
  (void)argv;
#ifndef alloca
  return ((int*)(&alloca))[argc];
#else
  (void)argc;
  return 0;
#endif
}
Determining if the alloca exist passed with the following output:
Change Dir: /Users/miguel_garcia/Documents/Proyectos/pdandroid/android/app/.cxx/Debug/5t1f1ol3/x86_64/CMakeFiles/CMakeTmp

Run Build Command(s):/Users/miguel_garcia/Library/Android/sdk/cmake/3.22.1/bin/ninja cmTC_85928 && [1/2] Building C object CMakeFiles/cmTC_85928.dir/CheckSymbolExists.c.o
[2/2] Linking C executable cmTC_85928


File /Users/miguel_garcia/Documents/Proyectos/pdandroid/android/app/.cxx/Debug/5t1f1ol3/x86_64/CMakeFiles/CMakeTmp/CheckSymbolExists.c:
/* */
#include <stdlib.h>

int main(int argc, char** argv)
{
  (void)argv;
#ifndef alloca
  return ((int*)(&alloca))[argc];
#else
  (void)argc;
  return 0;
#endif
}
Performing C SOURCE FILE Test HAVE_SA_SIGACTION succeeded with the following output:
Change Dir: /Users/miguel_garcia/Documents/Proyectos/pdandroid/android/app/.cxx/Debug/5t1f1ol3/x86_64/CMakeFiles/CMakeTmp

Run Build Command(s):/Users/miguel_garcia/Library/Android/sdk/cmake/3.22.1/bin/ninja cmTC_0683b && [1/2] Building C object CMakeFiles/cmTC_0683b.dir/src.c.o
[2/2] Linking C executable cmTC_0683b


Source file was:

#include <signal.h>

int main()
{
  (void)sizeof(((struct sigaction *)0)->sa_sigaction);
  return 0;
}

Determining if the dlopen exist passed with the following output:
Change Dir: /Users/miguel_garcia/Documents/Proyectos/pdandroid/android/app/.cxx/Debug/5t1f1ol3/x86_64/CMakeFiles/CMakeTmp

Run Build Command(s):/Users/miguel_garcia/Library/Android/sdk/cmake/3.22.1/bin/ninja cmTC_416f7 && [1/2] Building C object CMakeFiles/cmTC_416f7.dir/CheckSymbolExists.c.o
[2/2] Linking C executable cmTC_416f7


File /Users/miguel_garcia/Documents/Proyectos/pdandroid/android/app/.cxx/Debug/5t1f1ol3/x86_64/CMakeFiles/CMakeTmp/CheckSymbolExists.c:
/* */
#include <dlfcn.h>

int main(int argc, char** argv)
{
  (void)argv;
#ifndef dlopen
  return ((int*)(&dlopen))[argc];
#else
  (void)argc;
  return 0;
#endif
}
Performing C SOURCE FILE Test HAVE_O_CLOEXEC succeeded with the following output:
Change Dir: /Users/miguel_garcia/Documents/Proyectos/pdandroid/android/app/.cxx/Debug/5t1f1ol3/x86_64/CMakeFiles/CMakeTmp

Run Build Command(s):/Users/miguel_garcia/Library/Android/sdk/cmake/3.22.1/bin/ninja cmTC_afff2 && [1/2] Building C object CMakeFiles/cmTC_afff2.dir/src.c.o
[2/2] Linking C executable cmTC_afff2


Source file was:

    #include <fcntl.h>
    int flag = O_CLOEXEC;
    int main(int argc, char **argv) { return 0; }
Performing C SOURCE FILE Test VULKAN_PASSED_ANDROID_CHECKS succeeded with the following output:
Change Dir: /Users/miguel_garcia/Documents/Proyectos/pdandroid/android/app/.cxx/Debug/5t1f1ol3/x86_64/CMakeFiles/CMakeTmp

Run Build Command(s):/Users/miguel_garcia/Library/Android/sdk/cmake/3.22.1/bin/ninja cmTC_e7618 && [1/2] Building C object CMakeFiles/cmTC_e7618.dir/src.c.o
[2/2] Linking C executable cmTC_e7618


Source file was:

      #if defined(__ARM_ARCH) && __ARM_ARCH < 7
      #error Vulkan doesn't work on this configuration
      #endif
      int main(int argc, char **argv) { return 0; }
      
Performing C SOURCE FILE Test HAVE_PTHREADS succeeded with the following output:
Change Dir: /Users/miguel_garcia/Documents/Proyectos/pdandroid/android/app/.cxx/Debug/5t1f1ol3/x86_64/CMakeFiles/CMakeTmp

Run Build Command(s):/Users/miguel_garcia/Library/Android/sdk/cmake/3.22.1/bin/ninja cmTC_063a0 && [1/2] Building C object CMakeFiles/cmTC_063a0.dir/src.c.o
[2/2] Linking C executable cmTC_063a0


Source file was:

      #include <pthread.h>
      int main(int argc, char** argv) {
        pthread_attr_t type;
        pthread_attr_init(&type);
        return 0;
      }
Performing C SOURCE FILE Test HAVE_RECURSIVE_MUTEXES succeeded with the following output:
Change Dir: /Users/miguel_garcia/Documents/Proyectos/pdandroid/android/app/.cxx/Debug/5t1f1ol3/x86_64/CMakeFiles/CMakeTmp

Run Build Command(s):/Users/miguel_garcia/Library/Android/sdk/cmake/3.22.1/bin/ninja cmTC_22819 && [1/2] Building C object CMakeFiles/cmTC_22819.dir/src.c.o
[2/2] Linking C executable cmTC_22819


Source file was:

        #include <pthread.h>
        int main(int argc, char **argv) {
          pthread_mutexattr_t attr;
          pthread_mutexattr_settype(&attr, PTHREAD_MUTEX_RECURSIVE);
          return 0;
        }
Performing C SOURCE FILE Test HAVE_PTHREADS_SEM succeeded with the following output:
Change Dir: /Users/miguel_garcia/Documents/Proyectos/pdandroid/android/app/.cxx/Debug/5t1f1ol3/x86_64/CMakeFiles/CMakeTmp

Run Build Command(s):/Users/miguel_garcia/Library/Android/sdk/cmake/3.22.1/bin/ninja cmTC_6e16a && [1/2] Building C object CMakeFiles/cmTC_6e16a.dir/src.c.o
[2/2] Linking C executable cmTC_6e16a


Source file was:
#include <pthread.h>
                                 #include <semaphore.h>
                                 int main(int argc, char **argv) { return 0; }
Performing C SOURCE FILE Test HAVE_SEM_TIMEDWAIT succeeded with the following output:
Change Dir: /Users/miguel_garcia/Documents/Proyectos/pdandroid/android/app/.cxx/Debug/5t1f1ol3/x86_64/CMakeFiles/CMakeTmp

Run Build Command(s):/Users/miguel_garcia/Library/Android/sdk/cmake/3.22.1/bin/ninja cmTC_78df9 && [1/2] Building C object CMakeFiles/cmTC_78df9.dir/src.c.o
[2/2] Linking C executable cmTC_78df9


Source file was:

              #include <pthread.h>
              #include <semaphore.h>
              int main(int argc, char **argv) {
                  sem_timedwait(NULL, NULL);
                  return 0;
              }
Determining if files pthread.h exist passed with the following output:
Change Dir: /Users/miguel_garcia/Documents/Proyectos/pdandroid/android/app/.cxx/Debug/5t1f1ol3/x86_64/CMakeFiles/CMakeTmp

Run Build Command(s):/Users/miguel_garcia/Library/Android/sdk/cmake/3.22.1/bin/ninja cmTC_e631a && [1/2] Building C object CMakeFiles/cmTC_e631a.dir/HAVE_PTHREAD_H.c.o
[2/2] Linking C executable cmTC_e631a



Performing C SOURCE FILE Test HAVE_PTHREAD_SETNAME_NP succeeded with the following output:
Change Dir: /Users/miguel_garcia/Documents/Proyectos/pdandroid/android/app/.cxx/Debug/5t1f1ol3/x86_64/CMakeFiles/CMakeTmp

Run Build Command(s):/Users/miguel_garcia/Library/Android/sdk/cmake/3.22.1/bin/ninja cmTC_7a22f && [1/2] Building C object CMakeFiles/cmTC_7a22f.dir/src.c.o
[2/2] Linking C executable cmTC_7a22f


Source file was:

            #include <pthread.h>
            int main(int argc, char **argv) {
              #ifdef __APPLE__
              pthread_setname_np("");
              #else
              pthread_setname_np(pthread_self(),"");
              #endif
              return 0;
            }
