The target system is: Android - 1 - i686
The host system is: Darwin - 25.4.0 - arm64
Compiling the C compiler identification source file "CMakeCCompilerId.c" succeeded.
Compiler: /Users/miguel_garcia/Library/Android/sdk/ndk/25.1.8937393/toolchains/llvm/prebuilt/darwin-x86_64/bin/clang 
Build flags: -g;-DANDROID;-fdata-sections;-ffunction-sections;-funwind-tables;-fstack-protector-strong;-no-canonical-prefixes;-mstackrealign;-D_FORTIFY_SOURCE=2;-Wformat;-Werror=format-security;
Id flags: -c;--target=i686-none-linux-android21 

The output was:
0


Compilation of the C compiler identification source "CMakeCCompilerId.c" produced "CMakeCCompilerId.o"

The C compiler identification is Clang, found in "/Users/miguel_garcia/Documents/Proyectos/pdandroid/android/app/.cxx/Debug/5t1f1ol3/x86/CMakeFiles/3.22.1-g37088a8/CompilerIdC/CMakeCCompilerId.o"

Compiling the CXX compiler identification source file "CMakeCXXCompilerId.cpp" succeeded.
Compiler: /Users/miguel_garcia/Library/Android/sdk/ndk/25.1.8937393/toolchains/llvm/prebuilt/darwin-x86_64/bin/clang++ 
Build flags: -g;-DANDROID;-fdata-sections;-ffunction-sections;-funwind-tables;-fstack-protector-strong;-no-canonical-prefixes;-mstackrealign;-D_FORTIFY_SOURCE=2;-Wformat;-Werror=format-security;;-std=c++20
Id flags: -c;--target=i686-none-linux-android21 

The output was:
0


Compilation of the CXX compiler identification source "CMakeCXXCompilerId.cpp" produced "CMakeCXXCompilerId.o"

The CXX compiler identification is Clang, found in "/Users/miguel_garcia/Documents/Proyectos/pdandroid/android/app/.cxx/Debug/5t1f1ol3/x86/CMakeFiles/3.22.1-g37088a8/CompilerIdCXX/CMakeCXXCompilerId.o"

Detecting C compiler ABI info compiled with the following output:
Change Dir: /Users/miguel_garcia/Documents/Proyectos/pdandroid/android/app/.cxx/Debug/5t1f1ol3/x86/CMakeFiles/CMakeTmp

Run Build Command(s):/Users/miguel_garcia/Library/Android/sdk/cmake/3.22.1/bin/ninja cmTC_03dd6 && [1/2] Building C object CMakeFiles/cmTC_03dd6.dir/CMakeCCompilerABI.c.o
Android (8490178, based on r450784d) clang version 14.0.6 (https://android.googlesource.com/toolchain/llvm-project 4c603efb0cca074e9238af8b4106c30add4418f6)
Target: i686-none-linux-android21
Thread model: posix
InstalledDir: /Users/miguel_garcia/Library/Android/sdk/ndk/25.1.8937393/toolchains/llvm/prebuilt/darwin-x86_64/bin
 (in-process)
 "/Users/miguel_garcia/Library/Android/sdk/ndk/25.1.8937393/toolchains/llvm/prebuilt/darwin-x86_64/bin/clang" -cc1 -triple i686-none-linux-android21 -emit-obj -mrelax-all --mrelax-relocations -disable-free -clear-ast-before-backend -disable-llvm-verifier -discard-value-names -main-file-name CMakeCCompilerABI.c -mrelocation-model pic -pic-level 2 -pic-is-pie -mframe-pointer=all -ffp-contract=on -fno-rounding-math -mconstructor-aliases -funwind-tables=2 -target-cpu i686 -target-feature +ssse3 -tune-cpu generic -mllvm -treat-scalable-fixed-error-as-warning -debug-info-kind=constructor -dwarf-version=4 -debugger-tuning=gdb -target-linker-version 14.0.6 -v -ffunction-sections -fdata-sections -fcoverage-compilation-dir=/Users/miguel_garcia/Documents/Proyectos/pdandroid/android/app/.cxx/Debug/5t1f1ol3/x86/CMakeFiles/CMakeTmp -resource-dir /Users/miguel_garcia/Library/Android/sdk/ndk/25.1.8937393/toolchains/llvm/prebuilt/darwin-x86_64/lib64/clang/14.0.6 -dependency-file CMakeFiles/cmTC_03dd6.dir/CMakeCCompilerABI.c.o.d -MT CMakeFiles/cmTC_03dd6.dir/CMakeCCompilerABI.c.o -sys-header-deps -D ANDROID -D _FORTIFY_SOURCE=2 -isysroot /Users/miguel_garcia/Library/Android/sdk/ndk/25.1.8937393/toolchains/llvm/prebuilt/darwin-x86_64/sysroot -internal-isystem /Users/miguel_garcia/Library/Android/sdk/ndk/25.1.8937393/toolchains/llvm/prebuilt/darwin-x86_64/lib64/clang/14.0.6/include -internal-isystem /Users/miguel_garcia/Library/Android/sdk/ndk/25.1.8937393/toolchains/llvm/prebuilt/darwin-x86_64/sysroot/usr/local/include -internal-externc-isystem /Users/miguel_garcia/Library/Android/sdk/ndk/25.1.8937393/toolchains/llvm/prebuilt/darwin-x86_64/sysroot/usr/include/i686-linux-android -internal-externc-isystem /Users/miguel_garcia/Library/Android/sdk/ndk/25.1.8937393/toolchains/llvm/prebuilt/darwin-x86_64/sysroot/include -internal-externc-isystem /Users/miguel_garcia/Library/Android/sdk/ndk/25.1.8937393/toolchains/llvm/prebuilt/darwin-x86_64/sysroot/usr/include -Wformat -fdebug-compilation-dir=/Users/miguel_garcia/Documents/Proyectos/pdandroid/android/app/.cxx/Debug/5t1f1ol3/x86/CMakeFiles/CMakeTmp -ferror-limit 19 -stack-protector 2 -mstackrealign -fgnuc-version=4.2.1 -D__GCC_HAVE_DWARF2_CFI_ASM=1 -o CMakeFiles/cmTC_03dd6.dir/CMakeCCompilerABI.c.o -x c /Users/miguel_garcia/Library/Android/sdk/cmake/3.22.1/share/cmake-3.22/Modules/CMakeCCompilerABI.c
clang -cc1 version 14.0.6 based upon LLVM 14.0.6git default target x86_64-apple-darwin25.4.0
ignoring nonexistent directory "/Users/miguel_garcia/Library/Android/sdk/ndk/25.1.8937393/toolchains/llvm/prebuilt/darwin-x86_64/sysroot/include"
#include "..." search starts here:
#include <...> search starts here:
 /Users/miguel_garcia/Library/Android/sdk/ndk/25.1.8937393/toolchains/llvm/prebuilt/darwin-x86_64/lib64/clang/14.0.6/include
 /Users/miguel_garcia/Library/Android/sdk/ndk/25.1.8937393/toolchains/llvm/prebuilt/darwin-x86_64/sysroot/usr/local/include
 /Users/miguel_garcia/Library/Android/sdk/ndk/25.1.8937393/toolchains/llvm/prebuilt/darwin-x86_64/sysroot/usr/include/i686-linux-android
 /Users/miguel_garcia/Library/Android/sdk/ndk/25.1.8937393/toolchains/llvm/prebuilt/darwin-x86_64/sysroot/usr/include
End of search list.
[2/2] Linking C executable cmTC_03dd6
Android (8490178, based on r450784d) clang version 14.0.6 (https://android.googlesource.com/toolchain/llvm-project 4c603efb0cca074e9238af8b4106c30add4418f6)
Target: i686-none-linux-android21
Thread model: posix
InstalledDir: /Users/miguel_garcia/Library/Android/sdk/ndk/25.1.8937393/toolchains/llvm/prebuilt/darwin-x86_64/bin
 "/Users/miguel_garcia/Library/Android/sdk/ndk/25.1.8937393/toolchains/llvm/prebuilt/darwin-x86_64/bin/ld" --sysroot=/Users/miguel_garcia/Library/Android/sdk/ndk/25.1.8937393/toolchains/llvm/prebuilt/darwin-x86_64/sysroot -pie --warn-shared-textrel -z now -z relro --hash-style=both --enable-new-dtags --eh-frame-hdr -m elf_i386 -dynamic-linker /system/bin/linker -o cmTC_03dd6 /Users/miguel_garcia/Library/Android/sdk/ndk/25.1.8937393/toolchains/llvm/prebuilt/darwin-x86_64/sysroot/usr/lib/i686-linux-android/21/crtbegin_dynamic.o -L/Users/miguel_garcia/Library/Android/sdk/ndk/25.1.8937393/toolchains/llvm/prebuilt/darwin-x86_64/lib64/clang/14.0.6/lib/linux/i386 -L/Users/miguel_garcia/Library/Android/sdk/ndk/25.1.8937393/toolchains/llvm/prebuilt/darwin-x86_64/sysroot/usr/lib/i686-linux-android/21 -L/Users/miguel_garcia/Library/Android/sdk/ndk/25.1.8937393/toolchains/llvm/prebuilt/darwin-x86_64/sysroot/usr/lib/i686-linux-android -L/Users/miguel_garcia/Library/Android/sdk/ndk/25.1.8937393/toolchains/llvm/prebuilt/darwin-x86_64/sysroot/usr/lib --build-id=sha1 --no-rosegment --fatal-warnings --gc-sections --no-undefined --gc-sections CMakeFiles/cmTC_03dd6.dir/CMakeCCompilerABI.c.o /Users/miguel_garcia/Library/Android/sdk/ndk/25.1.8937393/toolchains/llvm/prebuilt/darwin-x86_64/lib64/clang/14.0.6/lib/linux/libclang_rt.builtins-i686-android.a -l:libunwind.a -ldl -lc /Users/miguel_garcia/Library/Android/sdk/ndk/25.1.8937393/toolchains/llvm/prebuilt/darwin-x86_64/lib64/clang/14.0.6/lib/linux/libclang_rt.builtins-i686-android.a -l:libunwind.a -ldl /Users/miguel_garcia/Library/Android/sdk/ndk/25.1.8937393/toolchains/llvm/prebuilt/darwin-x86_64/sysroot/usr/lib/i686-linux-android/21/crtend_android.o



Parsed C implicit include dir info from above output: rv=done
  found start of include info
  found start of implicit include info
    add: [/Users/miguel_garcia/Library/Android/sdk/ndk/25.1.8937393/toolchains/llvm/prebuilt/darwin-x86_64/lib64/clang/14.0.6/include]
    add: [/Users/miguel_garcia/Library/Android/sdk/ndk/25.1.8937393/toolchains/llvm/prebuilt/darwin-x86_64/sysroot/usr/local/include]
    add: [/Users/miguel_garcia/Library/Android/sdk/ndk/25.1.8937393/toolchains/llvm/prebuilt/darwin-x86_64/sysroot/usr/include/i686-linux-android]
    add: [/Users/miguel_garcia/Library/Android/sdk/ndk/25.1.8937393/toolchains/llvm/prebuilt/darwin-x86_64/sysroot/usr/include]
  end of search list found
  collapse include dir [/Users/miguel_garcia/Library/Android/sdk/ndk/25.1.8937393/toolchains/llvm/prebuilt/darwin-x86_64/lib64/clang/14.0.6/include] ==> [/Users/miguel_garcia/Library/Android/sdk/ndk/25.1.8937393/toolchains/llvm/prebuilt/darwin-x86_64/lib64/clang/14.0.6/include]
  collapse include dir [/Users/miguel_garcia/Library/Android/sdk/ndk/25.1.8937393/toolchains/llvm/prebuilt/darwin-x86_64/sysroot/usr/local/include] ==> [/Users/miguel_garcia/Library/Android/sdk/ndk/25.1.8937393/toolchains/llvm/prebuilt/darwin-x86_64/sysroot/usr/local/include]
  collapse include dir [/Users/miguel_garcia/Library/Android/sdk/ndk/25.1.8937393/toolchains/llvm/prebuilt/darwin-x86_64/sysroot/usr/include/i686-linux-android] ==> [/Users/miguel_garcia/Library/Android/sdk/ndk/25.1.8937393/toolchains/llvm/prebuilt/darwin-x86_64/sysroot/usr/include/i686-linux-android]
  collapse include dir [/Users/miguel_garcia/Library/Android/sdk/ndk/25.1.8937393/toolchains/llvm/prebuilt/darwin-x86_64/sysroot/usr/include] ==> [/Users/miguel_garcia/Library/Android/sdk/ndk/25.1.8937393/toolchains/llvm/prebuilt/darwin-x86_64/sysroot/usr/include]
  implicit include dirs: [/Users/miguel_garcia/Library/Android/sdk/ndk/25.1.8937393/toolchains/llvm/prebuilt/darwin-x86_64/lib64/clang/14.0.6/include;/Users/miguel_garcia/Library/Android/sdk/ndk/25.1.8937393/toolchains/llvm/prebuilt/darwin-x86_64/sysroot/usr/local/include;/Users/miguel_garcia/Library/Android/sdk/ndk/25.1.8937393/toolchains/llvm/prebuilt/darwin-x86_64/sysroot/usr/include/i686-linux-android;/Users/miguel_garcia/Library/Android/sdk/ndk/25.1.8937393/toolchains/llvm/prebuilt/darwin-x86_64/sysroot/usr/include]


Parsed C implicit link information from above output:
  link line regex: [^( *|.*[/\])(ld\.lld|CMAKE_LINK_STARTFILE-NOTFOUND|([^/\]+-)?ld|collect2)[^/\]*( |$)]
  ignore line: [Change Dir: /Users/miguel_garcia/Documents/Proyectos/pdandroid/android/app/.cxx/Debug/5t1f1ol3/x86/CMakeFiles/CMakeTmp]
  ignore line: []
  ignore line: [Run Build Command(s):/Users/miguel_garcia/Library/Android/sdk/cmake/3.22.1/bin/ninja cmTC_03dd6 && [1/2] Building C object CMakeFiles/cmTC_03dd6.dir/CMakeCCompilerABI.c.o]
  ignore line: [Android (8490178  based on r450784d) clang version 14.0.6 (https://android.googlesource.com/toolchain/llvm-project 4c603efb0cca074e9238af8b4106c30add4418f6)]
  ignore line: [Target: i686-none-linux-android21]
  ignore line: [Thread model: posix]
  ignore line: [InstalledDir: /Users/miguel_garcia/Library/Android/sdk/ndk/25.1.8937393/toolchains/llvm/prebuilt/darwin-x86_64/bin]
  ignore line: [ (in-process)]
  ignore line: [ "/Users/miguel_garcia/Library/Android/sdk/ndk/25.1.8937393/toolchains/llvm/prebuilt/darwin-x86_64/bin/clang" -cc1 -triple i686-none-linux-android21 -emit-obj -mrelax-all --mrelax-relocations -disable-free -clear-ast-before-backend -disable-llvm-verifier -discard-value-names -main-file-name CMakeCCompilerABI.c -mrelocation-model pic -pic-level 2 -pic-is-pie -mframe-pointer=all -ffp-contract=on -fno-rounding-math -mconstructor-aliases -funwind-tables=2 -target-cpu i686 -target-feature +ssse3 -tune-cpu generic -mllvm -treat-scalable-fixed-error-as-warning -debug-info-kind=constructor -dwarf-version=4 -debugger-tuning=gdb -target-linker-version 14.0.6 -v -ffunction-sections -fdata-sections -fcoverage-compilation-dir=/Users/miguel_garcia/Documents/Proyectos/pdandroid/android/app/.cxx/Debug/5t1f1ol3/x86/CMakeFiles/CMakeTmp -resource-dir /Users/miguel_garcia/Library/Android/sdk/ndk/25.1.8937393/toolchains/llvm/prebuilt/darwin-x86_64/lib64/clang/14.0.6 -dependency-file CMakeFiles/cmTC_03dd6.dir/CMakeCCompilerABI.c.o.d -MT CMakeFiles/cmTC_03dd6.dir/CMakeCCompilerABI.c.o -sys-header-deps -D ANDROID -D _FORTIFY_SOURCE=2 -isysroot /Users/miguel_garcia/Library/Android/sdk/ndk/25.1.8937393/toolchains/llvm/prebuilt/darwin-x86_64/sysroot -internal-isystem /Users/miguel_garcia/Library/Android/sdk/ndk/25.1.8937393/toolchains/llvm/prebuilt/darwin-x86_64/lib64/clang/14.0.6/include -internal-isystem /Users/miguel_garcia/Library/Android/sdk/ndk/25.1.8937393/toolchains/llvm/prebuilt/darwin-x86_64/sysroot/usr/local/include -internal-externc-isystem /Users/miguel_garcia/Library/Android/sdk/ndk/25.1.8937393/toolchains/llvm/prebuilt/darwin-x86_64/sysroot/usr/include/i686-linux-android -internal-externc-isystem /Users/miguel_garcia/Library/Android/sdk/ndk/25.1.8937393/toolchains/llvm/prebuilt/darwin-x86_64/sysroot/include -internal-externc-isystem /Users/miguel_garcia/Library/Android/sdk/ndk/25.1.8937393/toolchains/llvm/prebuilt/darwin-x86_64/sysroot/usr/include -Wformat -fdebug-compilation-dir=/Users/miguel_garcia/Documents/Proyectos/pdandroid/android/app/.cxx/Debug/5t1f1ol3/x86/CMakeFiles/CMakeTmp -ferror-limit 19 -stack-protector 2 -mstackrealign -fgnuc-version=4.2.1 -D__GCC_HAVE_DWARF2_CFI_ASM=1 -o CMakeFiles/cmTC_03dd6.dir/CMakeCCompilerABI.c.o -x c /Users/miguel_garcia/Library/Android/sdk/cmake/3.22.1/share/cmake-3.22/Modules/CMakeCCompilerABI.c]
  ignore line: [clang -cc1 version 14.0.6 based upon LLVM 14.0.6git default target x86_64-apple-darwin25.4.0]
  ignore line: [ignoring nonexistent directory "/Users/miguel_garcia/Library/Android/sdk/ndk/25.1.8937393/toolchains/llvm/prebuilt/darwin-x86_64/sysroot/include"]
  ignore line: [#include "..." search starts here:]
  ignore line: [#include <...> search starts here:]
  ignore line: [ /Users/miguel_garcia/Library/Android/sdk/ndk/25.1.8937393/toolchains/llvm/prebuilt/darwin-x86_64/lib64/clang/14.0.6/include]
  ignore line: [ /Users/miguel_garcia/Library/Android/sdk/ndk/25.1.8937393/toolchains/llvm/prebuilt/darwin-x86_64/sysroot/usr/local/include]
  ignore line: [ /Users/miguel_garcia/Library/Android/sdk/ndk/25.1.8937393/toolchains/llvm/prebuilt/darwin-x86_64/sysroot/usr/include/i686-linux-android]
  ignore line: [ /Users/miguel_garcia/Library/Android/sdk/ndk/25.1.8937393/toolchains/llvm/prebuilt/darwin-x86_64/sysroot/usr/include]
  ignore line: [End of search list.]
  ignore line: [[2/2] Linking C executable cmTC_03dd6]
  ignore line: [Android (8490178  based on r450784d) clang version 14.0.6 (https://android.googlesource.com/toolchain/llvm-project 4c603efb0cca074e9238af8b4106c30add4418f6)]
  ignore line: [Target: i686-none-linux-android21]
  ignore line: [Thread model: posix]
  ignore line: [InstalledDir: /Users/miguel_garcia/Library/Android/sdk/ndk/25.1.8937393/toolchains/llvm/prebuilt/darwin-x86_64/bin]
  link line: [ "/Users/miguel_garcia/Library/Android/sdk/ndk/25.1.8937393/toolchains/llvm/prebuilt/darwin-x86_64/bin/ld" --sysroot=/Users/miguel_garcia/Library/Android/sdk/ndk/25.1.8937393/toolchains/llvm/prebuilt/darwin-x86_64/sysroot -pie --warn-shared-textrel -z now -z relro --hash-style=both --enable-new-dtags --eh-frame-hdr -m elf_i386 -dynamic-linker /system/bin/linker -o cmTC_03dd6 /Users/miguel_garcia/Library/Android/sdk/ndk/25.1.8937393/toolchains/llvm/prebuilt/darwin-x86_64/sysroot/usr/lib/i686-linux-android/21/crtbegin_dynamic.o -L/Users/miguel_garcia/Library/Android/sdk/ndk/25.1.8937393/toolchains/llvm/prebuilt/darwin-x86_64/lib64/clang/14.0.6/lib/linux/i386 -L/Users/miguel_garcia/Library/Android/sdk/ndk/25.1.8937393/toolchains/llvm/prebuilt/darwin-x86_64/sysroot/usr/lib/i686-linux-android/21 -L/Users/miguel_garcia/Library/Android/sdk/ndk/25.1.8937393/toolchains/llvm/prebuilt/darwin-x86_64/sysroot/usr/lib/i686-linux-android -L/Users/miguel_garcia/Library/Android/sdk/ndk/25.1.8937393/toolchains/llvm/prebuilt/darwin-x86_64/sysroot/usr/lib --build-id=sha1 --no-rosegment --fatal-warnings --gc-sections --no-undefined --gc-sections CMakeFiles/cmTC_03dd6.dir/CMakeCCompilerABI.c.o /Users/miguel_garcia/Library/Android/sdk/ndk/25.1.8937393/toolchains/llvm/prebuilt/darwin-x86_64/lib64/clang/14.0.6/lib/linux/libclang_rt.builtins-i686-android.a -l:libunwind.a -ldl -lc /Users/miguel_garcia/Library/Android/sdk/ndk/25.1.8937393/toolchains/llvm/prebuilt/darwin-x86_64/lib64/clang/14.0.6/lib/linux/libclang_rt.builtins-i686-android.a -l:libunwind.a -ldl /Users/miguel_garcia/Library/Android/sdk/ndk/25.1.8937393/toolchains/llvm/prebuilt/darwin-x86_64/sysroot/usr/lib/i686-linux-android/21/crtend_android.o]
    arg [/Users/miguel_garcia/Library/Android/sdk/ndk/25.1.8937393/toolchains/llvm/prebuilt/darwin-x86_64/bin/ld] ==> ignore
    arg [--sysroot=/Users/miguel_garcia/Library/Android/sdk/ndk/25.1.8937393/toolchains/llvm/prebuilt/darwin-x86_64/sysroot] ==> ignore
    arg [-pie] ==> ignore
    arg [--warn-shared-textrel] ==> ignore
    arg [-znow] ==> ignore
    arg [-zrelro] ==> ignore
    arg [--hash-style=both] ==> ignore
    arg [--enable-new-dtags] ==> ignore
    arg [--eh-frame-hdr] ==> ignore
    arg [-m] ==> ignore
    arg [elf_i386] ==> ignore
    arg [-dynamic-linker] ==> ignore
    arg [/system/bin/linker] ==> ignore
    arg [-o] ==> ignore
    arg [cmTC_03dd6] ==> ignore
    arg [/Users/miguel_garcia/Library/Android/sdk/ndk/25.1.8937393/toolchains/llvm/prebuilt/darwin-x86_64/sysroot/usr/lib/i686-linux-android/21/crtbegin_dynamic.o] ==> obj [/Users/miguel_garcia/Library/Android/sdk/ndk/25.1.8937393/toolchains/llvm/prebuilt/darwin-x86_64/sysroot/usr/lib/i686-linux-android/21/crtbegin_dynamic.o]
    arg [-L/Users/miguel_garcia/Library/Android/sdk/ndk/25.1.8937393/toolchains/llvm/prebuilt/darwin-x86_64/lib64/clang/14.0.6/lib/linux/i386] ==> dir [/Users/miguel_garcia/Library/Android/sdk/ndk/25.1.8937393/toolchains/llvm/prebuilt/darwin-x86_64/lib64/clang/14.0.6/lib/linux/i386]
    arg [-L/Users/miguel_garcia/Library/Android/sdk/ndk/25.1.8937393/toolchains/llvm/prebuilt/darwin-x86_64/sysroot/usr/lib/i686-linux-android/21] ==> dir [/Users/miguel_garcia/Library/Android/sdk/ndk/25.1.8937393/toolchains/llvm/prebuilt/darwin-x86_64/sysroot/usr/lib/i686-linux-android/21]
    arg [-L/Users/miguel_garcia/Library/Android/sdk/ndk/25.1.8937393/toolchains/llvm/prebuilt/darwin-x86_64/sysroot/usr/lib/i686-linux-android] ==> dir [/Users/miguel_garcia/Library/Android/sdk/ndk/25.1.8937393/toolchains/llvm/prebuilt/darwin-x86_64/sysroot/usr/lib/i686-linux-android]
    arg [-L/Users/miguel_garcia/Library/Android/sdk/ndk/25.1.8937393/toolchains/llvm/prebuilt/darwin-x86_64/sysroot/usr/lib] ==> dir [/Users/miguel_garcia/Library/Android/sdk/ndk/25.1.8937393/toolchains/llvm/prebuilt/darwin-x86_64/sysroot/usr/lib]
    arg [--build-id=sha1] ==> ignore
    arg [--no-rosegment] ==> ignore
    arg [--fatal-warnings] ==> ignore
    arg [--gc-sections] ==> ignore
    arg [--no-undefined] ==> ignore
    arg [--gc-sections] ==> ignore
    arg [CMakeFiles/cmTC_03dd6.dir/CMakeCCompilerABI.c.o] ==> ignore
    arg [/Users/miguel_garcia/Library/Android/sdk/ndk/25.1.8937393/toolchains/llvm/prebuilt/darwin-x86_64/lib64/clang/14.0.6/lib/linux/libclang_rt.builtins-i686-android.a] ==> lib [/Users/miguel_garcia/Library/Android/sdk/ndk/25.1.8937393/toolchains/llvm/prebuilt/darwin-x86_64/lib64/clang/14.0.6/lib/linux/libclang_rt.builtins-i686-android.a]
    arg [-l:libunwind.a] ==> lib [-l:libunwind.a]
    arg [-ldl] ==> lib [dl]
    arg [-lc] ==> lib [c]
    arg [/Users/miguel_garcia/Library/Android/sdk/ndk/25.1.8937393/toolchains/llvm/prebuilt/darwin-x86_64/lib64/clang/14.0.6/lib/linux/libclang_rt.builtins-i686-android.a] ==> lib [/Users/miguel_garcia/Library/Android/sdk/ndk/25.1.8937393/toolchains/llvm/prebuilt/darwin-x86_64/lib64/clang/14.0.6/lib/linux/libclang_rt.builtins-i686-android.a]
    arg [-l:libunwind.a] ==> lib [-l:libunwind.a]
    arg [-ldl] ==> lib [dl]
    arg [/Users/miguel_garcia/Library/Android/sdk/ndk/25.1.8937393/toolchains/llvm/prebuilt/darwin-x86_64/sysroot/usr/lib/i686-linux-android/21/crtend_android.o] ==> obj [/Users/miguel_garcia/Library/Android/sdk/ndk/25.1.8937393/toolchains/llvm/prebuilt/darwin-x86_64/sysroot/usr/lib/i686-linux-android/21/crtend_android.o]
  remove lib [/Users/miguel_garcia/Library/Android/sdk/ndk/25.1.8937393/toolchains/llvm/prebuilt/darwin-x86_64/lib64/clang/14.0.6/lib/linux/libclang_rt.builtins-i686-android.a]
  remove lib [/Users/miguel_garcia/Library/Android/sdk/ndk/25.1.8937393/toolchains/llvm/prebuilt/darwin-x86_64/lib64/clang/14.0.6/lib/linux/libclang_rt.builtins-i686-android.a]
  collapse library dir [/Users/miguel_garcia/Library/Android/sdk/ndk/25.1.8937393/toolchains/llvm/prebuilt/darwin-x86_64/lib64/clang/14.0.6/lib/linux/i386] ==> [/Users/miguel_garcia/Library/Android/sdk/ndk/25.1.8937393/toolchains/llvm/prebuilt/darwin-x86_64/lib64/clang/14.0.6/lib/linux/i386]
  collapse library dir [/Users/miguel_garcia/Library/Android/sdk/ndk/25.1.8937393/toolchains/llvm/prebuilt/darwin-x86_64/sysroot/usr/lib/i686-linux-android/21] ==> [/Users/miguel_garcia/Library/Android/sdk/ndk/25.1.8937393/toolchains/llvm/prebuilt/darwin-x86_64/sysroot/usr/lib/i686-linux-android/21]
  collapse library dir [/Users/miguel_garcia/Library/Android/sdk/ndk/25.1.8937393/toolchains/llvm/prebuilt/darwin-x86_64/sysroot/usr/lib/i686-linux-android] ==> [/Users/miguel_garcia/Library/Android/sdk/ndk/25.1.8937393/toolchains/llvm/prebuilt/darwin-x86_64/sysroot/usr/lib/i686-linux-android]
  collapse library dir [/Users/miguel_garcia/Library/Android/sdk/ndk/25.1.8937393/toolchains/llvm/prebuilt/darwin-x86_64/sysroot/usr/lib] ==> [/Users/miguel_garcia/Library/Android/sdk/ndk/25.1.8937393/toolchains/llvm/prebuilt/darwin-x86_64/sysroot/usr/lib]
  implicit libs: [-l:libunwind.a;dl;c;-l:libunwind.a;dl]
  implicit objs: [/Users/miguel_garcia/Library/Android/sdk/ndk/25.1.8937393/toolchains/llvm/prebuilt/darwin-x86_64/sysroot/usr/lib/i686-linux-android/21/crtbegin_dynamic.o;/Users/miguel_garcia/Library/Android/sdk/ndk/25.1.8937393/toolchains/llvm/prebuilt/darwin-x86_64/sysroot/usr/lib/i686-linux-android/21/crtend_android.o]
  implicit dirs: [/Users/miguel_garcia/Library/Android/sdk/ndk/25.1.8937393/toolchains/llvm/prebuilt/darwin-x86_64/lib64/clang/14.0.6/lib/linux/i386;/Users/miguel_garcia/Library/Android/sdk/ndk/25.1.8937393/toolchains/llvm/prebuilt/darwin-x86_64/sysroot/usr/lib/i686-linux-android/21;/Users/miguel_garcia/Library/Android/sdk/ndk/25.1.8937393/toolchains/llvm/prebuilt/darwin-x86_64/sysroot/usr/lib/i686-linux-android;/Users/miguel_garcia/Library/Android/sdk/ndk/25.1.8937393/toolchains/llvm/prebuilt/darwin-x86_64/sysroot/usr/lib]
  implicit fwks: []


Detecting CXX compiler ABI info compiled with the following output:
Change Dir: /Users/miguel_garcia/Documents/Proyectos/pdandroid/android/app/.cxx/Debug/5t1f1ol3/x86/CMakeFiles/CMakeTmp

Run Build Command(s):/Users/miguel_garcia/Library/Android/sdk/cmake/3.22.1/bin/ninja cmTC_129cc && [1/2] Building CXX object CMakeFiles/cmTC_129cc.dir/CMakeCXXCompilerABI.cpp.o
Android (8490178, based on r450784d) clang version 14.0.6 (https://android.googlesource.com/toolchain/llvm-project 4c603efb0cca074e9238af8b4106c30add4418f6)
Target: i686-none-linux-android21
Thread model: posix
InstalledDir: /Users/miguel_garcia/Library/Android/sdk/ndk/25.1.8937393/toolchains/llvm/prebuilt/darwin-x86_64/bin
 (in-process)
 "/Users/miguel_garcia/Library/Android/sdk/ndk/25.1.8937393/toolchains/llvm/prebuilt/darwin-x86_64/bin/clang++" -cc1 -triple i686-none-linux-android21 -emit-obj -mrelax-all --mrelax-relocations -disable-free -clear-ast-before-backend -disable-llvm-verifier -discard-value-names -main-file-name CMakeCXXCompilerABI.cpp -mrelocation-model pic -pic-level 2 -pic-is-pie -mframe-pointer=all -ffp-contract=on -fno-rounding-math -mconstructor-aliases -funwind-tables=2 -target-cpu i686 -target-feature +ssse3 -tune-cpu generic -mllvm -treat-scalable-fixed-error-as-warning -debug-info-kind=constructor -dwarf-version=4 -debugger-tuning=gdb -target-linker-version 14.0.6 -v -ffunction-sections -fdata-sections -fcoverage-compilation-dir=/Users/miguel_garcia/Documents/Proyectos/pdandroid/android/app/.cxx/Debug/5t1f1ol3/x86/CMakeFiles/CMakeTmp -resource-dir /Users/miguel_garcia/Library/Android/sdk/ndk/25.1.8937393/toolchains/llvm/prebuilt/darwin-x86_64/lib64/clang/14.0.6 -dependency-file CMakeFiles/cmTC_129cc.dir/CMakeCXXCompilerABI.cpp.o.d -MT CMakeFiles/cmTC_129cc.dir/CMakeCXXCompilerABI.cpp.o -sys-header-deps -D ANDROID -D _FORTIFY_SOURCE=2 -isysroot /Users/miguel_garcia/Library/Android/sdk/ndk/25.1.8937393/toolchains/llvm/prebuilt/darwin-x86_64/sysroot -internal-isystem /Users/miguel_garcia/Library/Android/sdk/ndk/25.1.8937393/toolchains/llvm/prebuilt/darwin-x86_64/sysroot/usr/include/c++/v1 -internal-isystem /Users/miguel_garcia/Library/Android/sdk/ndk/25.1.8937393/toolchains/llvm/prebuilt/darwin-x86_64/lib64/clang/14.0.6/include -internal-isystem /Users/miguel_garcia/Library/Android/sdk/ndk/25.1.8937393/toolchains/llvm/prebuilt/darwin-x86_64/sysroot/usr/local/include -internal-externc-isystem /Users/miguel_garcia/Library/Android/sdk/ndk/25.1.8937393/toolchains/llvm/prebuilt/darwin-x86_64/sysroot/usr/include/i686-linux-android -internal-externc-isystem /Users/miguel_garcia/Library/Android/sdk/ndk/25.1.8937393/toolchains/llvm/prebuilt/darwin-x86_64/sysroot/include -internal-externc-isystem /Users/miguel_garcia/Library/Android/sdk/ndk/25.1.8937393/toolchains/llvm/prebuilt/darwin-x86_64/sysroot/usr/include -Wformat -std=c++20 -fdeprecated-macro -fdebug-compilation-dir=/Users/miguel_garcia/Documents/Proyectos/pdandroid/android/app/.cxx/Debug/5t1f1ol3/x86/CMakeFiles/CMakeTmp -ferror-limit 19 -stack-protector 2 -mstackrealign -fgnuc-version=4.2.1 -fno-implicit-modules -fcxx-exceptions -fexceptions -D__GCC_HAVE_DWARF2_CFI_ASM=1 -o CMakeFiles/cmTC_129cc.dir/CMakeCXXCompilerABI.cpp.o -x c++ /Users/miguel_garcia/Library/Android/sdk/cmake/3.22.1/share/cmake-3.22/Modules/CMakeCXXCompilerABI.cpp
clang -cc1 version 14.0.6 based upon LLVM 14.0.6git default target x86_64-apple-darwin25.4.0
ignoring nonexistent directory "/Users/miguel_garcia/Library/Android/sdk/ndk/25.1.8937393/toolchains/llvm/prebuilt/darwin-x86_64/sysroot/include"
#include "..." search starts here:
#include <...> search starts here:
 /Users/miguel_garcia/Library/Android/sdk/ndk/25.1.8937393/toolchains/llvm/prebuilt/darwin-x86_64/sysroot/usr/include/c++/v1
 /Users/miguel_garcia/Library/Android/sdk/ndk/25.1.8937393/toolchains/llvm/prebuilt/darwin-x86_64/lib64/clang/14.0.6/include
 /Users/miguel_garcia/Library/Android/sdk/ndk/25.1.8937393/toolchains/llvm/prebuilt/darwin-x86_64/sysroot/usr/local/include
 /Users/miguel_garcia/Library/Android/sdk/ndk/25.1.8937393/toolchains/llvm/prebuilt/darwin-x86_64/sysroot/usr/include/i686-linux-android
 /Users/miguel_garcia/Library/Android/sdk/ndk/25.1.8937393/toolchains/llvm/prebuilt/darwin-x86_64/sysroot/usr/include
End of search list.
[2/2] Linking CXX executable cmTC_129cc
Android (8490178, based on r450784d) clang version 14.0.6 (https://android.googlesource.com/toolchain/llvm-project 4c603efb0cca074e9238af8b4106c30add4418f6)
Target: i686-none-linux-android21
Thread model: posix
InstalledDir: /Users/miguel_garcia/Library/Android/sdk/ndk/25.1.8937393/toolchains/llvm/prebuilt/darwin-x86_64/bin
 "/Users/miguel_garcia/Library/Android/sdk/ndk/25.1.8937393/toolchains/llvm/prebuilt/darwin-x86_64/bin/ld" --sysroot=/Users/miguel_garcia/Library/Android/sdk/ndk/25.1.8937393/toolchains/llvm/prebuilt/darwin-x86_64/sysroot -pie --warn-shared-textrel -z now -z relro --hash-style=both --enable-new-dtags --eh-frame-hdr -m elf_i386 -dynamic-linker /system/bin/linker -o cmTC_129cc /Users/miguel_garcia/Library/Android/sdk/ndk/25.1.8937393/toolchains/llvm/prebuilt/darwin-x86_64/sysroot/usr/lib/i686-linux-android/21/crtbegin_dynamic.o -L/Users/miguel_garcia/Library/Android/sdk/ndk/25.1.8937393/toolchains/llvm/prebuilt/darwin-x86_64/lib64/clang/14.0.6/lib/linux/i386 -L/Users/miguel_garcia/Library/Android/sdk/ndk/25.1.8937393/toolchains/llvm/prebuilt/darwin-x86_64/sysroot/usr/lib/i686-linux-android/21 -L/Users/miguel_garcia/Library/Android/sdk/ndk/25.1.8937393/toolchains/llvm/prebuilt/darwin-x86_64/sysroot/usr/lib/i686-linux-android -L/Users/miguel_garcia/Library/Android/sdk/ndk/25.1.8937393/toolchains/llvm/prebuilt/darwin-x86_64/sysroot/usr/lib --build-id=sha1 --no-rosegment --fatal-warnings --gc-sections --no-undefined --gc-sections CMakeFiles/cmTC_129cc.dir/CMakeCXXCompilerABI.cpp.o -lc++ -lm /Users/miguel_garcia/Library/Android/sdk/ndk/25.1.8937393/toolchains/llvm/prebuilt/darwin-x86_64/lib64/clang/14.0.6/lib/linux/libclang_rt.builtins-i686-android.a -l:libunwind.a -ldl -lc /Users/miguel_garcia/Library/Android/sdk/ndk/25.1.8937393/toolchains/llvm/prebuilt/darwin-x86_64/lib64/clang/14.0.6/lib/linux/libclang_rt.builtins-i686-android.a -l:libunwind.a -ldl /Users/miguel_garcia/Library/Android/sdk/ndk/25.1.8937393/toolchains/llvm/prebuilt/darwin-x86_64/sysroot/usr/lib/i686-linux-android/21/crtend_android.o



Parsed CXX implicit include dir info from above output: rv=done
  found start of include info
  found start of implicit include info
    add: [/Users/miguel_garcia/Library/Android/sdk/ndk/25.1.8937393/toolchains/llvm/prebuilt/darwin-x86_64/sysroot/usr/include/c++/v1]
    add: [/Users/miguel_garcia/Library/Android/sdk/ndk/25.1.8937393/toolchains/llvm/prebuilt/darwin-x86_64/lib64/clang/14.0.6/include]
    add: [/Users/miguel_garcia/Library/Android/sdk/ndk/25.1.8937393/toolchains/llvm/prebuilt/darwin-x86_64/sysroot/usr/local/include]
    add: [/Users/miguel_garcia/Library/Android/sdk/ndk/25.1.8937393/toolchains/llvm/prebuilt/darwin-x86_64/sysroot/usr/include/i686-linux-android]
    add: [/Users/miguel_garcia/Library/Android/sdk/ndk/25.1.8937393/toolchains/llvm/prebuilt/darwin-x86_64/sysroot/usr/include]
  end of search list found
  collapse include dir [/Users/miguel_garcia/Library/Android/sdk/ndk/25.1.8937393/toolchains/llvm/prebuilt/darwin-x86_64/sysroot/usr/include/c++/v1] ==> [/Users/miguel_garcia/Library/Android/sdk/ndk/25.1.8937393/toolchains/llvm/prebuilt/darwin-x86_64/sysroot/usr/include/c++/v1]
  collapse include dir [/Users/miguel_garcia/Library/Android/sdk/ndk/25.1.8937393/toolchains/llvm/prebuilt/darwin-x86_64/lib64/clang/14.0.6/include] ==> [/Users/miguel_garcia/Library/Android/sdk/ndk/25.1.8937393/toolchains/llvm/prebuilt/darwin-x86_64/lib64/clang/14.0.6/include]
  collapse include dir [/Users/miguel_garcia/Library/Android/sdk/ndk/25.1.8937393/toolchains/llvm/prebuilt/darwin-x86_64/sysroot/usr/local/include] ==> [/Users/miguel_garcia/Library/Android/sdk/ndk/25.1.8937393/toolchains/llvm/prebuilt/darwin-x86_64/sysroot/usr/local/include]
  collapse include dir [/Users/miguel_garcia/Library/Android/sdk/ndk/25.1.8937393/toolchains/llvm/prebuilt/darwin-x86_64/sysroot/usr/include/i686-linux-android] ==> [/Users/miguel_garcia/Library/Android/sdk/ndk/25.1.8937393/toolchains/llvm/prebuilt/darwin-x86_64/sysroot/usr/include/i686-linux-android]
  collapse include dir [/Users/miguel_garcia/Library/Android/sdk/ndk/25.1.8937393/toolchains/llvm/prebuilt/darwin-x86_64/sysroot/usr/include] ==> [/Users/miguel_garcia/Library/Android/sdk/ndk/25.1.8937393/toolchains/llvm/prebuilt/darwin-x86_64/sysroot/usr/include]
  implicit include dirs: [/Users/miguel_garcia/Library/Android/sdk/ndk/25.1.8937393/toolchains/llvm/prebuilt/darwin-x86_64/sysroot/usr/include/c++/v1;/Users/miguel_garcia/Library/Android/sdk/ndk/25.1.8937393/toolchains/llvm/prebuilt/darwin-x86_64/lib64/clang/14.0.6/include;/Users/miguel_garcia/Library/Android/sdk/ndk/25.1.8937393/toolchains/llvm/prebuilt/darwin-x86_64/sysroot/usr/local/include;/Users/miguel_garcia/Library/Android/sdk/ndk/25.1.8937393/toolchains/llvm/prebuilt/darwin-x86_64/sysroot/usr/include/i686-linux-android;/Users/miguel_garcia/Library/Android/sdk/ndk/25.1.8937393/toolchains/llvm/prebuilt/darwin-x86_64/sysroot/usr/include]


Parsed CXX implicit link information from above output:
  link line regex: [^( *|.*[/\])(ld\.lld|CMAKE_LINK_STARTFILE-NOTFOUND|([^/\]+-)?ld|collect2)[^/\]*( |$)]
  ignore line: [Change Dir: /Users/miguel_garcia/Documents/Proyectos/pdandroid/android/app/.cxx/Debug/5t1f1ol3/x86/CMakeFiles/CMakeTmp]
  ignore line: []
  ignore line: [Run Build Command(s):/Users/miguel_garcia/Library/Android/sdk/cmake/3.22.1/bin/ninja cmTC_129cc && [1/2] Building CXX object CMakeFiles/cmTC_129cc.dir/CMakeCXXCompilerABI.cpp.o]
  ignore line: [Android (8490178  based on r450784d) clang version 14.0.6 (https://android.googlesource.com/toolchain/llvm-project 4c603efb0cca074e9238af8b4106c30add4418f6)]
  ignore line: [Target: i686-none-linux-android21]
  ignore line: [Thread model: posix]
  ignore line: [InstalledDir: /Users/miguel_garcia/Library/Android/sdk/ndk/25.1.8937393/toolchains/llvm/prebuilt/darwin-x86_64/bin]
  ignore line: [ (in-process)]
  ignore line: [ "/Users/miguel_garcia/Library/Android/sdk/ndk/25.1.8937393/toolchains/llvm/prebuilt/darwin-x86_64/bin/clang++" -cc1 -triple i686-none-linux-android21 -emit-obj -mrelax-all --mrelax-relocations -disable-free -clear-ast-before-backend -disable-llvm-verifier -discard-value-names -main-file-name CMakeCXXCompilerABI.cpp -mrelocation-model pic -pic-level 2 -pic-is-pie -mframe-pointer=all -ffp-contract=on -fno-rounding-math -mconstructor-aliases -funwind-tables=2 -target-cpu i686 -target-feature +ssse3 -tune-cpu generic -mllvm -treat-scalable-fixed-error-as-warning -debug-info-kind=constructor -dwarf-version=4 -debugger-tuning=gdb -target-linker-version 14.0.6 -v -ffunction-sections -fdata-sections -fcoverage-compilation-dir=/Users/miguel_garcia/Documents/Proyectos/pdandroid/android/app/.cxx/Debug/5t1f1ol3/x86/CMakeFiles/CMakeTmp -resource-dir /Users/miguel_garcia/Library/Android/sdk/ndk/25.1.8937393/toolchains/llvm/prebuilt/darwin-x86_64/lib64/clang/14.0.6 -dependency-file CMakeFiles/cmTC_129cc.dir/CMakeCXXCompilerABI.cpp.o.d -MT CMakeFiles/cmTC_129cc.dir/CMakeCXXCompilerABI.cpp.o -sys-header-deps -D ANDROID -D _FORTIFY_SOURCE=2 -isysroot /Users/miguel_garcia/Library/Android/sdk/ndk/25.1.8937393/toolchains/llvm/prebuilt/darwin-x86_64/sysroot -internal-isystem /Users/miguel_garcia/Library/Android/sdk/ndk/25.1.8937393/toolchains/llvm/prebuilt/darwin-x86_64/sysroot/usr/include/c++/v1 -internal-isystem /Users/miguel_garcia/Library/Android/sdk/ndk/25.1.8937393/toolchains/llvm/prebuilt/darwin-x86_64/lib64/clang/14.0.6/include -internal-isystem /Users/miguel_garcia/Library/Android/sdk/ndk/25.1.8937393/toolchains/llvm/prebuilt/darwin-x86_64/sysroot/usr/local/include -internal-externc-isystem /Users/miguel_garcia/Library/Android/sdk/ndk/25.1.8937393/toolchains/llvm/prebuilt/darwin-x86_64/sysroot/usr/include/i686-linux-android -internal-externc-isystem /Users/miguel_garcia/Library/Android/sdk/ndk/25.1.8937393/toolchains/llvm/prebuilt/darwin-x86_64/sysroot/include -internal-externc-isystem /Users/miguel_garcia/Library/Android/sdk/ndk/25.1.8937393/toolchains/llvm/prebuilt/darwin-x86_64/sysroot/usr/include -Wformat -std=c++20 -fdeprecated-macro -fdebug-compilation-dir=/Users/miguel_garcia/Documents/Proyectos/pdandroid/android/app/.cxx/Debug/5t1f1ol3/x86/CMakeFiles/CMakeTmp -ferror-limit 19 -stack-protector 2 -mstackrealign -fgnuc-version=4.2.1 -fno-implicit-modules -fcxx-exceptions -fexceptions -D__GCC_HAVE_DWARF2_CFI_ASM=1 -o CMakeFiles/cmTC_129cc.dir/CMakeCXXCompilerABI.cpp.o -x c++ /Users/miguel_garcia/Library/Android/sdk/cmake/3.22.1/share/cmake-3.22/Modules/CMakeCXXCompilerABI.cpp]
  ignore line: [clang -cc1 version 14.0.6 based upon LLVM 14.0.6git default target x86_64-apple-darwin25.4.0]
  ignore line: [ignoring nonexistent directory "/Users/miguel_garcia/Library/Android/sdk/ndk/25.1.8937393/toolchains/llvm/prebuilt/darwin-x86_64/sysroot/include"]
  ignore line: [#include "..." search starts here:]
  ignore line: [#include <...> search starts here:]
  ignore line: [ /Users/miguel_garcia/Library/Android/sdk/ndk/25.1.8937393/toolchains/llvm/prebuilt/darwin-x86_64/sysroot/usr/include/c++/v1]
  ignore line: [ /Users/miguel_garcia/Library/Android/sdk/ndk/25.1.8937393/toolchains/llvm/prebuilt/darwin-x86_64/lib64/clang/14.0.6/include]
  ignore line: [ /Users/miguel_garcia/Library/Android/sdk/ndk/25.1.8937393/toolchains/llvm/prebuilt/darwin-x86_64/sysroot/usr/local/include]
  ignore line: [ /Users/miguel_garcia/Library/Android/sdk/ndk/25.1.8937393/toolchains/llvm/prebuilt/darwin-x86_64/sysroot/usr/include/i686-linux-android]
  ignore line: [ /Users/miguel_garcia/Library/Android/sdk/ndk/25.1.8937393/toolchains/llvm/prebuilt/darwin-x86_64/sysroot/usr/include]
  ignore line: [End of search list.]
  ignore line: [[2/2] Linking CXX executable cmTC_129cc]
  ignore line: [Android (8490178  based on r450784d) clang version 14.0.6 (https://android.googlesource.com/toolchain/llvm-project 4c603efb0cca074e9238af8b4106c30add4418f6)]
  ignore line: [Target: i686-none-linux-android21]
  ignore line: [Thread model: posix]
  ignore line: [InstalledDir: /Users/miguel_garcia/Library/Android/sdk/ndk/25.1.8937393/toolchains/llvm/prebuilt/darwin-x86_64/bin]
  link line: [ "/Users/miguel_garcia/Library/Android/sdk/ndk/25.1.8937393/toolchains/llvm/prebuilt/darwin-x86_64/bin/ld" --sysroot=/Users/miguel_garcia/Library/Android/sdk/ndk/25.1.8937393/toolchains/llvm/prebuilt/darwin-x86_64/sysroot -pie --warn-shared-textrel -z now -z relro --hash-style=both --enable-new-dtags --eh-frame-hdr -m elf_i386 -dynamic-linker /system/bin/linker -o cmTC_129cc /Users/miguel_garcia/Library/Android/sdk/ndk/25.1.8937393/toolchains/llvm/prebuilt/darwin-x86_64/sysroot/usr/lib/i686-linux-android/21/crtbegin_dynamic.o -L/Users/miguel_garcia/Library/Android/sdk/ndk/25.1.8937393/toolchains/llvm/prebuilt/darwin-x86_64/lib64/clang/14.0.6/lib/linux/i386 -L/Users/miguel_garcia/Library/Android/sdk/ndk/25.1.8937393/toolchains/llvm/prebuilt/darwin-x86_64/sysroot/usr/lib/i686-linux-android/21 -L/Users/miguel_garcia/Library/Android/sdk/ndk/25.1.8937393/toolchains/llvm/prebuilt/darwin-x86_64/sysroot/usr/lib/i686-linux-android -L/Users/miguel_garcia/Library/Android/sdk/ndk/25.1.8937393/toolchains/llvm/prebuilt/darwin-x86_64/sysroot/usr/lib --build-id=sha1 --no-rosegment --fatal-warnings --gc-sections --no-undefined --gc-sections CMakeFiles/cmTC_129cc.dir/CMakeCXXCompilerABI.cpp.o -lc++ -lm /Users/miguel_garcia/Library/Android/sdk/ndk/25.1.8937393/toolchains/llvm/prebuilt/darwin-x86_64/lib64/clang/14.0.6/lib/linux/libclang_rt.builtins-i686-android.a -l:libunwind.a -ldl -lc /Users/miguel_garcia/Library/Android/sdk/ndk/25.1.8937393/toolchains/llvm/prebuilt/darwin-x86_64/lib64/clang/14.0.6/lib/linux/libclang_rt.builtins-i686-android.a -l:libunwind.a -ldl /Users/miguel_garcia/Library/Android/sdk/ndk/25.1.8937393/toolchains/llvm/prebuilt/darwin-x86_64/sysroot/usr/lib/i686-linux-android/21/crtend_android.o]
    arg [/Users/miguel_garcia/Library/Android/sdk/ndk/25.1.8937393/toolchains/llvm/prebuilt/darwin-x86_64/bin/ld] ==> ignore
    arg [--sysroot=/Users/miguel_garcia/Library/Android/sdk/ndk/25.1.8937393/toolchains/llvm/prebuilt/darwin-x86_64/sysroot] ==> ignore
    arg [-pie] ==> ignore
    arg [--warn-shared-textrel] ==> ignore
    arg [-znow] ==> ignore
    arg [-zrelro] ==> ignore
    arg [--hash-style=both] ==> ignore
    arg [--enable-new-dtags] ==> ignore
    arg [--eh-frame-hdr] ==> ignore
    arg [-m] ==> ignore
    arg [elf_i386] ==> ignore
    arg [-dynamic-linker] ==> ignore
    arg [/system/bin/linker] ==> ignore
    arg [-o] ==> ignore
    arg [cmTC_129cc] ==> ignore
    arg [/Users/miguel_garcia/Library/Android/sdk/ndk/25.1.8937393/toolchains/llvm/prebuilt/darwin-x86_64/sysroot/usr/lib/i686-linux-android/21/crtbegin_dynamic.o] ==> obj [/Users/miguel_garcia/Library/Android/sdk/ndk/25.1.8937393/toolchains/llvm/prebuilt/darwin-x86_64/sysroot/usr/lib/i686-linux-android/21/crtbegin_dynamic.o]
    arg [-L/Users/miguel_garcia/Library/Android/sdk/ndk/25.1.8937393/toolchains/llvm/prebuilt/darwin-x86_64/lib64/clang/14.0.6/lib/linux/i386] ==> dir [/Users/miguel_garcia/Library/Android/sdk/ndk/25.1.8937393/toolchains/llvm/prebuilt/darwin-x86_64/lib64/clang/14.0.6/lib/linux/i386]
    arg [-L/Users/miguel_garcia/Library/Android/sdk/ndk/25.1.8937393/toolchains/llvm/prebuilt/darwin-x86_64/sysroot/usr/lib/i686-linux-android/21] ==> dir [/Users/miguel_garcia/Library/Android/sdk/ndk/25.1.8937393/toolchains/llvm/prebuilt/darwin-x86_64/sysroot/usr/lib/i686-linux-android/21]
    arg [-L/Users/miguel_garcia/Library/Android/sdk/ndk/25.1.8937393/toolchains/llvm/prebuilt/darwin-x86_64/sysroot/usr/lib/i686-linux-android] ==> dir [/Users/miguel_garcia/Library/Android/sdk/ndk/25.1.8937393/toolchains/llvm/prebuilt/darwin-x86_64/sysroot/usr/lib/i686-linux-android]
    arg [-L/Users/miguel_garcia/Library/Android/sdk/ndk/25.1.8937393/toolchains/llvm/prebuilt/darwin-x86_64/sysroot/usr/lib] ==> dir [/Users/miguel_garcia/Library/Android/sdk/ndk/25.1.8937393/toolchains/llvm/prebuilt/darwin-x86_64/sysroot/usr/lib]
    arg [--build-id=sha1] ==> ignore
    arg [--no-rosegment] ==> ignore
    arg [--fatal-warnings] ==> ignore
    arg [--gc-sections] ==> ignore
    arg [--no-undefined] ==> ignore
    arg [--gc-sections] ==> ignore
    arg [CMakeFiles/cmTC_129cc.dir/CMakeCXXCompilerABI.cpp.o] ==> ignore
    arg [-lc++] ==> lib [c++]
    arg [-lm] ==> lib [m]
    arg [/Users/miguel_garcia/Library/Android/sdk/ndk/25.1.8937393/toolchains/llvm/prebuilt/darwin-x86_64/lib64/clang/14.0.6/lib/linux/libclang_rt.builtins-i686-android.a] ==> lib [/Users/miguel_garcia/Library/Android/sdk/ndk/25.1.8937393/toolchains/llvm/prebuilt/darwin-x86_64/lib64/clang/14.0.6/lib/linux/libclang_rt.builtins-i686-android.a]
    arg [-l:libunwind.a] ==> lib [-l:libunwind.a]
    arg [-ldl] ==> lib [dl]
    arg [-lc] ==> lib [c]
    arg [/Users/miguel_garcia/Library/Android/sdk/ndk/25.1.8937393/toolchains/llvm/prebuilt/darwin-x86_64/lib64/clang/14.0.6/lib/linux/libclang_rt.builtins-i686-android.a] ==> lib [/Users/miguel_garcia/Library/Android/sdk/ndk/25.1.8937393/toolchains/llvm/prebuilt/darwin-x86_64/lib64/clang/14.0.6/lib/linux/libclang_rt.builtins-i686-android.a]
    arg [-l:libunwind.a] ==> lib [-l:libunwind.a]
    arg [-ldl] ==> lib [dl]
    arg [/Users/miguel_garcia/Library/Android/sdk/ndk/25.1.8937393/toolchains/llvm/prebuilt/darwin-x86_64/sysroot/usr/lib/i686-linux-android/21/crtend_android.o] ==> obj [/Users/miguel_garcia/Library/Android/sdk/ndk/25.1.8937393/toolchains/llvm/prebuilt/darwin-x86_64/sysroot/usr/lib/i686-linux-android/21/crtend_android.o]
  remove lib [/Users/miguel_garcia/Library/Android/sdk/ndk/25.1.8937393/toolchains/llvm/prebuilt/darwin-x86_64/lib64/clang/14.0.6/lib/linux/libclang_rt.builtins-i686-android.a]
  remove lib [/Users/miguel_garcia/Library/Android/sdk/ndk/25.1.8937393/toolchains/llvm/prebuilt/darwin-x86_64/lib64/clang/14.0.6/lib/linux/libclang_rt.builtins-i686-android.a]
  collapse library dir [/Users/miguel_garcia/Library/Android/sdk/ndk/25.1.8937393/toolchains/llvm/prebuilt/darwin-x86_64/lib64/clang/14.0.6/lib/linux/i386] ==> [/Users/miguel_garcia/Library/Android/sdk/ndk/25.1.8937393/toolchains/llvm/prebuilt/darwin-x86_64/lib64/clang/14.0.6/lib/linux/i386]
  collapse library dir [/Users/miguel_garcia/Library/Android/sdk/ndk/25.1.8937393/toolchains/llvm/prebuilt/darwin-x86_64/sysroot/usr/lib/i686-linux-android/21] ==> [/Users/miguel_garcia/Library/Android/sdk/ndk/25.1.8937393/toolchains/llvm/prebuilt/darwin-x86_64/sysroot/usr/lib/i686-linux-android/21]
  collapse library dir [/Users/miguel_garcia/Library/Android/sdk/ndk/25.1.8937393/toolchains/llvm/prebuilt/darwin-x86_64/sysroot/usr/lib/i686-linux-android] ==> [/Users/miguel_garcia/Library/Android/sdk/ndk/25.1.8937393/toolchains/llvm/prebuilt/darwin-x86_64/sysroot/usr/lib/i686-linux-android]
  collapse library dir [/Users/miguel_garcia/Library/Android/sdk/ndk/25.1.8937393/toolchains/llvm/prebuilt/darwin-x86_64/sysroot/usr/lib] ==> [/Users/miguel_garcia/Library/Android/sdk/ndk/25.1.8937393/toolchains/llvm/prebuilt/darwin-x86_64/sysroot/usr/lib]
  implicit libs: [c++;m;-l:libunwind.a;dl;c;-l:libunwind.a;dl]
  implicit objs: [/Users/miguel_garcia/Library/Android/sdk/ndk/25.1.8937393/toolchains/llvm/prebuilt/darwin-x86_64/sysroot/usr/lib/i686-linux-android/21/crtbegin_dynamic.o;/Users/miguel_garcia/Library/Android/sdk/ndk/25.1.8937393/toolchains/llvm/prebuilt/darwin-x86_64/sysroot/usr/lib/i686-linux-android/21/crtend_android.o]
  implicit dirs: [/Users/miguel_garcia/Library/Android/sdk/ndk/25.1.8937393/toolchains/llvm/prebuilt/darwin-x86_64/lib64/clang/14.0.6/lib/linux/i386;/Users/miguel_garcia/Library/Android/sdk/ndk/25.1.8937393/toolchains/llvm/prebuilt/darwin-x86_64/sysroot/usr/lib/i686-linux-android/21;/Users/miguel_garcia/Library/Android/sdk/ndk/25.1.8937393/toolchains/llvm/prebuilt/darwin-x86_64/sysroot/usr/lib/i686-linux-android;/Users/miguel_garcia/Library/Android/sdk/ndk/25.1.8937393/toolchains/llvm/prebuilt/darwin-x86_64/sysroot/usr/lib]
  implicit fwks: []


Determining if the include file pthread.h exists passed with the following output:
Change Dir: /Users/miguel_garcia/Documents/Proyectos/pdandroid/android/app/.cxx/Debug/5t1f1ol3/x86/CMakeFiles/CMakeTmp

Run Build Command(s):/Users/miguel_garcia/Library/Android/sdk/cmake/3.22.1/bin/ninja cmTC_c9692 && [1/2] Building C object CMakeFiles/cmTC_c9692.dir/CheckIncludeFile.c.o
[2/2] Linking C executable cmTC_c9692



Performing C SOURCE FILE Test CHECK_CPU_ARCHITECTURE_X86 succeeded with the following output:
Change Dir: /Users/miguel_garcia/Documents/Proyectos/pdandroid/android/app/.cxx/Debug/5t1f1ol3/x86/CMakeFiles/CMakeTmp

Run Build Command(s):/Users/miguel_garcia/Library/Android/sdk/cmake/3.22.1/bin/ninja cmTC_114f7 && [1/2] Building C object CMakeFiles/cmTC_114f7.dir/src.c.o
[2/2] Linking C executable cmTC_114f7


Source file was:

int main(int argc, char *argv[]) {
#if defined(__i386__) || defined(__i486__) || defined(__i586__) || defined(__i686__) ||defined( __i386) || defined(_M_IX86)
  return 0;
#else
  choke
#endif
}

Performing C SOURCE FILE Test HAVE_GCC_WALL succeeded with the following output:
Change Dir: /Users/miguel_garcia/Documents/Proyectos/pdandroid/android/app/.cxx/Debug/5t1f1ol3/x86/CMakeFiles/CMakeTmp

Run Build Command(s):/Users/miguel_garcia/Library/Android/sdk/cmake/3.22.1/bin/ninja cmTC_c8cb9 && [1/2] Building C object CMakeFiles/cmTC_c8cb9.dir/src.c.o
[2/2] Linking C executable cmTC_c8cb9


Source file was:
int main(void) { return 0; }
Performing C SOURCE FILE Test HAVE_GCC_WUNDEF succeeded with the following output:
Change Dir: /Users/miguel_garcia/Documents/Proyectos/pdandroid/android/app/.cxx/Debug/5t1f1ol3/x86/CMakeFiles/CMakeTmp

Run Build Command(s):/Users/miguel_garcia/Library/Android/sdk/cmake/3.22.1/bin/ninja cmTC_4a3a9 && [1/2] Building C object CMakeFiles/cmTC_4a3a9.dir/src.c.o
[2/2] Linking C executable cmTC_4a3a9


Source file was:
int main(void) { return 0; }
Performing C SOURCE FILE Test HAVE_GCC_NO_STRICT_ALIASING succeeded with the following output:
Change Dir: /Users/miguel_garcia/Documents/Proyectos/pdandroid/android/app/.cxx/Debug/5t1f1ol3/x86/CMakeFiles/CMakeTmp

Run Build Command(s):/Users/miguel_garcia/Library/Android/sdk/cmake/3.22.1/bin/ninja cmTC_55aa5 && [1/2] Building C object CMakeFiles/cmTC_55aa5.dir/src.c.o
[2/2] Linking C executable cmTC_55aa5


Source file was:
int main(void) { return 0; }
Performing C SOURCE FILE Test HAVE_GCC_WDOCUMENTATION succeeded with the following output:
Change Dir: /Users/miguel_garcia/Documents/Proyectos/pdandroid/android/app/.cxx/Debug/5t1f1ol3/x86/CMakeFiles/CMakeTmp

Run Build Command(s):/Users/miguel_garcia/Library/Android/sdk/cmake/3.22.1/bin/ninja cmTC_26689 && [1/2] Building C object CMakeFiles/cmTC_26689.dir/src.c.o
[2/2] Linking C executable cmTC_26689


Source file was:
int main(void) { return 0; }
Performing C SOURCE FILE Test HAVE_GCC_WDOCUMENTATION_UNKNOWN_COMMAND succeeded with the following output:
Change Dir: /Users/miguel_garcia/Documents/Proyectos/pdandroid/android/app/.cxx/Debug/5t1f1ol3/x86/CMakeFiles/CMakeTmp

Run Build Command(s):/Users/miguel_garcia/Library/Android/sdk/cmake/3.22.1/bin/ninja cmTC_17228 && [1/2] Building C object CMakeFiles/cmTC_17228.dir/src.c.o
[2/2] Linking C executable cmTC_17228


Source file was:
int main(void) { return 0; }
Performing C SOURCE FILE Test HAVE_GCC_COMMENT_BLOCK_COMMANDS succeeded with the following output:
Change Dir: /Users/miguel_garcia/Documents/Proyectos/pdandroid/android/app/.cxx/Debug/5t1f1ol3/x86/CMakeFiles/CMakeTmp

Run Build Command(s):/Users/miguel_garcia/Library/Android/sdk/cmake/3.22.1/bin/ninja cmTC_bf91a && [1/2] Building C object CMakeFiles/cmTC_bf91a.dir/src.c.o
[2/2] Linking C executable cmTC_bf91a


Source file was:
int main(void) { return 0; }
Performing C SOURCE FILE Test HAVE_GCC_WDECLARATION_AFTER_STATEMENT succeeded with the following output:
Change Dir: /Users/miguel_garcia/Documents/Proyectos/pdandroid/android/app/.cxx/Debug/5t1f1ol3/x86/CMakeFiles/CMakeTmp

Run Build Command(s):/Users/miguel_garcia/Library/Android/sdk/cmake/3.22.1/bin/ninja cmTC_932a5 && [1/2] Building C object CMakeFiles/cmTC_932a5.dir/src.c.o
[2/2] Linking C executable cmTC_932a5


Source file was:
int main(void) { return 0; }
Performing C SOURCE FILE Test HAVE_GCC_ATOMICS succeeded with the following output:
Change Dir: /Users/miguel_garcia/Documents/Proyectos/pdandroid/android/app/.cxx/Debug/5t1f1ol3/x86/CMakeFiles/CMakeTmp

Run Build Command(s):/Users/miguel_garcia/Library/Android/sdk/cmake/3.22.1/bin/ninja cmTC_a12b6 && [1/2] Building C object CMakeFiles/cmTC_a12b6.dir/src.c.o
[2/2] Linking C executable cmTC_a12b6


Source file was:
int main(int argc, char **argv) {
        int a;
        void *x, *y, *z;
        __sync_lock_test_and_set(&a, 4);
        __sync_lock_test_and_set(&x, y);
        __sync_fetch_and_add(&a, 1);
        __sync_bool_compare_and_swap(&a, 5, 10);
        __sync_bool_compare_and_swap(&x, y, z);
        return 0; }
Performing C SOURCE FILE Test HAVE_GCC_FVISIBILITY succeeded with the following output:
Change Dir: /Users/miguel_garcia/Documents/Proyectos/pdandroid/android/app/.cxx/Debug/5t1f1ol3/x86/CMakeFiles/CMakeTmp

Run Build Command(s):/Users/miguel_garcia/Library/Android/sdk/cmake/3.22.1/bin/ninja cmTC_63daf && [1/2] Building C object CMakeFiles/cmTC_63daf.dir/src.c.o
[2/2] Linking C executable cmTC_63daf


Source file was:

      #if !defined(__GNUC__) || __GNUC__ < 4
      #error SDL only uses visibility attributes in GCC 4 or newer
      #endif
      int main(int argc, char **argv) { return 0; }
Performing C SOURCE FILE Test HAVE_GCC_WSHADOW succeeded with the following output:
Change Dir: /Users/miguel_garcia/Documents/Proyectos/pdandroid/android/app/.cxx/Debug/5t1f1ol3/x86/CMakeFiles/CMakeTmp

Run Build Command(s):/Users/miguel_garcia/Library/Android/sdk/cmake/3.22.1/bin/ninja cmTC_bf719 && [1/2] Building C object CMakeFiles/cmTC_bf719.dir/src.c.o
[2/2] Linking C executable cmTC_bf719


Source file was:
int main(void) { return 0; }
Performing C SOURCE FILE Test HAVE_GCC_WUNUSED_LOCAL_TYPEDEFS succeeded with the following output:
Change Dir: /Users/miguel_garcia/Documents/Proyectos/pdandroid/android/app/.cxx/Debug/5t1f1ol3/x86/CMakeFiles/CMakeTmp

Run Build Command(s):/Users/miguel_garcia/Library/Android/sdk/cmake/3.22.1/bin/ninja cmTC_c9e9c && [1/2] Building C object CMakeFiles/cmTC_c9e9c.dir/src.c.o
[2/2] Linking C executable cmTC_c9e9c


Source file was:
int main(void) { return 0; }
Performing C SOURCE FILE Test HAVE_NO_UNDEFINED succeeded with the following output:
Change Dir: /Users/miguel_garcia/Documents/Proyectos/pdandroid/android/app/.cxx/Debug/5t1f1ol3/x86/CMakeFiles/CMakeTmp

Run Build Command(s):/Users/miguel_garcia/Library/Android/sdk/cmake/3.22.1/bin/ninja cmTC_c1ac1 && [1/2] Building C object CMakeFiles/cmTC_c1ac1.dir/src.c.o
clang: warning: -Wl,--no-undefined: 'linker' input unused [-Wunused-command-line-argument]
[2/2] Linking C executable cmTC_c1ac1


Source file was:
int main(void) { return 0; }
Performing C SOURCE FILE Test HAVE_MMX succeeded with the following output:
Change Dir: /Users/miguel_garcia/Documents/Proyectos/pdandroid/android/app/.cxx/Debug/5t1f1ol3/x86/CMakeFiles/CMakeTmp

Run Build Command(s):/Users/miguel_garcia/Library/Android/sdk/cmake/3.22.1/bin/ninja cmTC_727ef && [1/2] Building C object CMakeFiles/cmTC_727ef.dir/src.c.o
[2/2] Linking C executable cmTC_727ef


Source file was:

          #ifdef __MINGW32__
          #include <_mingw.h>
          #ifdef __MINGW64_VERSION_MAJOR
          #include <intrin.h>
          #else
          #include <mmintrin.h>
          #endif
          #else
          #include <mmintrin.h>
          #endif
          #ifndef __MMX__
          #error Assembler CPP flag not enabled
          #endif
          int main(int argc, char **argv) { return 0; }
Performing C SOURCE FILE Test HAVE_SSE succeeded with the following output:
Change Dir: /Users/miguel_garcia/Documents/Proyectos/pdandroid/android/app/.cxx/Debug/5t1f1ol3/x86/CMakeFiles/CMakeTmp

Run Build Command(s):/Users/miguel_garcia/Library/Android/sdk/cmake/3.22.1/bin/ninja cmTC_4bb12 && [1/2] Building C object CMakeFiles/cmTC_4bb12.dir/src.c.o
[2/2] Linking C executable cmTC_4bb12


Source file was:

          #ifdef __MINGW32__
          #include <_mingw.h>
          #ifdef __MINGW64_VERSION_MAJOR
          #include <intrin.h>
          #else
          #include <xmmintrin.h>
          #endif
          #else
          #include <xmmintrin.h>
          #endif
          #ifndef __SSE__
          #error Assembler CPP flag not enabled
          #endif
          int main(int argc, char **argv) { return 0; }
Performing C SOURCE FILE Test CPU_SUPPORTS_SSE2 succeeded with the following output:
Change Dir: /Users/miguel_garcia/Documents/Proyectos/pdandroid/android/app/.cxx/Debug/5t1f1ol3/x86/CMakeFiles/CMakeTmp

Run Build Command(s):/Users/miguel_garcia/Library/Android/sdk/cmake/3.22.1/bin/ninja cmTC_06d03 && [1/2] Building C object CMakeFiles/cmTC_06d03.dir/src.c.o
[2/2] Linking C executable cmTC_06d03


Source file was:

          #ifdef __MINGW32__
          #include <_mingw.h>
          #ifdef __MINGW64_VERSION_MAJOR
          #include <intrin.h>
          #else
          #include <emmintrin.h>
          #endif
          #else
          #include <emmintrin.h>
          #endif
          #ifndef __SSE2__
          #error Assembler CPP flag not enabled
          #endif
          int main(int argc, char **argv) { return 0; }
Performing C SOURCE FILE Test CPU_SUPPORTS_SSE3 succeeded with the following output:
Change Dir: /Users/miguel_garcia/Documents/Proyectos/pdandroid/android/app/.cxx/Debug/5t1f1ol3/x86/CMakeFiles/CMakeTmp

Run Build Command(s):/Users/miguel_garcia/Library/Android/sdk/cmake/3.22.1/bin/ninja cmTC_699a7 && [1/2] Building C object CMakeFiles/cmTC_699a7.dir/src.c.o
[2/2] Linking C executable cmTC_699a7


Source file was:

          #ifdef __MINGW32__
          #include <_mingw.h>
          #ifdef __MINGW64_VERSION_MAJOR
          #include <intrin.h>
          #else
          #include <pmmintrin.h>
          #endif
          #else
          #include <pmmintrin.h>
          #endif
          #ifndef __SSE3__
          #error Assembler CPP flag not enabled
          #endif
          int main(int argc, char **argv) { return 0; }
Determining if the include file immintrin.h exists passed with the following output:
Change Dir: /Users/miguel_garcia/Documents/Proyectos/pdandroid/android/app/.cxx/Debug/5t1f1ol3/x86/CMakeFiles/CMakeTmp

Run Build Command(s):/Users/miguel_garcia/Library/Android/sdk/cmake/3.22.1/bin/ninja cmTC_94dd6 && [1/2] Building C object CMakeFiles/cmTC_94dd6.dir/CheckIncludeFile.c.o
[2/2] Linking C executable cmTC_94dd6



Determining if the include file ctype.h exists passed with the following output:
Change Dir: /Users/miguel_garcia/Documents/Proyectos/pdandroid/android/app/.cxx/Debug/5t1f1ol3/x86/CMakeFiles/CMakeTmp

Run Build Command(s):/Users/miguel_garcia/Library/Android/sdk/cmake/3.22.1/bin/ninja cmTC_c2265 && [1/2] Building C object CMakeFiles/cmTC_c2265.dir/CheckIncludeFile.c.o
[2/2] Linking C executable cmTC_c2265



Determining if the include file float.h exists passed with the following output:
Change Dir: /Users/miguel_garcia/Documents/Proyectos/pdandroid/android/app/.cxx/Debug/5t1f1ol3/x86/CMakeFiles/CMakeTmp

Run Build Command(s):/Users/miguel_garcia/Library/Android/sdk/cmake/3.22.1/bin/ninja cmTC_89565 && [1/2] Building C object CMakeFiles/cmTC_89565.dir/CheckIncludeFile.c.o
[2/2] Linking C executable cmTC_89565



Determining if the include file iconv.h exists passed with the following output:
Change Dir: /Users/miguel_garcia/Documents/Proyectos/pdandroid/android/app/.cxx/Debug/5t1f1ol3/x86/CMakeFiles/CMakeTmp

Run Build Command(s):/Users/miguel_garcia/Library/Android/sdk/cmake/3.22.1/bin/ninja cmTC_ed5e2 && [1/2] Building C object CMakeFiles/cmTC_ed5e2.dir/CheckIncludeFile.c.o
[2/2] Linking C executable cmTC_ed5e2



Determining if the include file inttypes.h exists passed with the following output:
Change Dir: /Users/miguel_garcia/Documents/Proyectos/pdandroid/android/app/.cxx/Debug/5t1f1ol3/x86/CMakeFiles/CMakeTmp

Run Build Command(s):/Users/miguel_garcia/Library/Android/sdk/cmake/3.22.1/bin/ninja cmTC_8840e && [1/2] Building C object CMakeFiles/cmTC_8840e.dir/CheckIncludeFile.c.o
[2/2] Linking C executable cmTC_8840e



Determining if the include file limits.h exists passed with the following output:
Change Dir: /Users/miguel_garcia/Documents/Proyectos/pdandroid/android/app/.cxx/Debug/5t1f1ol3/x86/CMakeFiles/CMakeTmp

Run Build Command(s):/Users/miguel_garcia/Library/Android/sdk/cmake/3.22.1/bin/ninja cmTC_0b002 && [1/2] Building C object CMakeFiles/cmTC_0b002.dir/CheckIncludeFile.c.o
[2/2] Linking C executable cmTC_0b002



Determining if the include file malloc.h exists passed with the following output:
Change Dir: /Users/miguel_garcia/Documents/Proyectos/pdandroid/android/app/.cxx/Debug/5t1f1ol3/x86/CMakeFiles/CMakeTmp

Run Build Command(s):/Users/miguel_garcia/Library/Android/sdk/cmake/3.22.1/bin/ninja cmTC_5fa5d && [1/2] Building C object CMakeFiles/cmTC_5fa5d.dir/CheckIncludeFile.c.o
[2/2] Linking C executable cmTC_5fa5d



Determining if the include file math.h exists passed with the following output:
Change Dir: /Users/miguel_garcia/Documents/Proyectos/pdandroid/android/app/.cxx/Debug/5t1f1ol3/x86/CMakeFiles/CMakeTmp

Run Build Command(s):/Users/miguel_garcia/Library/Android/sdk/cmake/3.22.1/bin/ninja cmTC_26723 && [1/2] Building C object CMakeFiles/cmTC_26723.dir/CheckIncludeFile.c.o
[2/2] Linking C executable cmTC_26723



Determining if the include file memory.h exists passed with the following output:
Change Dir: /Users/miguel_garcia/Documents/Proyectos/pdandroid/android/app/.cxx/Debug/5t1f1ol3/x86/CMakeFiles/CMakeTmp

Run Build Command(s):/Users/miguel_garcia/Library/Android/sdk/cmake/3.22.1/bin/ninja cmTC_38ce7 && [1/2] Building C object CMakeFiles/cmTC_38ce7.dir/CheckIncludeFile.c.o
[2/2] Linking C executable cmTC_38ce7



Determining if the include file signal.h exists passed with the following output:
Change Dir: /Users/miguel_garcia/Documents/Proyectos/pdandroid/android/app/.cxx/Debug/5t1f1ol3/x86/CMakeFiles/CMakeTmp

Run Build Command(s):/Users/miguel_garcia/Library/Android/sdk/cmake/3.22.1/bin/ninja cmTC_17d5b && [1/2] Building C object CMakeFiles/cmTC_17d5b.dir/CheckIncludeFile.c.o
[2/2] Linking C executable cmTC_17d5b



Determining if the include file stdarg.h exists passed with the following output:
Change Dir: /Users/miguel_garcia/Documents/Proyectos/pdandroid/android/app/.cxx/Debug/5t1f1ol3/x86/CMakeFiles/CMakeTmp

Run Build Command(s):/Users/miguel_garcia/Library/Android/sdk/cmake/3.22.1/bin/ninja cmTC_ec92e && [1/2] Building C object CMakeFiles/cmTC_ec92e.dir/CheckIncludeFile.c.o
[2/2] Linking C executable cmTC_ec92e



Determining if the include file stddef.h exists passed with the following output:
Change Dir: /Users/miguel_garcia/Documents/Proyectos/pdandroid/android/app/.cxx/Debug/5t1f1ol3/x86/CMakeFiles/CMakeTmp

Run Build Command(s):/Users/miguel_garcia/Library/Android/sdk/cmake/3.22.1/bin/ninja cmTC_db5d7 && [1/2] Building C object CMakeFiles/cmTC_db5d7.dir/CheckIncludeFile.c.o
[2/2] Linking C executable cmTC_db5d7



Determining if the include file stdint.h exists passed with the following output:
Change Dir: /Users/miguel_garcia/Documents/Proyectos/pdandroid/android/app/.cxx/Debug/5t1f1ol3/x86/CMakeFiles/CMakeTmp

Run Build Command(s):/Users/miguel_garcia/Library/Android/sdk/cmake/3.22.1/bin/ninja cmTC_8ca09 && [1/2] Building C object CMakeFiles/cmTC_8ca09.dir/CheckIncludeFile.c.o
[2/2] Linking C executable cmTC_8ca09



Determining if the include file stdio.h exists passed with the following output:
Change Dir: /Users/miguel_garcia/Documents/Proyectos/pdandroid/android/app/.cxx/Debug/5t1f1ol3/x86/CMakeFiles/CMakeTmp

Run Build Command(s):/Users/miguel_garcia/Library/Android/sdk/cmake/3.22.1/bin/ninja cmTC_c847f && [1/2] Building C object CMakeFiles/cmTC_c847f.dir/CheckIncludeFile.c.o
[2/2] Linking C executable cmTC_c847f



Determining if the include file stdlib.h exists passed with the following output:
Change Dir: /Users/miguel_garcia/Documents/Proyectos/pdandroid/android/app/.cxx/Debug/5t1f1ol3/x86/CMakeFiles/CMakeTmp

Run Build Command(s):/Users/miguel_garcia/Library/Android/sdk/cmake/3.22.1/bin/ninja cmTC_03501 && [1/2] Building C object CMakeFiles/cmTC_03501.dir/CheckIncludeFile.c.o
[2/2] Linking C executable cmTC_03501



Determining if the include file string.h exists passed with the following output:
Change Dir: /Users/miguel_garcia/Documents/Proyectos/pdandroid/android/app/.cxx/Debug/5t1f1ol3/x86/CMakeFiles/CMakeTmp

Run Build Command(s):/Users/miguel_garcia/Library/Android/sdk/cmake/3.22.1/bin/ninja cmTC_feb16 && [1/2] Building C object CMakeFiles/cmTC_feb16.dir/CheckIncludeFile.c.o
[2/2] Linking C executable cmTC_feb16



Determining if the include file strings.h exists passed with the following output:
Change Dir: /Users/miguel_garcia/Documents/Proyectos/pdandroid/android/app/.cxx/Debug/5t1f1ol3/x86/CMakeFiles/CMakeTmp

Run Build Command(s):/Users/miguel_garcia/Library/Android/sdk/cmake/3.22.1/bin/ninja cmTC_03eb5 && [1/2] Building C object CMakeFiles/cmTC_03eb5.dir/CheckIncludeFile.c.o
[2/2] Linking C executable cmTC_03eb5



Determining if the include file sys/types.h exists passed with the following output:
Change Dir: /Users/miguel_garcia/Documents/Proyectos/pdandroid/android/app/.cxx/Debug/5t1f1ol3/x86/CMakeFiles/CMakeTmp

Run Build Command(s):/Users/miguel_garcia/Library/Android/sdk/cmake/3.22.1/bin/ninja cmTC_18550 && [1/2] Building C object CMakeFiles/cmTC_18550.dir/CheckIncludeFile.c.o
[2/2] Linking C executable cmTC_18550



Determining if the include file wchar.h exists passed with the following output:
Change Dir: /Users/miguel_garcia/Documents/Proyectos/pdandroid/android/app/.cxx/Debug/5t1f1ol3/x86/CMakeFiles/CMakeTmp

Run Build Command(s):/Users/miguel_garcia/Library/Android/sdk/cmake/3.22.1/bin/ninja cmTC_d115e && [1/2] Building C object CMakeFiles/cmTC_d115e.dir/CheckIncludeFile.c.o
[2/2] Linking C executable cmTC_d115e



Determining if files stddef.h;stdarg.h;stdlib.h;string.h;stdio.h;wchar.h;float.h exist passed with the following output:
Change Dir: /Users/miguel_garcia/Documents/Proyectos/pdandroid/android/app/.cxx/Debug/5t1f1ol3/x86/CMakeFiles/CMakeTmp

Run Build Command(s):/Users/miguel_garcia/Library/Android/sdk/cmake/3.22.1/bin/ninja cmTC_47b89 && [1/2] Building C object CMakeFiles/cmTC_47b89.dir/STDC_HEADERS.c.o
[2/2] Linking C executable cmTC_47b89



Determining if the M_PI exist passed with the following output:
Change Dir: /Users/miguel_garcia/Documents/Proyectos/pdandroid/android/app/.cxx/Debug/5t1f1ol3/x86/CMakeFiles/CMakeTmp

Run Build Command(s):/Users/miguel_garcia/Library/Android/sdk/cmake/3.22.1/bin/ninja cmTC_6efd0 && [1/2] Building C object CMakeFiles/cmTC_6efd0.dir/CheckSymbolExists.c.o
[2/2] Linking C executable cmTC_6efd0


File /Users/miguel_garcia/Documents/Proyectos/pdandroid/android/app/.cxx/Debug/5t1f1ol3/x86/CMakeFiles/CMakeTmp/CheckSymbolExists.c:
/* */
#include <math.h>

int main(int argc, char** argv)
{
  (void)argv;
#ifndef M_PI
  return ((int*)(&M_PI))[argc];
#else
  (void)argc;
  return 0;
#endif
}
Performing C SOURCE FILE Test HAVE_MPROTECT succeeded with the following output:
Change Dir: /Users/miguel_garcia/Documents/Proyectos/pdandroid/android/app/.cxx/Debug/5t1f1ol3/x86/CMakeFiles/CMakeTmp

Run Build Command(s):/Users/miguel_garcia/Library/Android/sdk/cmake/3.22.1/bin/ninja cmTC_ca7b5 && [1/2] Building C object CMakeFiles/cmTC_ca7b5.dir/src.c.o
[2/2] Linking C executable cmTC_ca7b5


Source file was:
#include <sys/types.h>
                             #include <sys/mman.h>
                             int main(void) { return 0; }
Determining if the strtod exist passed with the following output:
Change Dir: /Users/miguel_garcia/Documents/Proyectos/pdandroid/android/app/.cxx/Debug/5t1f1ol3/x86/CMakeFiles/CMakeTmp

Run Build Command(s):/Users/miguel_garcia/Library/Android/sdk/cmake/3.22.1/bin/ninja cmTC_31834 && [1/2] Building C object CMakeFiles/cmTC_31834.dir/CheckSymbolExists.c.o
[2/2] Linking C executable cmTC_31834


File /Users/miguel_garcia/Documents/Proyectos/pdandroid/android/app/.cxx/Debug/5t1f1ol3/x86/CMakeFiles/CMakeTmp/CheckSymbolExists.c:
/* */
#include <stddef.h>
#include <stdarg.h>
#include <stdlib.h>
#include <string.h>
#include <stdio.h>
#include <wchar.h>
#include <float.h>

int main(int argc, char** argv)
{
  (void)argv;
#ifndef strtod
  return ((int*)(&strtod))[argc];
#else
  (void)argc;
  return 0;
#endif
}
Determining if the malloc exist passed with the following output:
Change Dir: /Users/miguel_garcia/Documents/Proyectos/pdandroid/android/app/.cxx/Debug/5t1f1ol3/x86/CMakeFiles/CMakeTmp

Run Build Command(s):/Users/miguel_garcia/Library/Android/sdk/cmake/3.22.1/bin/ninja cmTC_2d02d && [1/2] Building C object CMakeFiles/cmTC_2d02d.dir/CheckSymbolExists.c.o
[2/2] Linking C executable cmTC_2d02d


File /Users/miguel_garcia/Documents/Proyectos/pdandroid/android/app/.cxx/Debug/5t1f1ol3/x86/CMakeFiles/CMakeTmp/CheckSymbolExists.c:
/* */
#include <stddef.h>
#include <stdarg.h>
#include <stdlib.h>
#include <string.h>
#include <stdio.h>
#include <wchar.h>
#include <float.h>

int main(int argc, char** argv)
{
  (void)argv;
#ifndef malloc
  return ((int*)(&malloc))[argc];
#else
  (void)argc;
  return 0;
#endif
}
Determining if the calloc exist passed with the following output:
Change Dir: /Users/miguel_garcia/Documents/Proyectos/pdandroid/android/app/.cxx/Debug/5t1f1ol3/x86/CMakeFiles/CMakeTmp

Run Build Command(s):/Users/miguel_garcia/Library/Android/sdk/cmake/3.22.1/bin/ninja cmTC_0f366 && [1/2] Building C object CMakeFiles/cmTC_0f366.dir/CheckSymbolExists.c.o
[2/2] Linking C executable cmTC_0f366


File /Users/miguel_garcia/Documents/Proyectos/pdandroid/android/app/.cxx/Debug/5t1f1ol3/x86/CMakeFiles/CMakeTmp/CheckSymbolExists.c:
/* */
#include <stddef.h>
#include <stdarg.h>
#include <stdlib.h>
#include <string.h>
#include <stdio.h>
#include <wchar.h>
#include <float.h>

int main(int argc, char** argv)
{
  (void)argv;
#ifndef calloc
  return ((int*)(&calloc))[argc];
#else
  (void)argc;
  return 0;
#endif
}
Determining if the realloc exist passed with the following output:
Change Dir: /Users/miguel_garcia/Documents/Proyectos/pdandroid/android/app/.cxx/Debug/5t1f1ol3/x86/CMakeFiles/CMakeTmp

Run Build Command(s):/Users/miguel_garcia/Library/Android/sdk/cmake/3.22.1/bin/ninja cmTC_cb7d1 && [1/2] Building C object CMakeFiles/cmTC_cb7d1.dir/CheckSymbolExists.c.o
[2/2] Linking C executable cmTC_cb7d1


File /Users/miguel_garcia/Documents/Proyectos/pdandroid/android/app/.cxx/Debug/5t1f1ol3/x86/CMakeFiles/CMakeTmp/CheckSymbolExists.c:
/* */
#include <stddef.h>
#include <stdarg.h>
#include <stdlib.h>
#include <string.h>
#include <stdio.h>
#include <wchar.h>
#include <float.h>

int main(int argc, char** argv)
{
  (void)argv;
#ifndef realloc
  return ((int*)(&realloc))[argc];
#else
  (void)argc;
  return 0;
#endif
}
Determining if the free exist passed with the following output:
Change Dir: /Users/miguel_garcia/Documents/Proyectos/pdandroid/android/app/.cxx/Debug/5t1f1ol3/x86/CMakeFiles/CMakeTmp

Run Build Command(s):/Users/miguel_garcia/Library/Android/sdk/cmake/3.22.1/bin/ninja cmTC_0a526 && [1/2] Building C object CMakeFiles/cmTC_0a526.dir/CheckSymbolExists.c.o
[2/2] Linking C executable cmTC_0a526


File /Users/miguel_garcia/Documents/Proyectos/pdandroid/android/app/.cxx/Debug/5t1f1ol3/x86/CMakeFiles/CMakeTmp/CheckSymbolExists.c:
/* */
#include <stddef.h>
#include <stdarg.h>
#include <stdlib.h>
#include <string.h>
#include <stdio.h>
#include <wchar.h>
#include <float.h>

int main(int argc, char** argv)
{
  (void)argv;
#ifndef free
  return ((int*)(&free))[argc];
#else
  (void)argc;
  return 0;
#endif
}
Determining if the getenv exist passed with the following output:
Change Dir: /Users/miguel_garcia/Documents/Proyectos/pdandroid/android/app/.cxx/Debug/5t1f1ol3/x86/CMakeFiles/CMakeTmp

Run Build Command(s):/Users/miguel_garcia/Library/Android/sdk/cmake/3.22.1/bin/ninja cmTC_41935 && [1/2] Building C object CMakeFiles/cmTC_41935.dir/CheckSymbolExists.c.o
[2/2] Linking C executable cmTC_41935


File /Users/miguel_garcia/Documents/Proyectos/pdandroid/android/app/.cxx/Debug/5t1f1ol3/x86/CMakeFiles/CMakeTmp/CheckSymbolExists.c:
/* */
#include <stddef.h>
#include <stdarg.h>
#include <stdlib.h>
#include <string.h>
#include <stdio.h>
#include <wchar.h>
#include <float.h>

int main(int argc, char** argv)
{
  (void)argv;
#ifndef getenv
  return ((int*)(&getenv))[argc];
#else
  (void)argc;
  return 0;
#endif
}
Determining if the setenv exist passed with the following output:
Change Dir: /Users/miguel_garcia/Documents/Proyectos/pdandroid/android/app/.cxx/Debug/5t1f1ol3/x86/CMakeFiles/CMakeTmp

Run Build Command(s):/Users/miguel_garcia/Library/Android/sdk/cmake/3.22.1/bin/ninja cmTC_8ef04 && [1/2] Building C object CMakeFiles/cmTC_8ef04.dir/CheckSymbolExists.c.o
[2/2] Linking C executable cmTC_8ef04


File /Users/miguel_garcia/Documents/Proyectos/pdandroid/android/app/.cxx/Debug/5t1f1ol3/x86/CMakeFiles/CMakeTmp/CheckSymbolExists.c:
/* */
#include <stddef.h>
#include <stdarg.h>
#include <stdlib.h>
#include <string.h>
#include <stdio.h>
#include <wchar.h>
#include <float.h>

int main(int argc, char** argv)
{
  (void)argv;
#ifndef setenv
  return ((int*)(&setenv))[argc];
#else
  (void)argc;
  return 0;
#endif
}
Determining if the putenv exist passed with the following output:
Change Dir: /Users/miguel_garcia/Documents/Proyectos/pdandroid/android/app/.cxx/Debug/5t1f1ol3/x86/CMakeFiles/CMakeTmp

Run Build Command(s):/Users/miguel_garcia/Library/Android/sdk/cmake/3.22.1/bin/ninja cmTC_4c0ed && [1/2] Building C object CMakeFiles/cmTC_4c0ed.dir/CheckSymbolExists.c.o
[2/2] Linking C executable cmTC_4c0ed


File /Users/miguel_garcia/Documents/Proyectos/pdandroid/android/app/.cxx/Debug/5t1f1ol3/x86/CMakeFiles/CMakeTmp/CheckSymbolExists.c:
/* */
#include <stddef.h>
#include <stdarg.h>
#include <stdlib.h>
#include <string.h>
#include <stdio.h>
#include <wchar.h>
#include <float.h>

int main(int argc, char** argv)
{
  (void)argv;
#ifndef putenv
  return ((int*)(&putenv))[argc];
#else
  (void)argc;
  return 0;
#endif
}
Determining if the unsetenv exist passed with the following output:
Change Dir: /Users/miguel_garcia/Documents/Proyectos/pdandroid/android/app/.cxx/Debug/5t1f1ol3/x86/CMakeFiles/CMakeTmp

Run Build Command(s):/Users/miguel_garcia/Library/Android/sdk/cmake/3.22.1/bin/ninja cmTC_0c35b && [1/2] Building C object CMakeFiles/cmTC_0c35b.dir/CheckSymbolExists.c.o
[2/2] Linking C executable cmTC_0c35b


File /Users/miguel_garcia/Documents/Proyectos/pdandroid/android/app/.cxx/Debug/5t1f1ol3/x86/CMakeFiles/CMakeTmp/CheckSymbolExists.c:
/* */
#include <stddef.h>
#include <stdarg.h>
#include <stdlib.h>
#include <string.h>
#include <stdio.h>
#include <wchar.h>
#include <float.h>

int main(int argc, char** argv)
{
  (void)argv;
#ifndef unsetenv
  return ((int*)(&unsetenv))[argc];
#else
  (void)argc;
  return 0;
#endif
}
Determining if the bsearch exist passed with the following output:
Change Dir: /Users/miguel_garcia/Documents/Proyectos/pdandroid/android/app/.cxx/Debug/5t1f1ol3/x86/CMakeFiles/CMakeTmp

Run Build Command(s):/Users/miguel_garcia/Library/Android/sdk/cmake/3.22.1/bin/ninja cmTC_eab22 && [1/2] Building C object CMakeFiles/cmTC_eab22.dir/CheckSymbolExists.c.o
[2/2] Linking C executable cmTC_eab22


File /Users/miguel_garcia/Documents/Proyectos/pdandroid/android/app/.cxx/Debug/5t1f1ol3/x86/CMakeFiles/CMakeTmp/CheckSymbolExists.c:
/* */
#include <stddef.h>
#include <stdarg.h>
#include <stdlib.h>
#include <string.h>
#include <stdio.h>
#include <wchar.h>
#include <float.h>

int main(int argc, char** argv)
{
  (void)argv;
#ifndef bsearch
  return ((int*)(&bsearch))[argc];
#else
  (void)argc;
  return 0;
#endif
}
Determining if the qsort exist passed with the following output:
Change Dir: /Users/miguel_garcia/Documents/Proyectos/pdandroid/android/app/.cxx/Debug/5t1f1ol3/x86/CMakeFiles/CMakeTmp

Run Build Command(s):/Users/miguel_garcia/Library/Android/sdk/cmake/3.22.1/bin/ninja cmTC_c5e5b && [1/2] Building C object CMakeFiles/cmTC_c5e5b.dir/CheckSymbolExists.c.o
[2/2] Linking C executable cmTC_c5e5b


File /Users/miguel_garcia/Documents/Proyectos/pdandroid/android/app/.cxx/Debug/5t1f1ol3/x86/CMakeFiles/CMakeTmp/CheckSymbolExists.c:
/* */
#include <stddef.h>
#include <stdarg.h>
#include <stdlib.h>
#include <string.h>
#include <stdio.h>
#include <wchar.h>
#include <float.h>

int main(int argc, char** argv)
{
  (void)argv;
#ifndef qsort
  return ((int*)(&qsort))[argc];
#else
  (void)argc;
  return 0;
#endif
}
Determining if the abs exist passed with the following output:
Change Dir: /Users/miguel_garcia/Documents/Proyectos/pdandroid/android/app/.cxx/Debug/5t1f1ol3/x86/CMakeFiles/CMakeTmp

Run Build Command(s):/Users/miguel_garcia/Library/Android/sdk/cmake/3.22.1/bin/ninja cmTC_7bcd0 && [1/2] Building C object CMakeFiles/cmTC_7bcd0.dir/CheckSymbolExists.c.o
[2/2] Linking C executable cmTC_7bcd0


File /Users/miguel_garcia/Documents/Proyectos/pdandroid/android/app/.cxx/Debug/5t1f1ol3/x86/CMakeFiles/CMakeTmp/CheckSymbolExists.c:
/* */
#include <stddef.h>
#include <stdarg.h>
#include <stdlib.h>
#include <string.h>
#include <stdio.h>
#include <wchar.h>
#include <float.h>

int main(int argc, char** argv)
{
  (void)argv;
#ifndef abs
  return ((int*)(&abs))[argc];
#else
  (void)argc;
  return 0;
#endif
}
Determining if the bcopy exist passed with the following output:
Change Dir: /Users/miguel_garcia/Documents/Proyectos/pdandroid/android/app/.cxx/Debug/5t1f1ol3/x86/CMakeFiles/CMakeTmp

Run Build Command(s):/Users/miguel_garcia/Library/Android/sdk/cmake/3.22.1/bin/ninja cmTC_00b2a && [1/2] Building C object CMakeFiles/cmTC_00b2a.dir/CheckSymbolExists.c.o
[2/2] Linking C executable cmTC_00b2a


File /Users/miguel_garcia/Documents/Proyectos/pdandroid/android/app/.cxx/Debug/5t1f1ol3/x86/CMakeFiles/CMakeTmp/CheckSymbolExists.c:
/* */
#include <stddef.h>
#include <stdarg.h>
#include <stdlib.h>
#include <string.h>
#include <stdio.h>
#include <wchar.h>
#include <float.h>

int main(int argc, char** argv)
{
  (void)argv;
#ifndef bcopy
  return ((int*)(&bcopy))[argc];
#else
  (void)argc;
  return 0;
#endif
}
Determining if the memset exist passed with the following output:
Change Dir: /Users/miguel_garcia/Documents/Proyectos/pdandroid/android/app/.cxx/Debug/5t1f1ol3/x86/CMakeFiles/CMakeTmp

Run Build Command(s):/Users/miguel_garcia/Library/Android/sdk/cmake/3.22.1/bin/ninja cmTC_947b5 && [1/2] Building C object CMakeFiles/cmTC_947b5.dir/CheckSymbolExists.c.o
[2/2] Linking C executable cmTC_947b5


File /Users/miguel_garcia/Documents/Proyectos/pdandroid/android/app/.cxx/Debug/5t1f1ol3/x86/CMakeFiles/CMakeTmp/CheckSymbolExists.c:
/* */
#include <stddef.h>
#include <stdarg.h>
#include <stdlib.h>
#include <string.h>
#include <stdio.h>
#include <wchar.h>
#include <float.h>

int main(int argc, char** argv)
{
  (void)argv;
#ifndef memset
  return ((int*)(&memset))[argc];
#else
  (void)argc;
  return 0;
#endif
}
Determining if the memcpy exist passed with the following output:
Change Dir: /Users/miguel_garcia/Documents/Proyectos/pdandroid/android/app/.cxx/Debug/5t1f1ol3/x86/CMakeFiles/CMakeTmp

Run Build Command(s):/Users/miguel_garcia/Library/Android/sdk/cmake/3.22.1/bin/ninja cmTC_24739 && [1/2] Building C object CMakeFiles/cmTC_24739.dir/CheckSymbolExists.c.o
[2/2] Linking C executable cmTC_24739


File /Users/miguel_garcia/Documents/Proyectos/pdandroid/android/app/.cxx/Debug/5t1f1ol3/x86/CMakeFiles/CMakeTmp/CheckSymbolExists.c:
/* */
#include <stddef.h>
#include <stdarg.h>
#include <stdlib.h>
#include <string.h>
#include <stdio.h>
#include <wchar.h>
#include <float.h>

int main(int argc, char** argv)
{
  (void)argv;
#ifndef memcpy
  return ((int*)(&memcpy))[argc];
#else
  (void)argc;
  return 0;
#endif
}
Determining if the memmove exist passed with the following output:
Change Dir: /Users/miguel_garcia/Documents/Proyectos/pdandroid/android/app/.cxx/Debug/5t1f1ol3/x86/CMakeFiles/CMakeTmp

Run Build Command(s):/Users/miguel_garcia/Library/Android/sdk/cmake/3.22.1/bin/ninja cmTC_7fd60 && [1/2] Building C object CMakeFiles/cmTC_7fd60.dir/CheckSymbolExists.c.o
[2/2] Linking C executable cmTC_7fd60


File /Users/miguel_garcia/Documents/Proyectos/pdandroid/android/app/.cxx/Debug/5t1f1ol3/x86/CMakeFiles/CMakeTmp/CheckSymbolExists.c:
/* */
#include <stddef.h>
#include <stdarg.h>
#include <stdlib.h>
#include <string.h>
#include <stdio.h>
#include <wchar.h>
#include <float.h>

int main(int argc, char** argv)
{
  (void)argv;
#ifndef memmove
  return ((int*)(&memmove))[argc];
#else
  (void)argc;
  return 0;
#endif
}
Determining if the memcmp exist passed with the following output:
Change Dir: /Users/miguel_garcia/Documents/Proyectos/pdandroid/android/app/.cxx/Debug/5t1f1ol3/x86/CMakeFiles/CMakeTmp

Run Build Command(s):/Users/miguel_garcia/Library/Android/sdk/cmake/3.22.1/bin/ninja cmTC_68de7 && [1/2] Building C object CMakeFiles/cmTC_68de7.dir/CheckSymbolExists.c.o
[2/2] Linking C executable cmTC_68de7


File /Users/miguel_garcia/Documents/Proyectos/pdandroid/android/app/.cxx/Debug/5t1f1ol3/x86/CMakeFiles/CMakeTmp/CheckSymbolExists.c:
/* */
#include <stddef.h>
#include <stdarg.h>
#include <stdlib.h>
#include <string.h>
#include <stdio.h>
#include <wchar.h>
#include <float.h>

int main(int argc, char** argv)
{
  (void)argv;
#ifndef memcmp
  return ((int*)(&memcmp))[argc];
#else
  (void)argc;
  return 0;
#endif
}
Determining if the strlen exist passed with the following output:
Change Dir: /Users/miguel_garcia/Documents/Proyectos/pdandroid/android/app/.cxx/Debug/5t1f1ol3/x86/CMakeFiles/CMakeTmp

Run Build Command(s):/Users/miguel_garcia/Library/Android/sdk/cmake/3.22.1/bin/ninja cmTC_404dd && [1/2] Building C object CMakeFiles/cmTC_404dd.dir/CheckSymbolExists.c.o
[2/2] Linking C executable cmTC_404dd


File /Users/miguel_garcia/Documents/Proyectos/pdandroid/android/app/.cxx/Debug/5t1f1ol3/x86/CMakeFiles/CMakeTmp/CheckSymbolExists.c:
/* */
#include <stddef.h>
#include <stdarg.h>
#include <stdlib.h>
#include <string.h>
#include <stdio.h>
#include <wchar.h>
#include <float.h>

int main(int argc, char** argv)
{
  (void)argv;
#ifndef strlen
  return ((int*)(&strlen))[argc];
#else
  (void)argc;
  return 0;
#endif
}
Determining if the strlcpy exist passed with the following output:
Change Dir: /Users/miguel_garcia/Documents/Proyectos/pdandroid/android/app/.cxx/Debug/5t1f1ol3/x86/CMakeFiles/CMakeTmp

Run Build Command(s):/Users/miguel_garcia/Library/Android/sdk/cmake/3.22.1/bin/ninja cmTC_97183 && [1/2] Building C object CMakeFiles/cmTC_97183.dir/CheckSymbolExists.c.o
[2/2] Linking C executable cmTC_97183


File /Users/miguel_garcia/Documents/Proyectos/pdandroid/android/app/.cxx/Debug/5t1f1ol3/x86/CMakeFiles/CMakeTmp/CheckSymbolExists.c:
/* */
#include <stddef.h>
#include <stdarg.h>
#include <stdlib.h>
#include <string.h>
#include <stdio.h>
#include <wchar.h>
#include <float.h>

int main(int argc, char** argv)
{
  (void)argv;
#ifndef strlcpy
  return ((int*)(&strlcpy))[argc];
#else
  (void)argc;
  return 0;
#endif
}
Determining if the strlcat exist passed with the following output:
Change Dir: /Users/miguel_garcia/Documents/Proyectos/pdandroid/android/app/.cxx/Debug/5t1f1ol3/x86/CMakeFiles/CMakeTmp

Run Build Command(s):/Users/miguel_garcia/Library/Android/sdk/cmake/3.22.1/bin/ninja cmTC_f5bdf && [1/2] Building C object CMakeFiles/cmTC_f5bdf.dir/CheckSymbolExists.c.o
[2/2] Linking C executable cmTC_f5bdf


File /Users/miguel_garcia/Documents/Proyectos/pdandroid/android/app/.cxx/Debug/5t1f1ol3/x86/CMakeFiles/CMakeTmp/CheckSymbolExists.c:
/* */
#include <stddef.h>
#include <stdarg.h>
#include <stdlib.h>
#include <string.h>
#include <stdio.h>
#include <wchar.h>
#include <float.h>

int main(int argc, char** argv)
{
  (void)argv;
#ifndef strlcat
  return ((int*)(&strlcat))[argc];
#else
  (void)argc;
  return 0;
#endif
}
Determining if the strchr exist passed with the following output:
Change Dir: /Users/miguel_garcia/Documents/Proyectos/pdandroid/android/app/.cxx/Debug/5t1f1ol3/x86/CMakeFiles/CMakeTmp

Run Build Command(s):/Users/miguel_garcia/Library/Android/sdk/cmake/3.22.1/bin/ninja cmTC_3f018 && [1/2] Building C object CMakeFiles/cmTC_3f018.dir/CheckSymbolExists.c.o
[2/2] Linking C executable cmTC_3f018


File /Users/miguel_garcia/Documents/Proyectos/pdandroid/android/app/.cxx/Debug/5t1f1ol3/x86/CMakeFiles/CMakeTmp/CheckSymbolExists.c:
/* */
#include <stddef.h>
#include <stdarg.h>
#include <stdlib.h>
#include <string.h>
#include <stdio.h>
#include <wchar.h>
#include <float.h>

int main(int argc, char** argv)
{
  (void)argv;
#ifndef strchr
  return ((int*)(&strchr))[argc];
#else
  (void)argc;
  return 0;
#endif
}
Determining if the strrchr exist passed with the following output:
Change Dir: /Users/miguel_garcia/Documents/Proyectos/pdandroid/android/app/.cxx/Debug/5t1f1ol3/x86/CMakeFiles/CMakeTmp

Run Build Command(s):/Users/miguel_garcia/Library/Android/sdk/cmake/3.22.1/bin/ninja cmTC_7f679 && [1/2] Building C object CMakeFiles/cmTC_7f679.dir/CheckSymbolExists.c.o
[2/2] Linking C executable cmTC_7f679


File /Users/miguel_garcia/Documents/Proyectos/pdandroid/android/app/.cxx/Debug/5t1f1ol3/x86/CMakeFiles/CMakeTmp/CheckSymbolExists.c:
/* */
#include <stddef.h>
#include <stdarg.h>
#include <stdlib.h>
#include <string.h>
#include <stdio.h>
#include <wchar.h>
#include <float.h>

int main(int argc, char** argv)
{
  (void)argv;
#ifndef strrchr
  return ((int*)(&strrchr))[argc];
#else
  (void)argc;
  return 0;
#endif
}
Determining if the strstr exist passed with the following output:
Change Dir: /Users/miguel_garcia/Documents/Proyectos/pdandroid/android/app/.cxx/Debug/5t1f1ol3/x86/CMakeFiles/CMakeTmp

Run Build Command(s):/Users/miguel_garcia/Library/Android/sdk/cmake/3.22.1/bin/ninja cmTC_350d3 && [1/2] Building C object CMakeFiles/cmTC_350d3.dir/CheckSymbolExists.c.o
[2/2] Linking C executable cmTC_350d3


File /Users/miguel_garcia/Documents/Proyectos/pdandroid/android/app/.cxx/Debug/5t1f1ol3/x86/CMakeFiles/CMakeTmp/CheckSymbolExists.c:
/* */
#include <stddef.h>
#include <stdarg.h>
#include <stdlib.h>
#include <string.h>
#include <stdio.h>
#include <wchar.h>
#include <float.h>

int main(int argc, char** argv)
{
  (void)argv;
#ifndef strstr
  return ((int*)(&strstr))[argc];
#else
  (void)argc;
  return 0;
#endif
}
Determining if the strtok_r exist passed with the following output:
Change Dir: /Users/miguel_garcia/Documents/Proyectos/pdandroid/android/app/.cxx/Debug/5t1f1ol3/x86/CMakeFiles/CMakeTmp

Run Build Command(s):/Users/miguel_garcia/Library/Android/sdk/cmake/3.22.1/bin/ninja cmTC_87e21 && [1/2] Building C object CMakeFiles/cmTC_87e21.dir/CheckSymbolExists.c.o
[2/2] Linking C executable cmTC_87e21


File /Users/miguel_garcia/Documents/Proyectos/pdandroid/android/app/.cxx/Debug/5t1f1ol3/x86/CMakeFiles/CMakeTmp/CheckSymbolExists.c:
/* */
#include <stddef.h>
#include <stdarg.h>
#include <stdlib.h>
#include <string.h>
#include <stdio.h>
#include <wchar.h>
#include <float.h>

int main(int argc, char** argv)
{
  (void)argv;
#ifndef strtok_r
  return ((int*)(&strtok_r))[argc];
#else
  (void)argc;
  return 0;
#endif
}
Determining if the strtol exist passed with the following output:
Change Dir: /Users/miguel_garcia/Documents/Proyectos/pdandroid/android/app/.cxx/Debug/5t1f1ol3/x86/CMakeFiles/CMakeTmp

Run Build Command(s):/Users/miguel_garcia/Library/Android/sdk/cmake/3.22.1/bin/ninja cmTC_6fe85 && [1/2] Building C object CMakeFiles/cmTC_6fe85.dir/CheckSymbolExists.c.o
[2/2] Linking C executable cmTC_6fe85


File /Users/miguel_garcia/Documents/Proyectos/pdandroid/android/app/.cxx/Debug/5t1f1ol3/x86/CMakeFiles/CMakeTmp/CheckSymbolExists.c:
/* */
#include <stddef.h>
#include <stdarg.h>
#include <stdlib.h>
#include <string.h>
#include <stdio.h>
#include <wchar.h>
#include <float.h>

int main(int argc, char** argv)
{
  (void)argv;
#ifndef strtol
  return ((int*)(&strtol))[argc];
#else
  (void)argc;
  return 0;
#endif
}
Determining if the strtoul exist passed with the following output:
Change Dir: /Users/miguel_garcia/Documents/Proyectos/pdandroid/android/app/.cxx/Debug/5t1f1ol3/x86/CMakeFiles/CMakeTmp

Run Build Command(s):/Users/miguel_garcia/Library/Android/sdk/cmake/3.22.1/bin/ninja cmTC_e5765 && [1/2] Building C object CMakeFiles/cmTC_e5765.dir/CheckSymbolExists.c.o
[2/2] Linking C executable cmTC_e5765


File /Users/miguel_garcia/Documents/Proyectos/pdandroid/android/app/.cxx/Debug/5t1f1ol3/x86/CMakeFiles/CMakeTmp/CheckSymbolExists.c:
/* */
#include <stddef.h>
#include <stdarg.h>
#include <stdlib.h>
#include <string.h>
#include <stdio.h>
#include <wchar.h>
#include <float.h>

int main(int argc, char** argv)
{
  (void)argv;
#ifndef strtoul
  return ((int*)(&strtoul))[argc];
#else
  (void)argc;
  return 0;
#endif
}
Determining if the strtoll exist passed with the following output:
Change Dir: /Users/miguel_garcia/Documents/Proyectos/pdandroid/android/app/.cxx/Debug/5t1f1ol3/x86/CMakeFiles/CMakeTmp

Run Build Command(s):/Users/miguel_garcia/Library/Android/sdk/cmake/3.22.1/bin/ninja cmTC_19b9a && [1/2] Building C object CMakeFiles/cmTC_19b9a.dir/CheckSymbolExists.c.o
[2/2] Linking C executable cmTC_19b9a


File /Users/miguel_garcia/Documents/Proyectos/pdandroid/android/app/.cxx/Debug/5t1f1ol3/x86/CMakeFiles/CMakeTmp/CheckSymbolExists.c:
/* */
#include <stddef.h>
#include <stdarg.h>
#include <stdlib.h>
#include <string.h>
#include <stdio.h>
#include <wchar.h>
#include <float.h>

int main(int argc, char** argv)
{
  (void)argv;
#ifndef strtoll
  return ((int*)(&strtoll))[argc];
#else
  (void)argc;
  return 0;
#endif
}
Determining if the strtoull exist passed with the following output:
Change Dir: /Users/miguel_garcia/Documents/Proyectos/pdandroid/android/app/.cxx/Debug/5t1f1ol3/x86/CMakeFiles/CMakeTmp

Run Build Command(s):/Users/miguel_garcia/Library/Android/sdk/cmake/3.22.1/bin/ninja cmTC_583d8 && [1/2] Building C object CMakeFiles/cmTC_583d8.dir/CheckSymbolExists.c.o
[2/2] Linking C executable cmTC_583d8


File /Users/miguel_garcia/Documents/Proyectos/pdandroid/android/app/.cxx/Debug/5t1f1ol3/x86/CMakeFiles/CMakeTmp/CheckSymbolExists.c:
/* */
#include <stddef.h>
#include <stdarg.h>
#include <stdlib.h>
#include <string.h>
#include <stdio.h>
#include <wchar.h>
#include <float.h>

int main(int argc, char** argv)
{
  (void)argv;
#ifndef strtoull
  return ((int*)(&strtoull))[argc];
#else
  (void)argc;
  return 0;
#endif
}
Determining if the atoi exist passed with the following output:
Change Dir: /Users/miguel_garcia/Documents/Proyectos/pdandroid/android/app/.cxx/Debug/5t1f1ol3/x86/CMakeFiles/CMakeTmp

Run Build Command(s):/Users/miguel_garcia/Library/Android/sdk/cmake/3.22.1/bin/ninja cmTC_6e46c && [1/2] Building C object CMakeFiles/cmTC_6e46c.dir/CheckSymbolExists.c.o
[2/2] Linking C executable cmTC_6e46c


File /Users/miguel_garcia/Documents/Proyectos/pdandroid/android/app/.cxx/Debug/5t1f1ol3/x86/CMakeFiles/CMakeTmp/CheckSymbolExists.c:
/* */
#include <stddef.h>
#include <stdarg.h>
#include <stdlib.h>
#include <string.h>
#include <stdio.h>
#include <wchar.h>
#include <float.h>

int main(int argc, char** argv)
{
  (void)argv;
#ifndef atoi
  return ((int*)(&atoi))[argc];
#else
  (void)argc;
  return 0;
#endif
}
Determining if the atof exist passed with the following output:
Change Dir: /Users/miguel_garcia/Documents/Proyectos/pdandroid/android/app/.cxx/Debug/5t1f1ol3/x86/CMakeFiles/CMakeTmp

Run Build Command(s):/Users/miguel_garcia/Library/Android/sdk/cmake/3.22.1/bin/ninja cmTC_652a7 && [1/2] Building C object CMakeFiles/cmTC_652a7.dir/CheckSymbolExists.c.o
[2/2] Linking C executable cmTC_652a7


File /Users/miguel_garcia/Documents/Proyectos/pdandroid/android/app/.cxx/Debug/5t1f1ol3/x86/CMakeFiles/CMakeTmp/CheckSymbolExists.c:
/* */
#include <stddef.h>
#include <stdarg.h>
#include <stdlib.h>
#include <string.h>
#include <stdio.h>
#include <wchar.h>
#include <float.h>

int main(int argc, char** argv)
{
  (void)argv;
#ifndef atof
  return ((int*)(&atof))[argc];
#else
  (void)argc;
  return 0;
#endif
}
Determining if the strcmp exist passed with the following output:
Change Dir: /Users/miguel_garcia/Documents/Proyectos/pdandroid/android/app/.cxx/Debug/5t1f1ol3/x86/CMakeFiles/CMakeTmp

Run Build Command(s):/Users/miguel_garcia/Library/Android/sdk/cmake/3.22.1/bin/ninja cmTC_f4f13 && [1/2] Building C object CMakeFiles/cmTC_f4f13.dir/CheckSymbolExists.c.o
[2/2] Linking C executable cmTC_f4f13


File /Users/miguel_garcia/Documents/Proyectos/pdandroid/android/app/.cxx/Debug/5t1f1ol3/x86/CMakeFiles/CMakeTmp/CheckSymbolExists.c:
/* */
#include <stddef.h>
#include <stdarg.h>
#include <stdlib.h>
#include <string.h>
#include <stdio.h>
#include <wchar.h>
#include <float.h>

int main(int argc, char** argv)
{
  (void)argv;
#ifndef strcmp
  return ((int*)(&strcmp))[argc];
#else
  (void)argc;
  return 0;
#endif
}
Determining if the strncmp exist passed with the following output:
Change Dir: /Users/miguel_garcia/Documents/Proyectos/pdandroid/android/app/.cxx/Debug/5t1f1ol3/x86/CMakeFiles/CMakeTmp

Run Build Command(s):/Users/miguel_garcia/Library/Android/sdk/cmake/3.22.1/bin/ninja cmTC_a3411 && [1/2] Building C object CMakeFiles/cmTC_a3411.dir/CheckSymbolExists.c.o
[2/2] Linking C executable cmTC_a3411


File /Users/miguel_garcia/Documents/Proyectos/pdandroid/android/app/.cxx/Debug/5t1f1ol3/x86/CMakeFiles/CMakeTmp/CheckSymbolExists.c:
/* */
#include <stddef.h>
#include <stdarg.h>
#include <stdlib.h>
#include <string.h>
#include <stdio.h>
#include <wchar.h>
#include <float.h>

int main(int argc, char** argv)
{
  (void)argv;
#ifndef strncmp
  return ((int*)(&strncmp))[argc];
#else
  (void)argc;
  return 0;
#endif
}
Determining if the strcasecmp exist passed with the following output:
Change Dir: /Users/miguel_garcia/Documents/Proyectos/pdandroid/android/app/.cxx/Debug/5t1f1ol3/x86/CMakeFiles/CMakeTmp

Run Build Command(s):/Users/miguel_garcia/Library/Android/sdk/cmake/3.22.1/bin/ninja cmTC_36ab7 && [1/2] Building C object CMakeFiles/cmTC_36ab7.dir/CheckSymbolExists.c.o
[2/2] Linking C executable cmTC_36ab7


File /Users/miguel_garcia/Documents/Proyectos/pdandroid/android/app/.cxx/Debug/5t1f1ol3/x86/CMakeFiles/CMakeTmp/CheckSymbolExists.c:
/* */
#include <stddef.h>
#include <stdarg.h>
#include <stdlib.h>
#include <string.h>
#include <stdio.h>
#include <wchar.h>
#include <float.h>

int main(int argc, char** argv)
{
  (void)argv;
#ifndef strcasecmp
  return ((int*)(&strcasecmp))[argc];
#else
  (void)argc;
  return 0;
#endif
}
Determining if the strncasecmp exist passed with the following output:
Change Dir: /Users/miguel_garcia/Documents/Proyectos/pdandroid/android/app/.cxx/Debug/5t1f1ol3/x86/CMakeFiles/CMakeTmp

Run Build Command(s):/Users/miguel_garcia/Library/Android/sdk/cmake/3.22.1/bin/ninja cmTC_aa4db && [1/2] Building C object CMakeFiles/cmTC_aa4db.dir/CheckSymbolExists.c.o
[2/2] Linking C executable cmTC_aa4db


File /Users/miguel_garcia/Documents/Proyectos/pdandroid/android/app/.cxx/Debug/5t1f1ol3/x86/CMakeFiles/CMakeTmp/CheckSymbolExists.c:
/* */
#include <stddef.h>
#include <stdarg.h>
#include <stdlib.h>
#include <string.h>
#include <stdio.h>
#include <wchar.h>
#include <float.h>

int main(int argc, char** argv)
{
  (void)argv;
#ifndef strncasecmp
  return ((int*)(&strncasecmp))[argc];
#else
  (void)argc;
  return 0;
#endif
}
Determining if the strcasestr exist passed with the following output:
Change Dir: /Users/miguel_garcia/Documents/Proyectos/pdandroid/android/app/.cxx/Debug/5t1f1ol3/x86/CMakeFiles/CMakeTmp

Run Build Command(s):/Users/miguel_garcia/Library/Android/sdk/cmake/3.22.1/bin/ninja cmTC_16d24 && [1/2] Building C object CMakeFiles/cmTC_16d24.dir/CheckSymbolExists.c.o
[2/2] Linking C executable cmTC_16d24


File /Users/miguel_garcia/Documents/Proyectos/pdandroid/android/app/.cxx/Debug/5t1f1ol3/x86/CMakeFiles/CMakeTmp/CheckSymbolExists.c:
/* */
#include <stddef.h>
#include <stdarg.h>
#include <stdlib.h>
#include <string.h>
#include <stdio.h>
#include <wchar.h>
#include <float.h>

int main(int argc, char** argv)
{
  (void)argv;
#ifndef strcasestr
  return ((int*)(&strcasestr))[argc];
#else
  (void)argc;
  return 0;
#endif
}
Determining if the wcscmp exist passed with the following output:
Change Dir: /Users/miguel_garcia/Documents/Proyectos/pdandroid/android/app/.cxx/Debug/5t1f1ol3/x86/CMakeFiles/CMakeTmp

Run Build Command(s):/Users/miguel_garcia/Library/Android/sdk/cmake/3.22.1/bin/ninja cmTC_e8511 && [1/2] Building C object CMakeFiles/cmTC_e8511.dir/CheckSymbolExists.c.o
[2/2] Linking C executable cmTC_e8511


File /Users/miguel_garcia/Documents/Proyectos/pdandroid/android/app/.cxx/Debug/5t1f1ol3/x86/CMakeFiles/CMakeTmp/CheckSymbolExists.c:
/* */
#include <stddef.h>
#include <stdarg.h>
#include <stdlib.h>
#include <string.h>
#include <stdio.h>
#include <wchar.h>
#include <float.h>

int main(int argc, char** argv)
{
  (void)argv;
#ifndef wcscmp
  return ((int*)(&wcscmp))[argc];
#else
  (void)argc;
  return 0;
#endif
}
Determining if the wcsdup exist passed with the following output:
Change Dir: /Users/miguel_garcia/Documents/Proyectos/pdandroid/android/app/.cxx/Debug/5t1f1ol3/x86/CMakeFiles/CMakeTmp

Run Build Command(s):/Users/miguel_garcia/Library/Android/sdk/cmake/3.22.1/bin/ninja cmTC_47c59 && [1/2] Building C object CMakeFiles/cmTC_47c59.dir/CheckSymbolExists.c.o
[2/2] Linking C executable cmTC_47c59


File /Users/miguel_garcia/Documents/Proyectos/pdandroid/android/app/.cxx/Debug/5t1f1ol3/x86/CMakeFiles/CMakeTmp/CheckSymbolExists.c:
/* */
#include <stddef.h>
#include <stdarg.h>
#include <stdlib.h>
#include <string.h>
#include <stdio.h>
#include <wchar.h>
#include <float.h>

int main(int argc, char** argv)
{
  (void)argv;
#ifndef wcsdup
  return ((int*)(&wcsdup))[argc];
#else
  (void)argc;
  return 0;
#endif
}
Determining if the wcslcat exist passed with the following output:
Change Dir: /Users/miguel_garcia/Documents/Proyectos/pdandroid/android/app/.cxx/Debug/5t1f1ol3/x86/CMakeFiles/CMakeTmp

Run Build Command(s):/Users/miguel_garcia/Library/Android/sdk/cmake/3.22.1/bin/ninja cmTC_97666 && [1/2] Building C object CMakeFiles/cmTC_97666.dir/CheckSymbolExists.c.o
[2/2] Linking C executable cmTC_97666


File /Users/miguel_garcia/Documents/Proyectos/pdandroid/android/app/.cxx/Debug/5t1f1ol3/x86/CMakeFiles/CMakeTmp/CheckSymbolExists.c:
/* */
#include <stddef.h>
#include <stdarg.h>
#include <stdlib.h>
#include <string.h>
#include <stdio.h>
#include <wchar.h>
#include <float.h>

int main(int argc, char** argv)
{
  (void)argv;
#ifndef wcslcat
  return ((int*)(&wcslcat))[argc];
#else
  (void)argc;
  return 0;
#endif
}
Determining if the wcslcpy exist passed with the following output:
Change Dir: /Users/miguel_garcia/Documents/Proyectos/pdandroid/android/app/.cxx/Debug/5t1f1ol3/x86/CMakeFiles/CMakeTmp

Run Build Command(s):/Users/miguel_garcia/Library/Android/sdk/cmake/3.22.1/bin/ninja cmTC_c7649 && [1/2] Building C object CMakeFiles/cmTC_c7649.dir/CheckSymbolExists.c.o
[2/2] Linking C executable cmTC_c7649


File /Users/miguel_garcia/Documents/Proyectos/pdandroid/android/app/.cxx/Debug/5t1f1ol3/x86/CMakeFiles/CMakeTmp/CheckSymbolExists.c:
/* */
#include <stddef.h>
#include <stdarg.h>
#include <stdlib.h>
#include <string.h>
#include <stdio.h>
#include <wchar.h>
#include <float.h>

int main(int argc, char** argv)
{
  (void)argv;
#ifndef wcslcpy
  return ((int*)(&wcslcpy))[argc];
#else
  (void)argc;
  return 0;
#endif
}
Determining if the wcslen exist passed with the following output:
Change Dir: /Users/miguel_garcia/Documents/Proyectos/pdandroid/android/app/.cxx/Debug/5t1f1ol3/x86/CMakeFiles/CMakeTmp

Run Build Command(s):/Users/miguel_garcia/Library/Android/sdk/cmake/3.22.1/bin/ninja cmTC_d7e5d && [1/2] Building C object CMakeFiles/cmTC_d7e5d.dir/CheckSymbolExists.c.o
[2/2] Linking C executable cmTC_d7e5d


File /Users/miguel_garcia/Documents/Proyectos/pdandroid/android/app/.cxx/Debug/5t1f1ol3/x86/CMakeFiles/CMakeTmp/CheckSymbolExists.c:
/* */
#include <stddef.h>
#include <stdarg.h>
#include <stdlib.h>
#include <string.h>
#include <stdio.h>
#include <wchar.h>
#include <float.h>

int main(int argc, char** argv)
{
  (void)argv;
#ifndef wcslen
  return ((int*)(&wcslen))[argc];
#else
  (void)argc;
  return 0;
#endif
}
Determining if the wcsncmp exist passed with the following output:
Change Dir: /Users/miguel_garcia/Documents/Proyectos/pdandroid/android/app/.cxx/Debug/5t1f1ol3/x86/CMakeFiles/CMakeTmp

Run Build Command(s):/Users/miguel_garcia/Library/Android/sdk/cmake/3.22.1/bin/ninja cmTC_39832 && [1/2] Building C object CMakeFiles/cmTC_39832.dir/CheckSymbolExists.c.o
[2/2] Linking C executable cmTC_39832


File /Users/miguel_garcia/Documents/Proyectos/pdandroid/android/app/.cxx/Debug/5t1f1ol3/x86/CMakeFiles/CMakeTmp/CheckSymbolExists.c:
/* */
#include <stddef.h>
#include <stdarg.h>
#include <stdlib.h>
#include <string.h>
#include <stdio.h>
#include <wchar.h>
#include <float.h>

int main(int argc, char** argv)
{
  (void)argv;
#ifndef wcsncmp
  return ((int*)(&wcsncmp))[argc];
#else
  (void)argc;
  return 0;
#endif
}
Determining if the wcsstr exist passed with the following output:
Change Dir: /Users/miguel_garcia/Documents/Proyectos/pdandroid/android/app/.cxx/Debug/5t1f1ol3/x86/CMakeFiles/CMakeTmp

Run Build Command(s):/Users/miguel_garcia/Library/Android/sdk/cmake/3.22.1/bin/ninja cmTC_14d1f && [1/2] Building C object CMakeFiles/cmTC_14d1f.dir/CheckSymbolExists.c.o
[2/2] Linking C executable cmTC_14d1f


File /Users/miguel_garcia/Documents/Proyectos/pdandroid/android/app/.cxx/Debug/5t1f1ol3/x86/CMakeFiles/CMakeTmp/CheckSymbolExists.c:
/* */
#include <stddef.h>
#include <stdarg.h>
#include <stdlib.h>
#include <string.h>
#include <stdio.h>
#include <wchar.h>
#include <float.h>

int main(int argc, char** argv)
{
  (void)argv;
#ifndef wcsstr
  return ((int*)(&wcsstr))[argc];
#else
  (void)argc;
  return 0;
#endif
}
Determining if the wcscasecmp exist passed with the following output:
Change Dir: /Users/miguel_garcia/Documents/Proyectos/pdandroid/android/app/.cxx/Debug/5t1f1ol3/x86/CMakeFiles/CMakeTmp

Run Build Command(s):/Users/miguel_garcia/Library/Android/sdk/cmake/3.22.1/bin/ninja cmTC_ff70c && [1/2] Building C object CMakeFiles/cmTC_ff70c.dir/CheckSymbolExists.c.o
[2/2] Linking C executable cmTC_ff70c


File /Users/miguel_garcia/Documents/Proyectos/pdandroid/android/app/.cxx/Debug/5t1f1ol3/x86/CMakeFiles/CMakeTmp/CheckSymbolExists.c:
/* */
#include <stddef.h>
#include <stdarg.h>
#include <stdlib.h>
#include <string.h>
#include <stdio.h>
#include <wchar.h>
#include <float.h>

int main(int argc, char** argv)
{
  (void)argv;
#ifndef wcscasecmp
  return ((int*)(&wcscasecmp))[argc];
#else
  (void)argc;
  return 0;
#endif
}
Determining if the wcsncasecmp exist passed with the following output:
Change Dir: /Users/miguel_garcia/Documents/Proyectos/pdandroid/android/app/.cxx/Debug/5t1f1ol3/x86/CMakeFiles/CMakeTmp

Run Build Command(s):/Users/miguel_garcia/Library/Android/sdk/cmake/3.22.1/bin/ninja cmTC_c9abe && [1/2] Building C object CMakeFiles/cmTC_c9abe.dir/CheckSymbolExists.c.o
[2/2] Linking C executable cmTC_c9abe


File /Users/miguel_garcia/Documents/Proyectos/pdandroid/android/app/.cxx/Debug/5t1f1ol3/x86/CMakeFiles/CMakeTmp/CheckSymbolExists.c:
/* */
#include <stddef.h>
#include <stdarg.h>
#include <stdlib.h>
#include <string.h>
#include <stdio.h>
#include <wchar.h>
#include <float.h>

int main(int argc, char** argv)
{
  (void)argv;
#ifndef wcsncasecmp
  return ((int*)(&wcsncasecmp))[argc];
#else
  (void)argc;
  return 0;
#endif
}
Determining if the sscanf exist passed with the following output:
Change Dir: /Users/miguel_garcia/Documents/Proyectos/pdandroid/android/app/.cxx/Debug/5t1f1ol3/x86/CMakeFiles/CMakeTmp

Run Build Command(s):/Users/miguel_garcia/Library/Android/sdk/cmake/3.22.1/bin/ninja cmTC_0ac23 && [1/2] Building C object CMakeFiles/cmTC_0ac23.dir/CheckSymbolExists.c.o
[2/2] Linking C executable cmTC_0ac23


File /Users/miguel_garcia/Documents/Proyectos/pdandroid/android/app/.cxx/Debug/5t1f1ol3/x86/CMakeFiles/CMakeTmp/CheckSymbolExists.c:
/* */
#include <stddef.h>
#include <stdarg.h>
#include <stdlib.h>
#include <string.h>
#include <stdio.h>
#include <wchar.h>
#include <float.h>

int main(int argc, char** argv)
{
  (void)argv;
#ifndef sscanf
  return ((int*)(&sscanf))[argc];
#else
  (void)argc;
  return 0;
#endif
}
Determining if the vsscanf exist passed with the following output:
Change Dir: /Users/miguel_garcia/Documents/Proyectos/pdandroid/android/app/.cxx/Debug/5t1f1ol3/x86/CMakeFiles/CMakeTmp

Run Build Command(s):/Users/miguel_garcia/Library/Android/sdk/cmake/3.22.1/bin/ninja cmTC_7d9dd && [1/2] Building C object CMakeFiles/cmTC_7d9dd.dir/CheckSymbolExists.c.o
[2/2] Linking C executable cmTC_7d9dd


File /Users/miguel_garcia/Documents/Proyectos/pdandroid/android/app/.cxx/Debug/5t1f1ol3/x86/CMakeFiles/CMakeTmp/CheckSymbolExists.c:
/* */
#include <stddef.h>
#include <stdarg.h>
#include <stdlib.h>
#include <string.h>
#include <stdio.h>
#include <wchar.h>
#include <float.h>

int main(int argc, char** argv)
{
  (void)argv;
#ifndef vsscanf
  return ((int*)(&vsscanf))[argc];
#else
  (void)argc;
  return 0;
#endif
}
Determining if the vsnprintf exist passed with the following output:
Change Dir: /Users/miguel_garcia/Documents/Proyectos/pdandroid/android/app/.cxx/Debug/5t1f1ol3/x86/CMakeFiles/CMakeTmp

Run Build Command(s):/Users/miguel_garcia/Library/Android/sdk/cmake/3.22.1/bin/ninja cmTC_6a795 && [1/2] Building C object CMakeFiles/cmTC_6a795.dir/CheckSymbolExists.c.o
[2/2] Linking C executable cmTC_6a795


File /Users/miguel_garcia/Documents/Proyectos/pdandroid/android/app/.cxx/Debug/5t1f1ol3/x86/CMakeFiles/CMakeTmp/CheckSymbolExists.c:
/* */
#include <stddef.h>
#include <stdarg.h>
#include <stdlib.h>
#include <string.h>
#include <stdio.h>
#include <wchar.h>
#include <float.h>

int main(int argc, char** argv)
{
  (void)argv;
#ifndef vsnprintf
  return ((int*)(&vsnprintf))[argc];
#else
  (void)argc;
  return 0;
#endif
}
Determining if the fseeko exist passed with the following output:
Change Dir: /Users/miguel_garcia/Documents/Proyectos/pdandroid/android/app/.cxx/Debug/5t1f1ol3/x86/CMakeFiles/CMakeTmp

Run Build Command(s):/Users/miguel_garcia/Library/Android/sdk/cmake/3.22.1/bin/ninja cmTC_da46f && [1/2] Building C object CMakeFiles/cmTC_da46f.dir/CheckSymbolExists.c.o
[2/2] Linking C executable cmTC_da46f


File /Users/miguel_garcia/Documents/Proyectos/pdandroid/android/app/.cxx/Debug/5t1f1ol3/x86/CMakeFiles/CMakeTmp/CheckSymbolExists.c:
/* */
#include <stddef.h>
#include <stdarg.h>
#include <stdlib.h>
#include <string.h>
#include <stdio.h>
#include <wchar.h>
#include <float.h>

int main(int argc, char** argv)
{
  (void)argv;
#ifndef fseeko
  return ((int*)(&fseeko))[argc];
#else
  (void)argc;
  return 0;
#endif
}
Determining if the _Exit exist passed with the following output:
Change Dir: /Users/miguel_garcia/Documents/Proyectos/pdandroid/android/app/.cxx/Debug/5t1f1ol3/x86/CMakeFiles/CMakeTmp

Run Build Command(s):/Users/miguel_garcia/Library/Android/sdk/cmake/3.22.1/bin/ninja cmTC_29a68 && [1/2] Building C object CMakeFiles/cmTC_29a68.dir/CheckSymbolExists.c.o
[2/2] Linking C executable cmTC_29a68


File /Users/miguel_garcia/Documents/Proyectos/pdandroid/android/app/.cxx/Debug/5t1f1ol3/x86/CMakeFiles/CMakeTmp/CheckSymbolExists.c:
/* */
#include <stddef.h>
#include <stdarg.h>
#include <stdlib.h>
#include <string.h>
#include <stdio.h>
#include <wchar.h>
#include <float.h>

int main(int argc, char** argv)
{
  (void)argv;
#ifndef _Exit
  return ((int*)(&_Exit))[argc];
#else
  (void)argc;
  return 0;
#endif
}
Determining if the sigaction exist passed with the following output:
Change Dir: /Users/miguel_garcia/Documents/Proyectos/pdandroid/android/app/.cxx/Debug/5t1f1ol3/x86/CMakeFiles/CMakeTmp

Run Build Command(s):/Users/miguel_garcia/Library/Android/sdk/cmake/3.22.1/bin/ninja cmTC_bebec && [1/2] Building C object CMakeFiles/cmTC_bebec.dir/CheckSymbolExists.c.o
[2/2] Linking C executable cmTC_bebec


File /Users/miguel_garcia/Documents/Proyectos/pdandroid/android/app/.cxx/Debug/5t1f1ol3/x86/CMakeFiles/CMakeTmp/CheckSymbolExists.c:
/* */
#include <signal.h>

int main(int argc, char** argv)
{
  (void)argv;
#ifndef sigaction
  return ((int*)(&sigaction))[argc];
#else
  (void)argc;
  return 0;
#endif
}
Determining if the setjmp exist passed with the following output:
Change Dir: /Users/miguel_garcia/Documents/Proyectos/pdandroid/android/app/.cxx/Debug/5t1f1ol3/x86/CMakeFiles/CMakeTmp

Run Build Command(s):/Users/miguel_garcia/Library/Android/sdk/cmake/3.22.1/bin/ninja cmTC_e836f && [1/2] Building C object CMakeFiles/cmTC_e836f.dir/CheckSymbolExists.c.o
[2/2] Linking C executable cmTC_e836f


File /Users/miguel_garcia/Documents/Proyectos/pdandroid/android/app/.cxx/Debug/5t1f1ol3/x86/CMakeFiles/CMakeTmp/CheckSymbolExists.c:
/* */
#include <setjmp.h>

int main(int argc, char** argv)
{
  (void)argv;
#ifndef setjmp
  return ((int*)(&setjmp))[argc];
#else
  (void)argc;
  return 0;
#endif
}
Determining if the nanosleep exist passed with the following output:
Change Dir: /Users/miguel_garcia/Documents/Proyectos/pdandroid/android/app/.cxx/Debug/5t1f1ol3/x86/CMakeFiles/CMakeTmp

Run Build Command(s):/Users/miguel_garcia/Library/Android/sdk/cmake/3.22.1/bin/ninja cmTC_268b8 && [1/2] Building C object CMakeFiles/cmTC_268b8.dir/CheckSymbolExists.c.o
[2/2] Linking C executable cmTC_268b8


File /Users/miguel_garcia/Documents/Proyectos/pdandroid/android/app/.cxx/Debug/5t1f1ol3/x86/CMakeFiles/CMakeTmp/CheckSymbolExists.c:
/* */
#include <time.h>

int main(int argc, char** argv)
{
  (void)argv;
#ifndef nanosleep
  return ((int*)(&nanosleep))[argc];
#else
  (void)argc;
  return 0;
#endif
}
Determining if the sysconf exist passed with the following output:
Change Dir: /Users/miguel_garcia/Documents/Proyectos/pdandroid/android/app/.cxx/Debug/5t1f1ol3/x86/CMakeFiles/CMakeTmp

Run Build Command(s):/Users/miguel_garcia/Library/Android/sdk/cmake/3.22.1/bin/ninja cmTC_3029b && [1/2] Building C object CMakeFiles/cmTC_3029b.dir/CheckSymbolExists.c.o
[2/2] Linking C executable cmTC_3029b


File /Users/miguel_garcia/Documents/Proyectos/pdandroid/android/app/.cxx/Debug/5t1f1ol3/x86/CMakeFiles/CMakeTmp/CheckSymbolExists.c:
/* */
#include <unistd.h>

int main(int argc, char** argv)
{
  (void)argv;
#ifndef sysconf
  return ((int*)(&sysconf))[argc];
#else
  (void)argc;
  return 0;
#endif
}
Determining if the getauxval exist passed with the following output:
Change Dir: /Users/miguel_garcia/Documents/Proyectos/pdandroid/android/app/.cxx/Debug/5t1f1ol3/x86/CMakeFiles/CMakeTmp

Run Build Command(s):/Users/miguel_garcia/Library/Android/sdk/cmake/3.22.1/bin/ninja cmTC_e2380 && [1/2] Building C object CMakeFiles/cmTC_e2380.dir/CheckSymbolExists.c.o
[2/2] Linking C executable cmTC_e2380


File /Users/miguel_garcia/Documents/Proyectos/pdandroid/android/app/.cxx/Debug/5t1f1ol3/x86/CMakeFiles/CMakeTmp/CheckSymbolExists.c:
/* */
#include <sys/auxv.h>

int main(int argc, char** argv)
{
  (void)argv;
#ifndef getauxval
  return ((int*)(&getauxval))[argc];
#else
  (void)argc;
  return 0;
#endif
}
Determining if the poll exist passed with the following output:
Change Dir: /Users/miguel_garcia/Documents/Proyectos/pdandroid/android/app/.cxx/Debug/5t1f1ol3/x86/CMakeFiles/CMakeTmp

Run Build Command(s):/Users/miguel_garcia/Library/Android/sdk/cmake/3.22.1/bin/ninja cmTC_25d32 && [1/2] Building C object CMakeFiles/cmTC_25d32.dir/CheckSymbolExists.c.o
[2/2] Linking C executable cmTC_25d32


File /Users/miguel_garcia/Documents/Proyectos/pdandroid/android/app/.cxx/Debug/5t1f1ol3/x86/CMakeFiles/CMakeTmp/CheckSymbolExists.c:
/* */
#include <poll.h>

int main(int argc, char** argv)
{
  (void)argv;
#ifndef poll
  return ((int*)(&poll))[argc];
#else
  (void)argc;
  return 0;
#endif
}
Determining if the posix_fallocate exist passed with the following output:
Change Dir: /Users/miguel_garcia/Documents/Proyectos/pdandroid/android/app/.cxx/Debug/5t1f1ol3/x86/CMakeFiles/CMakeTmp

Run Build Command(s):/Users/miguel_garcia/Library/Android/sdk/cmake/3.22.1/bin/ninja cmTC_7b5f1 && [1/2] Building C object CMakeFiles/cmTC_7b5f1.dir/CheckSymbolExists.c.o
[2/2] Linking C executable cmTC_7b5f1


File /Users/miguel_garcia/Documents/Proyectos/pdandroid/android/app/.cxx/Debug/5t1f1ol3/x86/CMakeFiles/CMakeTmp/CheckSymbolExists.c:
/* */
#include <fcntl.h>

int main(int argc, char** argv)
{
  (void)argv;
#ifndef posix_fallocate
  return ((int*)(&posix_fallocate))[argc];
#else
  (void)argc;
  return 0;
#endif
}
Determining if the function pow exists in the m passed with the following output:
Change Dir: /Users/miguel_garcia/Documents/Proyectos/pdandroid/android/app/.cxx/Debug/5t1f1ol3/x86/CMakeFiles/CMakeTmp

Run Build Command(s):/Users/miguel_garcia/Library/Android/sdk/cmake/3.22.1/bin/ninja cmTC_5cfef && [1/2] Building C object CMakeFiles/cmTC_5cfef.dir/CheckFunctionExists.c.o
/Users/miguel_garcia/Library/Android/sdk/cmake/3.22.1/share/cmake-3.22/Modules/CheckFunctionExists.c:7:3: warning: incompatible redeclaration of library function 'pow' [-Wincompatible-library-redeclaration]
  CHECK_FUNCTION_EXISTS(void);
  ^
<command line>:3:31: note: expanded from here
#define CHECK_FUNCTION_EXISTS pow
                              ^
/Users/miguel_garcia/Library/Android/sdk/cmake/3.22.1/share/cmake-3.22/Modules/CheckFunctionExists.c:7:3: note: 'pow' is a builtin with type 'double (double, double)'
<command line>:3:31: note: expanded from here
#define CHECK_FUNCTION_EXISTS pow
                              ^
1 warning generated.
[2/2] Linking C executable cmTC_5cfef



Determining if the atan exist passed with the following output:
Change Dir: /Users/miguel_garcia/Documents/Proyectos/pdandroid/android/app/.cxx/Debug/5t1f1ol3/x86/CMakeFiles/CMakeTmp

Run Build Command(s):/Users/miguel_garcia/Library/Android/sdk/cmake/3.22.1/bin/ninja cmTC_e6bd8 && [1/2] Building C object CMakeFiles/cmTC_e6bd8.dir/CheckSymbolExists.c.o
[2/2] Linking C executable cmTC_e6bd8


File /Users/miguel_garcia/Documents/Proyectos/pdandroid/android/app/.cxx/Debug/5t1f1ol3/x86/CMakeFiles/CMakeTmp/CheckSymbolExists.c:
/* */
#include <math.h>

int main(int argc, char** argv)
{
  (void)argv;
#ifndef atan
  return ((int*)(&atan))[argc];
#else
  (void)argc;
  return 0;
#endif
}
Determining if the atan2 exist passed with the following output:
Change Dir: /Users/miguel_garcia/Documents/Proyectos/pdandroid/android/app/.cxx/Debug/5t1f1ol3/x86/CMakeFiles/CMakeTmp

Run Build Command(s):/Users/miguel_garcia/Library/Android/sdk/cmake/3.22.1/bin/ninja cmTC_b9ce8 && [1/2] Building C object CMakeFiles/cmTC_b9ce8.dir/CheckSymbolExists.c.o
[2/2] Linking C executable cmTC_b9ce8


File /Users/miguel_garcia/Documents/Proyectos/pdandroid/android/app/.cxx/Debug/5t1f1ol3/x86/CMakeFiles/CMakeTmp/CheckSymbolExists.c:
/* */
#include <math.h>

int main(int argc, char** argv)
{
  (void)argv;
#ifndef atan2
  return ((int*)(&atan2))[argc];
#else
  (void)argc;
  return 0;
#endif
}
Determining if the atanf exist passed with the following output:
Change Dir: /Users/miguel_garcia/Documents/Proyectos/pdandroid/android/app/.cxx/Debug/5t1f1ol3/x86/CMakeFiles/CMakeTmp

Run Build Command(s):/Users/miguel_garcia/Library/Android/sdk/cmake/3.22.1/bin/ninja cmTC_1f30d && [1/2] Building C object CMakeFiles/cmTC_1f30d.dir/CheckSymbolExists.c.o
[2/2] Linking C executable cmTC_1f30d


File /Users/miguel_garcia/Documents/Proyectos/pdandroid/android/app/.cxx/Debug/5t1f1ol3/x86/CMakeFiles/CMakeTmp/CheckSymbolExists.c:
/* */
#include <math.h>

int main(int argc, char** argv)
{
  (void)argv;
#ifndef atanf
  return ((int*)(&atanf))[argc];
#else
  (void)argc;
  return 0;
#endif
}
Determining if the atan2f exist passed with the following output:
Change Dir: /Users/miguel_garcia/Documents/Proyectos/pdandroid/android/app/.cxx/Debug/5t1f1ol3/x86/CMakeFiles/CMakeTmp

Run Build Command(s):/Users/miguel_garcia/Library/Android/sdk/cmake/3.22.1/bin/ninja cmTC_d53d8 && [1/2] Building C object CMakeFiles/cmTC_d53d8.dir/CheckSymbolExists.c.o
[2/2] Linking C executable cmTC_d53d8


File /Users/miguel_garcia/Documents/Proyectos/pdandroid/android/app/.cxx/Debug/5t1f1ol3/x86/CMakeFiles/CMakeTmp/CheckSymbolExists.c:
/* */
#include <math.h>

int main(int argc, char** argv)
{
  (void)argv;
#ifndef atan2f
  return ((int*)(&atan2f))[argc];
#else
  (void)argc;
  return 0;
#endif
}
Determining if the ceil exist passed with the following output:
Change Dir: /Users/miguel_garcia/Documents/Proyectos/pdandroid/android/app/.cxx/Debug/5t1f1ol3/x86/CMakeFiles/CMakeTmp

Run Build Command(s):/Users/miguel_garcia/Library/Android/sdk/cmake/3.22.1/bin/ninja cmTC_be158 && [1/2] Building C object CMakeFiles/cmTC_be158.dir/CheckSymbolExists.c.o
[2/2] Linking C executable cmTC_be158


File /Users/miguel_garcia/Documents/Proyectos/pdandroid/android/app/.cxx/Debug/5t1f1ol3/x86/CMakeFiles/CMakeTmp/CheckSymbolExists.c:
/* */
#include <math.h>

int main(int argc, char** argv)
{
  (void)argv;
#ifndef ceil
  return ((int*)(&ceil))[argc];
#else
  (void)argc;
  return 0;
#endif
}
Determining if the ceilf exist passed with the following output:
Change Dir: /Users/miguel_garcia/Documents/Proyectos/pdandroid/android/app/.cxx/Debug/5t1f1ol3/x86/CMakeFiles/CMakeTmp

Run Build Command(s):/Users/miguel_garcia/Library/Android/sdk/cmake/3.22.1/bin/ninja cmTC_c4be6 && [1/2] Building C object CMakeFiles/cmTC_c4be6.dir/CheckSymbolExists.c.o
[2/2] Linking C executable cmTC_c4be6


File /Users/miguel_garcia/Documents/Proyectos/pdandroid/android/app/.cxx/Debug/5t1f1ol3/x86/CMakeFiles/CMakeTmp/CheckSymbolExists.c:
/* */
#include <math.h>

int main(int argc, char** argv)
{
  (void)argv;
#ifndef ceilf
  return ((int*)(&ceilf))[argc];
#else
  (void)argc;
  return 0;
#endif
}
Determining if the copysign exist passed with the following output:
Change Dir: /Users/miguel_garcia/Documents/Proyectos/pdandroid/android/app/.cxx/Debug/5t1f1ol3/x86/CMakeFiles/CMakeTmp

Run Build Command(s):/Users/miguel_garcia/Library/Android/sdk/cmake/3.22.1/bin/ninja cmTC_7a875 && [1/2] Building C object CMakeFiles/cmTC_7a875.dir/CheckSymbolExists.c.o
[2/2] Linking C executable cmTC_7a875


File /Users/miguel_garcia/Documents/Proyectos/pdandroid/android/app/.cxx/Debug/5t1f1ol3/x86/CMakeFiles/CMakeTmp/CheckSymbolExists.c:
/* */
#include <math.h>

int main(int argc, char** argv)
{
  (void)argv;
#ifndef copysign
  return ((int*)(&copysign))[argc];
#else
  (void)argc;
  return 0;
#endif
}
Determining if the copysignf exist passed with the following output:
Change Dir: /Users/miguel_garcia/Documents/Proyectos/pdandroid/android/app/.cxx/Debug/5t1f1ol3/x86/CMakeFiles/CMakeTmp

Run Build Command(s):/Users/miguel_garcia/Library/Android/sdk/cmake/3.22.1/bin/ninja cmTC_a37e1 && [1/2] Building C object CMakeFiles/cmTC_a37e1.dir/CheckSymbolExists.c.o
[2/2] Linking C executable cmTC_a37e1


File /Users/miguel_garcia/Documents/Proyectos/pdandroid/android/app/.cxx/Debug/5t1f1ol3/x86/CMakeFiles/CMakeTmp/CheckSymbolExists.c:
/* */
#include <math.h>

int main(int argc, char** argv)
{
  (void)argv;
#ifndef copysignf
  return ((int*)(&copysignf))[argc];
#else
  (void)argc;
  return 0;
#endif
}
Determining if the cos exist passed with the following output:
Change Dir: /Users/miguel_garcia/Documents/Proyectos/pdandroid/android/app/.cxx/Debug/5t1f1ol3/x86/CMakeFiles/CMakeTmp

Run Build Command(s):/Users/miguel_garcia/Library/Android/sdk/cmake/3.22.1/bin/ninja cmTC_a4d29 && [1/2] Building C object CMakeFiles/cmTC_a4d29.dir/CheckSymbolExists.c.o
[2/2] Linking C executable cmTC_a4d29


File /Users/miguel_garcia/Documents/Proyectos/pdandroid/android/app/.cxx/Debug/5t1f1ol3/x86/CMakeFiles/CMakeTmp/CheckSymbolExists.c:
/* */
#include <math.h>

int main(int argc, char** argv)
{
  (void)argv;
#ifndef cos
  return ((int*)(&cos))[argc];
#else
  (void)argc;
  return 0;
#endif
}
Determining if the cosf exist passed with the following output:
Change Dir: /Users/miguel_garcia/Documents/Proyectos/pdandroid/android/app/.cxx/Debug/5t1f1ol3/x86/CMakeFiles/CMakeTmp

Run Build Command(s):/Users/miguel_garcia/Library/Android/sdk/cmake/3.22.1/bin/ninja cmTC_c530c && [1/2] Building C object CMakeFiles/cmTC_c530c.dir/CheckSymbolExists.c.o
[2/2] Linking C executable cmTC_c530c


File /Users/miguel_garcia/Documents/Proyectos/pdandroid/android/app/.cxx/Debug/5t1f1ol3/x86/CMakeFiles/CMakeTmp/CheckSymbolExists.c:
/* */
#include <math.h>

int main(int argc, char** argv)
{
  (void)argv;
#ifndef cosf
  return ((int*)(&cosf))[argc];
#else
  (void)argc;
  return 0;
#endif
}
Determining if the exp exist passed with the following output:
Change Dir: /Users/miguel_garcia/Documents/Proyectos/pdandroid/android/app/.cxx/Debug/5t1f1ol3/x86/CMakeFiles/CMakeTmp

Run Build Command(s):/Users/miguel_garcia/Library/Android/sdk/cmake/3.22.1/bin/ninja cmTC_efaf5 && [1/2] Building C object CMakeFiles/cmTC_efaf5.dir/CheckSymbolExists.c.o
[2/2] Linking C executable cmTC_efaf5


File /Users/miguel_garcia/Documents/Proyectos/pdandroid/android/app/.cxx/Debug/5t1f1ol3/x86/CMakeFiles/CMakeTmp/CheckSymbolExists.c:
/* */
#include <math.h>

int main(int argc, char** argv)
{
  (void)argv;
#ifndef exp
  return ((int*)(&exp))[argc];
#else
  (void)argc;
  return 0;
#endif
}
Determining if the expf exist passed with the following output:
Change Dir: /Users/miguel_garcia/Documents/Proyectos/pdandroid/android/app/.cxx/Debug/5t1f1ol3/x86/CMakeFiles/CMakeTmp

Run Build Command(s):/Users/miguel_garcia/Library/Android/sdk/cmake/3.22.1/bin/ninja cmTC_66ad0 && [1/2] Building C object CMakeFiles/cmTC_66ad0.dir/CheckSymbolExists.c.o
[2/2] Linking C executable cmTC_66ad0


File /Users/miguel_garcia/Documents/Proyectos/pdandroid/android/app/.cxx/Debug/5t1f1ol3/x86/CMakeFiles/CMakeTmp/CheckSymbolExists.c:
/* */
#include <math.h>

int main(int argc, char** argv)
{
  (void)argv;
#ifndef expf
  return ((int*)(&expf))[argc];
#else
  (void)argc;
  return 0;
#endif
}
Determining if the fabs exist passed with the following output:
Change Dir: /Users/miguel_garcia/Documents/Proyectos/pdandroid/android/app/.cxx/Debug/5t1f1ol3/x86/CMakeFiles/CMakeTmp

Run Build Command(s):/Users/miguel_garcia/Library/Android/sdk/cmake/3.22.1/bin/ninja cmTC_7e73d && [1/2] Building C object CMakeFiles/cmTC_7e73d.dir/CheckSymbolExists.c.o
[2/2] Linking C executable cmTC_7e73d


File /Users/miguel_garcia/Documents/Proyectos/pdandroid/android/app/.cxx/Debug/5t1f1ol3/x86/CMakeFiles/CMakeTmp/CheckSymbolExists.c:
/* */
#include <math.h>

int main(int argc, char** argv)
{
  (void)argv;
#ifndef fabs
  return ((int*)(&fabs))[argc];
#else
  (void)argc;
  return 0;
#endif
}
Determining if the fabsf exist passed with the following output:
Change Dir: /Users/miguel_garcia/Documents/Proyectos/pdandroid/android/app/.cxx/Debug/5t1f1ol3/x86/CMakeFiles/CMakeTmp

Run Build Command(s):/Users/miguel_garcia/Library/Android/sdk/cmake/3.22.1/bin/ninja cmTC_a6c90 && [1/2] Building C object CMakeFiles/cmTC_a6c90.dir/CheckSymbolExists.c.o
[2/2] Linking C executable cmTC_a6c90


File /Users/miguel_garcia/Documents/Proyectos/pdandroid/android/app/.cxx/Debug/5t1f1ol3/x86/CMakeFiles/CMakeTmp/CheckSymbolExists.c:
/* */
#include <math.h>

int main(int argc, char** argv)
{
  (void)argv;
#ifndef fabsf
  return ((int*)(&fabsf))[argc];
#else
  (void)argc;
  return 0;
#endif
}
Determining if the floor exist passed with the following output:
Change Dir: /Users/miguel_garcia/Documents/Proyectos/pdandroid/android/app/.cxx/Debug/5t1f1ol3/x86/CMakeFiles/CMakeTmp

Run Build Command(s):/Users/miguel_garcia/Library/Android/sdk/cmake/3.22.1/bin/ninja cmTC_c9a69 && [1/2] Building C object CMakeFiles/cmTC_c9a69.dir/CheckSymbolExists.c.o
[2/2] Linking C executable cmTC_c9a69


File /Users/miguel_garcia/Documents/Proyectos/pdandroid/android/app/.cxx/Debug/5t1f1ol3/x86/CMakeFiles/CMakeTmp/CheckSymbolExists.c:
/* */
#include <math.h>

int main(int argc, char** argv)
{
  (void)argv;
#ifndef floor
  return ((int*)(&floor))[argc];
#else
  (void)argc;
  return 0;
#endif
}
Determining if the floorf exist passed with the following output:
Change Dir: /Users/miguel_garcia/Documents/Proyectos/pdandroid/android/app/.cxx/Debug/5t1f1ol3/x86/CMakeFiles/CMakeTmp

Run Build Command(s):/Users/miguel_garcia/Library/Android/sdk/cmake/3.22.1/bin/ninja cmTC_397dc && [1/2] Building C object CMakeFiles/cmTC_397dc.dir/CheckSymbolExists.c.o
[2/2] Linking C executable cmTC_397dc


File /Users/miguel_garcia/Documents/Proyectos/pdandroid/android/app/.cxx/Debug/5t1f1ol3/x86/CMakeFiles/CMakeTmp/CheckSymbolExists.c:
/* */
#include <math.h>

int main(int argc, char** argv)
{
  (void)argv;
#ifndef floorf
  return ((int*)(&floorf))[argc];
#else
  (void)argc;
  return 0;
#endif
}
Determining if the fmod exist passed with the following output:
Change Dir: /Users/miguel_garcia/Documents/Proyectos/pdandroid/android/app/.cxx/Debug/5t1f1ol3/x86/CMakeFiles/CMakeTmp

Run Build Command(s):/Users/miguel_garcia/Library/Android/sdk/cmake/3.22.1/bin/ninja cmTC_ffd48 && [1/2] Building C object CMakeFiles/cmTC_ffd48.dir/CheckSymbolExists.c.o
[2/2] Linking C executable cmTC_ffd48


File /Users/miguel_garcia/Documents/Proyectos/pdandroid/android/app/.cxx/Debug/5t1f1ol3/x86/CMakeFiles/CMakeTmp/CheckSymbolExists.c:
/* */
#include <math.h>

int main(int argc, char** argv)
{
  (void)argv;
#ifndef fmod
  return ((int*)(&fmod))[argc];
#else
  (void)argc;
  return 0;
#endif
}
Determining if the fmodf exist passed with the following output:
Change Dir: /Users/miguel_garcia/Documents/Proyectos/pdandroid/android/app/.cxx/Debug/5t1f1ol3/x86/CMakeFiles/CMakeTmp

Run Build Command(s):/Users/miguel_garcia/Library/Android/sdk/cmake/3.22.1/bin/ninja cmTC_71872 && [1/2] Building C object CMakeFiles/cmTC_71872.dir/CheckSymbolExists.c.o
[2/2] Linking C executable cmTC_71872


File /Users/miguel_garcia/Documents/Proyectos/pdandroid/android/app/.cxx/Debug/5t1f1ol3/x86/CMakeFiles/CMakeTmp/CheckSymbolExists.c:
/* */
#include <math.h>

int main(int argc, char** argv)
{
  (void)argv;
#ifndef fmodf
  return ((int*)(&fmodf))[argc];
#else
  (void)argc;
  return 0;
#endif
}
Determining if the log exist passed with the following output:
Change Dir: /Users/miguel_garcia/Documents/Proyectos/pdandroid/android/app/.cxx/Debug/5t1f1ol3/x86/CMakeFiles/CMakeTmp

Run Build Command(s):/Users/miguel_garcia/Library/Android/sdk/cmake/3.22.1/bin/ninja cmTC_4ee21 && [1/2] Building C object CMakeFiles/cmTC_4ee21.dir/CheckSymbolExists.c.o
[2/2] Linking C executable cmTC_4ee21


File /Users/miguel_garcia/Documents/Proyectos/pdandroid/android/app/.cxx/Debug/5t1f1ol3/x86/CMakeFiles/CMakeTmp/CheckSymbolExists.c:
/* */
#include <math.h>

int main(int argc, char** argv)
{
  (void)argv;
#ifndef log
  return ((int*)(&log))[argc];
#else
  (void)argc;
  return 0;
#endif
}
Determining if the logf exist passed with the following output:
Change Dir: /Users/miguel_garcia/Documents/Proyectos/pdandroid/android/app/.cxx/Debug/5t1f1ol3/x86/CMakeFiles/CMakeTmp

Run Build Command(s):/Users/miguel_garcia/Library/Android/sdk/cmake/3.22.1/bin/ninja cmTC_002b2 && [1/2] Building C object CMakeFiles/cmTC_002b2.dir/CheckSymbolExists.c.o
[2/2] Linking C executable cmTC_002b2


File /Users/miguel_garcia/Documents/Proyectos/pdandroid/android/app/.cxx/Debug/5t1f1ol3/x86/CMakeFiles/CMakeTmp/CheckSymbolExists.c:
/* */
#include <math.h>

int main(int argc, char** argv)
{
  (void)argv;
#ifndef logf
  return ((int*)(&logf))[argc];
#else
  (void)argc;
  return 0;
#endif
}
Determining if the log10 exist passed with the following output:
Change Dir: /Users/miguel_garcia/Documents/Proyectos/pdandroid/android/app/.cxx/Debug/5t1f1ol3/x86/CMakeFiles/CMakeTmp

Run Build Command(s):/Users/miguel_garcia/Library/Android/sdk/cmake/3.22.1/bin/ninja cmTC_8cba4 && [1/2] Building C object CMakeFiles/cmTC_8cba4.dir/CheckSymbolExists.c.o
[2/2] Linking C executable cmTC_8cba4


File /Users/miguel_garcia/Documents/Proyectos/pdandroid/android/app/.cxx/Debug/5t1f1ol3/x86/CMakeFiles/CMakeTmp/CheckSymbolExists.c:
/* */
#include <math.h>

int main(int argc, char** argv)
{
  (void)argv;
#ifndef log10
  return ((int*)(&log10))[argc];
#else
  (void)argc;
  return 0;
#endif
}
Determining if the log10f exist passed with the following output:
Change Dir: /Users/miguel_garcia/Documents/Proyectos/pdandroid/android/app/.cxx/Debug/5t1f1ol3/x86/CMakeFiles/CMakeTmp

Run Build Command(s):/Users/miguel_garcia/Library/Android/sdk/cmake/3.22.1/bin/ninja cmTC_91038 && [1/2] Building C object CMakeFiles/cmTC_91038.dir/CheckSymbolExists.c.o
[2/2] Linking C executable cmTC_91038


File /Users/miguel_garcia/Documents/Proyectos/pdandroid/android/app/.cxx/Debug/5t1f1ol3/x86/CMakeFiles/CMakeTmp/CheckSymbolExists.c:
/* */
#include <math.h>

int main(int argc, char** argv)
{
  (void)argv;
#ifndef log10f
  return ((int*)(&log10f))[argc];
#else
  (void)argc;
  return 0;
#endif
}
Determining if the lround exist passed with the following output:
Change Dir: /Users/miguel_garcia/Documents/Proyectos/pdandroid/android/app/.cxx/Debug/5t1f1ol3/x86/CMakeFiles/CMakeTmp

Run Build Command(s):/Users/miguel_garcia/Library/Android/sdk/cmake/3.22.1/bin/ninja cmTC_ce76b && [1/2] Building C object CMakeFiles/cmTC_ce76b.dir/CheckSymbolExists.c.o
[2/2] Linking C executable cmTC_ce76b


File /Users/miguel_garcia/Documents/Proyectos/pdandroid/android/app/.cxx/Debug/5t1f1ol3/x86/CMakeFiles/CMakeTmp/CheckSymbolExists.c:
/* */
#include <math.h>

int main(int argc, char** argv)
{
  (void)argv;
#ifndef lround
  return ((int*)(&lround))[argc];
#else
  (void)argc;
  return 0;
#endif
}
Determining if the lroundf exist passed with the following output:
Change Dir: /Users/miguel_garcia/Documents/Proyectos/pdandroid/android/app/.cxx/Debug/5t1f1ol3/x86/CMakeFiles/CMakeTmp

Run Build Command(s):/Users/miguel_garcia/Library/Android/sdk/cmake/3.22.1/bin/ninja cmTC_73cb7 && [1/2] Building C object CMakeFiles/cmTC_73cb7.dir/CheckSymbolExists.c.o
[2/2] Linking C executable cmTC_73cb7


File /Users/miguel_garcia/Documents/Proyectos/pdandroid/android/app/.cxx/Debug/5t1f1ol3/x86/CMakeFiles/CMakeTmp/CheckSymbolExists.c:
/* */
#include <math.h>

int main(int argc, char** argv)
{
  (void)argv;
#ifndef lroundf
  return ((int*)(&lroundf))[argc];
#else
  (void)argc;
  return 0;
#endif
}
Determining if the pow exist passed with the following output:
Change Dir: /Users/miguel_garcia/Documents/Proyectos/pdandroid/android/app/.cxx/Debug/5t1f1ol3/x86/CMakeFiles/CMakeTmp

Run Build Command(s):/Users/miguel_garcia/Library/Android/sdk/cmake/3.22.1/bin/ninja cmTC_9c77d && [1/2] Building C object CMakeFiles/cmTC_9c77d.dir/CheckSymbolExists.c.o
[2/2] Linking C executable cmTC_9c77d


File /Users/miguel_garcia/Documents/Proyectos/pdandroid/android/app/.cxx/Debug/5t1f1ol3/x86/CMakeFiles/CMakeTmp/CheckSymbolExists.c:
/* */
#include <math.h>

int main(int argc, char** argv)
{
  (void)argv;
#ifndef pow
  return ((int*)(&pow))[argc];
#else
  (void)argc;
  return 0;
#endif
}
Determining if the powf exist passed with the following output:
Change Dir: /Users/miguel_garcia/Documents/Proyectos/pdandroid/android/app/.cxx/Debug/5t1f1ol3/x86/CMakeFiles/CMakeTmp

Run Build Command(s):/Users/miguel_garcia/Library/Android/sdk/cmake/3.22.1/bin/ninja cmTC_a3dff && [1/2] Building C object CMakeFiles/cmTC_a3dff.dir/CheckSymbolExists.c.o
[2/2] Linking C executable cmTC_a3dff


File /Users/miguel_garcia/Documents/Proyectos/pdandroid/android/app/.cxx/Debug/5t1f1ol3/x86/CMakeFiles/CMakeTmp/CheckSymbolExists.c:
/* */
#include <math.h>

int main(int argc, char** argv)
{
  (void)argv;
#ifndef powf
  return ((int*)(&powf))[argc];
#else
  (void)argc;
  return 0;
#endif
}
Determining if the round exist passed with the following output:
Change Dir: /Users/miguel_garcia/Documents/Proyectos/pdandroid/android/app/.cxx/Debug/5t1f1ol3/x86/CMakeFiles/CMakeTmp

Run Build Command(s):/Users/miguel_garcia/Library/Android/sdk/cmake/3.22.1/bin/ninja cmTC_aa73f && [1/2] Building C object CMakeFiles/cmTC_aa73f.dir/CheckSymbolExists.c.o
[2/2] Linking C executable cmTC_aa73f


File /Users/miguel_garcia/Documents/Proyectos/pdandroid/android/app/.cxx/Debug/5t1f1ol3/x86/CMakeFiles/CMakeTmp/CheckSymbolExists.c:
/* */
#include <math.h>

int main(int argc, char** argv)
{
  (void)argv;
#ifndef round
  return ((int*)(&round))[argc];
#else
  (void)argc;
  return 0;
#endif
}
Determining if the roundf exist passed with the following output:
Change Dir: /Users/miguel_garcia/Documents/Proyectos/pdandroid/android/app/.cxx/Debug/5t1f1ol3/x86/CMakeFiles/CMakeTmp

Run Build Command(s):/Users/miguel_garcia/Library/Android/sdk/cmake/3.22.1/bin/ninja cmTC_2094e && [1/2] Building C object CMakeFiles/cmTC_2094e.dir/CheckSymbolExists.c.o
[2/2] Linking C executable cmTC_2094e


File /Users/miguel_garcia/Documents/Proyectos/pdandroid/android/app/.cxx/Debug/5t1f1ol3/x86/CMakeFiles/CMakeTmp/CheckSymbolExists.c:
/* */
#include <math.h>

int main(int argc, char** argv)
{
  (void)argv;
#ifndef roundf
  return ((int*)(&roundf))[argc];
#else
  (void)argc;
  return 0;
#endif
}
Determining if the scalbn exist passed with the following output:
Change Dir: /Users/miguel_garcia/Documents/Proyectos/pdandroid/android/app/.cxx/Debug/5t1f1ol3/x86/CMakeFiles/CMakeTmp

Run Build Command(s):/Users/miguel_garcia/Library/Android/sdk/cmake/3.22.1/bin/ninja cmTC_5a3e2 && [1/2] Building C object CMakeFiles/cmTC_5a3e2.dir/CheckSymbolExists.c.o
[2/2] Linking C executable cmTC_5a3e2


File /Users/miguel_garcia/Documents/Proyectos/pdandroid/android/app/.cxx/Debug/5t1f1ol3/x86/CMakeFiles/CMakeTmp/CheckSymbolExists.c:
/* */
#include <math.h>

int main(int argc, char** argv)
{
  (void)argv;
#ifndef scalbn
  return ((int*)(&scalbn))[argc];
#else
  (void)argc;
  return 0;
#endif
}
Determining if the scalbnf exist passed with the following output:
Change Dir: /Users/miguel_garcia/Documents/Proyectos/pdandroid/android/app/.cxx/Debug/5t1f1ol3/x86/CMakeFiles/CMakeTmp

Run Build Command(s):/Users/miguel_garcia/Library/Android/sdk/cmake/3.22.1/bin/ninja cmTC_c3af6 && [1/2] Building C object CMakeFiles/cmTC_c3af6.dir/CheckSymbolExists.c.o
[2/2] Linking C executable cmTC_c3af6


File /Users/miguel_garcia/Documents/Proyectos/pdandroid/android/app/.cxx/Debug/5t1f1ol3/x86/CMakeFiles/CMakeTmp/CheckSymbolExists.c:
/* */
#include <math.h>

int main(int argc, char** argv)
{
  (void)argv;
#ifndef scalbnf
  return ((int*)(&scalbnf))[argc];
#else
  (void)argc;
  return 0;
#endif
}
Determining if the sin exist passed with the following output:
Change Dir: /Users/miguel_garcia/Documents/Proyectos/pdandroid/android/app/.cxx/Debug/5t1f1ol3/x86/CMakeFiles/CMakeTmp

Run Build Command(s):/Users/miguel_garcia/Library/Android/sdk/cmake/3.22.1/bin/ninja cmTC_e9892 && [1/2] Building C object CMakeFiles/cmTC_e9892.dir/CheckSymbolExists.c.o
[2/2] Linking C executable cmTC_e9892


File /Users/miguel_garcia/Documents/Proyectos/pdandroid/android/app/.cxx/Debug/5t1f1ol3/x86/CMakeFiles/CMakeTmp/CheckSymbolExists.c:
/* */
#include <math.h>

int main(int argc, char** argv)
{
  (void)argv;
#ifndef sin
  return ((int*)(&sin))[argc];
#else
  (void)argc;
  return 0;
#endif
}
Determining if the sinf exist passed with the following output:
Change Dir: /Users/miguel_garcia/Documents/Proyectos/pdandroid/android/app/.cxx/Debug/5t1f1ol3/x86/CMakeFiles/CMakeTmp

Run Build Command(s):/Users/miguel_garcia/Library/Android/sdk/cmake/3.22.1/bin/ninja cmTC_818b7 && [1/2] Building C object CMakeFiles/cmTC_818b7.dir/CheckSymbolExists.c.o
[2/2] Linking C executable cmTC_818b7


File /Users/miguel_garcia/Documents/Proyectos/pdandroid/android/app/.cxx/Debug/5t1f1ol3/x86/CMakeFiles/CMakeTmp/CheckSymbolExists.c:
/* */
#include <math.h>

int main(int argc, char** argv)
{
  (void)argv;
#ifndef sinf
  return ((int*)(&sinf))[argc];
#else
  (void)argc;
  return 0;
#endif
}
Determining if the sqrt exist passed with the following output:
Change Dir: /Users/miguel_garcia/Documents/Proyectos/pdandroid/android/app/.cxx/Debug/5t1f1ol3/x86/CMakeFiles/CMakeTmp

Run Build Command(s):/Users/miguel_garcia/Library/Android/sdk/cmake/3.22.1/bin/ninja cmTC_c8d51 && [1/2] Building C object CMakeFiles/cmTC_c8d51.dir/CheckSymbolExists.c.o
[2/2] Linking C executable cmTC_c8d51


File /Users/miguel_garcia/Documents/Proyectos/pdandroid/android/app/.cxx/Debug/5t1f1ol3/x86/CMakeFiles/CMakeTmp/CheckSymbolExists.c:
/* */
#include <math.h>

int main(int argc, char** argv)
{
  (void)argv;
#ifndef sqrt
  return ((int*)(&sqrt))[argc];
#else
  (void)argc;
  return 0;
#endif
}
Determining if the sqrtf exist passed with the following output:
Change Dir: /Users/miguel_garcia/Documents/Proyectos/pdandroid/android/app/.cxx/Debug/5t1f1ol3/x86/CMakeFiles/CMakeTmp

Run Build Command(s):/Users/miguel_garcia/Library/Android/sdk/cmake/3.22.1/bin/ninja cmTC_d2137 && [1/2] Building C object CMakeFiles/cmTC_d2137.dir/CheckSymbolExists.c.o
[2/2] Linking C executable cmTC_d2137


File /Users/miguel_garcia/Documents/Proyectos/pdandroid/android/app/.cxx/Debug/5t1f1ol3/x86/CMakeFiles/CMakeTmp/CheckSymbolExists.c:
/* */
#include <math.h>

int main(int argc, char** argv)
{
  (void)argv;
#ifndef sqrtf
  return ((int*)(&sqrtf))[argc];
#else
  (void)argc;
  return 0;
#endif
}
Determining if the tan exist passed with the following output:
Change Dir: /Users/miguel_garcia/Documents/Proyectos/pdandroid/android/app/.cxx/Debug/5t1f1ol3/x86/CMakeFiles/CMakeTmp

Run Build Command(s):/Users/miguel_garcia/Library/Android/sdk/cmake/3.22.1/bin/ninja cmTC_3d17d && [1/2] Building C object CMakeFiles/cmTC_3d17d.dir/CheckSymbolExists.c.o
[2/2] Linking C executable cmTC_3d17d


File /Users/miguel_garcia/Documents/Proyectos/pdandroid/android/app/.cxx/Debug/5t1f1ol3/x86/CMakeFiles/CMakeTmp/CheckSymbolExists.c:
/* */
#include <math.h>

int main(int argc, char** argv)
{
  (void)argv;
#ifndef tan
  return ((int*)(&tan))[argc];
#else
  (void)argc;
  return 0;
#endif
}
Determining if the tanf exist passed with the following output:
Change Dir: /Users/miguel_garcia/Documents/Proyectos/pdandroid/android/app/.cxx/Debug/5t1f1ol3/x86/CMakeFiles/CMakeTmp

Run Build Command(s):/Users/miguel_garcia/Library/Android/sdk/cmake/3.22.1/bin/ninja cmTC_6e68c && [1/2] Building C object CMakeFiles/cmTC_6e68c.dir/CheckSymbolExists.c.o
[2/2] Linking C executable cmTC_6e68c


File /Users/miguel_garcia/Documents/Proyectos/pdandroid/android/app/.cxx/Debug/5t1f1ol3/x86/CMakeFiles/CMakeTmp/CheckSymbolExists.c:
/* */
#include <math.h>

int main(int argc, char** argv)
{
  (void)argv;
#ifndef tanf
  return ((int*)(&tanf))[argc];
#else
  (void)argc;
  return 0;
#endif
}
Determining if the acos exist passed with the following output:
Change Dir: /Users/miguel_garcia/Documents/Proyectos/pdandroid/android/app/.cxx/Debug/5t1f1ol3/x86/CMakeFiles/CMakeTmp

Run Build Command(s):/Users/miguel_garcia/Library/Android/sdk/cmake/3.22.1/bin/ninja cmTC_88cb8 && [1/2] Building C object CMakeFiles/cmTC_88cb8.dir/CheckSymbolExists.c.o
[2/2] Linking C executable cmTC_88cb8


File /Users/miguel_garcia/Documents/Proyectos/pdandroid/android/app/.cxx/Debug/5t1f1ol3/x86/CMakeFiles/CMakeTmp/CheckSymbolExists.c:
/* */
#include <math.h>

int main(int argc, char** argv)
{
  (void)argv;
#ifndef acos
  return ((int*)(&acos))[argc];
#else
  (void)argc;
  return 0;
#endif
}
Determining if the acosf exist passed with the following output:
Change Dir: /Users/miguel_garcia/Documents/Proyectos/pdandroid/android/app/.cxx/Debug/5t1f1ol3/x86/CMakeFiles/CMakeTmp

Run Build Command(s):/Users/miguel_garcia/Library/Android/sdk/cmake/3.22.1/bin/ninja cmTC_294cf && [1/2] Building C object CMakeFiles/cmTC_294cf.dir/CheckSymbolExists.c.o
[2/2] Linking C executable cmTC_294cf


File /Users/miguel_garcia/Documents/Proyectos/pdandroid/android/app/.cxx/Debug/5t1f1ol3/x86/CMakeFiles/CMakeTmp/CheckSymbolExists.c:
/* */
#include <math.h>

int main(int argc, char** argv)
{
  (void)argv;
#ifndef acosf
  return ((int*)(&acosf))[argc];
#else
  (void)argc;
  return 0;
#endif
}
Determining if the asin exist passed with the following output:
Change Dir: /Users/miguel_garcia/Documents/Proyectos/pdandroid/android/app/.cxx/Debug/5t1f1ol3/x86/CMakeFiles/CMakeTmp

Run Build Command(s):/Users/miguel_garcia/Library/Android/sdk/cmake/3.22.1/bin/ninja cmTC_b24f5 && [1/2] Building C object CMakeFiles/cmTC_b24f5.dir/CheckSymbolExists.c.o
[2/2] Linking C executable cmTC_b24f5


File /Users/miguel_garcia/Documents/Proyectos/pdandroid/android/app/.cxx/Debug/5t1f1ol3/x86/CMakeFiles/CMakeTmp/CheckSymbolExists.c:
/* */
#include <math.h>

int main(int argc, char** argv)
{
  (void)argv;
#ifndef asin
  return ((int*)(&asin))[argc];
#else
  (void)argc;
  return 0;
#endif
}
Determining if the asinf exist passed with the following output:
Change Dir: /Users/miguel_garcia/Documents/Proyectos/pdandroid/android/app/.cxx/Debug/5t1f1ol3/x86/CMakeFiles/CMakeTmp

Run Build Command(s):/Users/miguel_garcia/Library/Android/sdk/cmake/3.22.1/bin/ninja cmTC_ee537 && [1/2] Building C object CMakeFiles/cmTC_ee537.dir/CheckSymbolExists.c.o
[2/2] Linking C executable cmTC_ee537


File /Users/miguel_garcia/Documents/Proyectos/pdandroid/android/app/.cxx/Debug/5t1f1ol3/x86/CMakeFiles/CMakeTmp/CheckSymbolExists.c:
/* */
#include <math.h>

int main(int argc, char** argv)
{
  (void)argv;
#ifndef asinf
  return ((int*)(&asinf))[argc];
#else
  (void)argc;
  return 0;
#endif
}
Determining if the trunc exist passed with the following output:
Change Dir: /Users/miguel_garcia/Documents/Proyectos/pdandroid/android/app/.cxx/Debug/5t1f1ol3/x86/CMakeFiles/CMakeTmp

Run Build Command(s):/Users/miguel_garcia/Library/Android/sdk/cmake/3.22.1/bin/ninja cmTC_74e43 && [1/2] Building C object CMakeFiles/cmTC_74e43.dir/CheckSymbolExists.c.o
[2/2] Linking C executable cmTC_74e43


File /Users/miguel_garcia/Documents/Proyectos/pdandroid/android/app/.cxx/Debug/5t1f1ol3/x86/CMakeFiles/CMakeTmp/CheckSymbolExists.c:
/* */
#include <math.h>

int main(int argc, char** argv)
{
  (void)argv;
#ifndef trunc
  return ((int*)(&trunc))[argc];
#else
  (void)argc;
  return 0;
#endif
}
Determining if the truncf exist passed with the following output:
Change Dir: /Users/miguel_garcia/Documents/Proyectos/pdandroid/android/app/.cxx/Debug/5t1f1ol3/x86/CMakeFiles/CMakeTmp

Run Build Command(s):/Users/miguel_garcia/Library/Android/sdk/cmake/3.22.1/bin/ninja cmTC_10cc9 && [1/2] Building C object CMakeFiles/cmTC_10cc9.dir/CheckSymbolExists.c.o
[2/2] Linking C executable cmTC_10cc9


File /Users/miguel_garcia/Documents/Proyectos/pdandroid/android/app/.cxx/Debug/5t1f1ol3/x86/CMakeFiles/CMakeTmp/CheckSymbolExists.c:
/* */
#include <math.h>

int main(int argc, char** argv)
{
  (void)argv;
#ifndef truncf
  return ((int*)(&truncf))[argc];
#else
  (void)argc;
  return 0;
#endif
}
Determining if the include file alloca.h exists passed with the following output:
Change Dir: /Users/miguel_garcia/Documents/Proyectos/pdandroid/android/app/.cxx/Debug/5t1f1ol3/x86/CMakeFiles/CMakeTmp

Run Build Command(s):/Users/miguel_garcia/Library/Android/sdk/cmake/3.22.1/bin/ninja cmTC_99dae && [1/2] Building C object CMakeFiles/cmTC_99dae.dir/CheckIncludeFile.c.o
[2/2] Linking C executable cmTC_99dae



Determining if the alloca exist passed with the following output:
Change Dir: /Users/miguel_garcia/Documents/Proyectos/pdandroid/android/app/.cxx/Debug/5t1f1ol3/x86/CMakeFiles/CMakeTmp

Run Build Command(s):/Users/miguel_garcia/Library/Android/sdk/cmake/3.22.1/bin/ninja cmTC_df1e2 && [1/2] Building C object CMakeFiles/cmTC_df1e2.dir/CheckSymbolExists.c.o
[2/2] Linking C executable cmTC_df1e2


File /Users/miguel_garcia/Documents/Proyectos/pdandroid/android/app/.cxx/Debug/5t1f1ol3/x86/CMakeFiles/CMakeTmp/CheckSymbolExists.c:
/* */
#include <alloca.h>

int main(int argc, char** argv)
{
  (void)argv;
#ifndef alloca
  return ((int*)(&alloca))[argc];
#else
  (void)argc;
  return 0;
#endif
}
Determining if the alloca exist passed with the following output:
Change Dir: /Users/miguel_garcia/Documents/Proyectos/pdandroid/android/app/.cxx/Debug/5t1f1ol3/x86/CMakeFiles/CMakeTmp

Run Build Command(s):/Users/miguel_garcia/Library/Android/sdk/cmake/3.22.1/bin/ninja cmTC_50634 && [1/2] Building C object CMakeFiles/cmTC_50634.dir/CheckSymbolExists.c.o
[2/2] Linking C executable cmTC_50634


File /Users/miguel_garcia/Documents/Proyectos/pdandroid/android/app/.cxx/Debug/5t1f1ol3/x86/CMakeFiles/CMakeTmp/CheckSymbolExists.c:
/* */
#include <stdlib.h>

int main(int argc, char** argv)
{
  (void)argv;
#ifndef alloca
  return ((int*)(&alloca))[argc];
#else
  (void)argc;
  return 0;
#endif
}
Performing C SOURCE FILE Test HAVE_SA_SIGACTION succeeded with the following output:
Change Dir: /Users/miguel_garcia/Documents/Proyectos/pdandroid/android/app/.cxx/Debug/5t1f1ol3/x86/CMakeFiles/CMakeTmp

Run Build Command(s):/Users/miguel_garcia/Library/Android/sdk/cmake/3.22.1/bin/ninja cmTC_db4aa && [1/2] Building C object CMakeFiles/cmTC_db4aa.dir/src.c.o
[2/2] Linking C executable cmTC_db4aa


Source file was:

#include <signal.h>

int main()
{
  (void)sizeof(((struct sigaction *)0)->sa_sigaction);
  return 0;
}

Determining if the dlopen exist passed with the following output:
Change Dir: /Users/miguel_garcia/Documents/Proyectos/pdandroid/android/app/.cxx/Debug/5t1f1ol3/x86/CMakeFiles/CMakeTmp

Run Build Command(s):/Users/miguel_garcia/Library/Android/sdk/cmake/3.22.1/bin/ninja cmTC_172e2 && [1/2] Building C object CMakeFiles/cmTC_172e2.dir/CheckSymbolExists.c.o
[2/2] Linking C executable cmTC_172e2


File /Users/miguel_garcia/Documents/Proyectos/pdandroid/android/app/.cxx/Debug/5t1f1ol3/x86/CMakeFiles/CMakeTmp/CheckSymbolExists.c:
/* */
#include <dlfcn.h>

int main(int argc, char** argv)
{
  (void)argv;
#ifndef dlopen
  return ((int*)(&dlopen))[argc];
#else
  (void)argc;
  return 0;
#endif
}
Performing C SOURCE FILE Test HAVE_O_CLOEXEC succeeded with the following output:
Change Dir: /Users/miguel_garcia/Documents/Proyectos/pdandroid/android/app/.cxx/Debug/5t1f1ol3/x86/CMakeFiles/CMakeTmp

Run Build Command(s):/Users/miguel_garcia/Library/Android/sdk/cmake/3.22.1/bin/ninja cmTC_10edf && [1/2] Building C object CMakeFiles/cmTC_10edf.dir/src.c.o
[2/2] Linking C executable cmTC_10edf


Source file was:

    #include <fcntl.h>
    int flag = O_CLOEXEC;
    int main(int argc, char **argv) { return 0; }
Performing C SOURCE FILE Test VULKAN_PASSED_ANDROID_CHECKS succeeded with the following output:
Change Dir: /Users/miguel_garcia/Documents/Proyectos/pdandroid/android/app/.cxx/Debug/5t1f1ol3/x86/CMakeFiles/CMakeTmp

Run Build Command(s):/Users/miguel_garcia/Library/Android/sdk/cmake/3.22.1/bin/ninja cmTC_d5244 && [1/2] Building C object CMakeFiles/cmTC_d5244.dir/src.c.o
[2/2] Linking C executable cmTC_d5244


Source file was:

      #if defined(__ARM_ARCH) && __ARM_ARCH < 7
      #error Vulkan doesn't work on this configuration
      #endif
      int main(int argc, char **argv) { return 0; }
      
Performing C SOURCE FILE Test HAVE_PTHREADS succeeded with the following output:
Change Dir: /Users/miguel_garcia/Documents/Proyectos/pdandroid/android/app/.cxx/Debug/5t1f1ol3/x86/CMakeFiles/CMakeTmp

Run Build Command(s):/Users/miguel_garcia/Library/Android/sdk/cmake/3.22.1/bin/ninja cmTC_6f609 && [1/2] Building C object CMakeFiles/cmTC_6f609.dir/src.c.o
[2/2] Linking C executable cmTC_6f609


Source file was:

      #include <pthread.h>
      int main(int argc, char** argv) {
        pthread_attr_t type;
        pthread_attr_init(&type);
        return 0;
      }
Performing C SOURCE FILE Test HAVE_RECURSIVE_MUTEXES succeeded with the following output:
Change Dir: /Users/miguel_garcia/Documents/Proyectos/pdandroid/android/app/.cxx/Debug/5t1f1ol3/x86/CMakeFiles/CMakeTmp

Run Build Command(s):/Users/miguel_garcia/Library/Android/sdk/cmake/3.22.1/bin/ninja cmTC_5f555 && [1/2] Building C object CMakeFiles/cmTC_5f555.dir/src.c.o
[2/2] Linking C executable cmTC_5f555


Source file was:

        #include <pthread.h>
        int main(int argc, char **argv) {
          pthread_mutexattr_t attr;
          pthread_mutexattr_settype(&attr, PTHREAD_MUTEX_RECURSIVE);
          return 0;
        }
Performing C SOURCE FILE Test HAVE_PTHREADS_SEM succeeded with the following output:
Change Dir: /Users/miguel_garcia/Documents/Proyectos/pdandroid/android/app/.cxx/Debug/5t1f1ol3/x86/CMakeFiles/CMakeTmp

Run Build Command(s):/Users/miguel_garcia/Library/Android/sdk/cmake/3.22.1/bin/ninja cmTC_14bee && [1/2] Building C object CMakeFiles/cmTC_14bee.dir/src.c.o
[2/2] Linking C executable cmTC_14bee


Source file was:
#include <pthread.h>
                                 #include <semaphore.h>
                                 int main(int argc, char **argv) { return 0; }
Performing C SOURCE FILE Test HAVE_SEM_TIMEDWAIT succeeded with the following output:
Change Dir: /Users/miguel_garcia/Documents/Proyectos/pdandroid/android/app/.cxx/Debug/5t1f1ol3/x86/CMakeFiles/CMakeTmp

Run Build Command(s):/Users/miguel_garcia/Library/Android/sdk/cmake/3.22.1/bin/ninja cmTC_655f2 && [1/2] Building C object CMakeFiles/cmTC_655f2.dir/src.c.o
[2/2] Linking C executable cmTC_655f2


Source file was:

              #include <pthread.h>
              #include <semaphore.h>
              int main(int argc, char **argv) {
                  sem_timedwait(NULL, NULL);
                  return 0;
              }
Determining if files pthread.h exist passed with the following output:
Change Dir: /Users/miguel_garcia/Documents/Proyectos/pdandroid/android/app/.cxx/Debug/5t1f1ol3/x86/CMakeFiles/CMakeTmp

Run Build Command(s):/Users/miguel_garcia/Library/Android/sdk/cmake/3.22.1/bin/ninja cmTC_9e69e && [1/2] Building C object CMakeFiles/cmTC_9e69e.dir/HAVE_PTHREAD_H.c.o
[2/2] Linking C executable cmTC_9e69e



Performing C SOURCE FILE Test HAVE_PTHREAD_SETNAME_NP succeeded with the following output:
Change Dir: /Users/miguel_garcia/Documents/Proyectos/pdandroid/android/app/.cxx/Debug/5t1f1ol3/x86/CMakeFiles/CMakeTmp

Run Build Command(s):/Users/miguel_garcia/Library/Android/sdk/cmake/3.22.1/bin/ninja cmTC_cc34e && [1/2] Building C object CMakeFiles/cmTC_cc34e.dir/src.c.o
[2/2] Linking C executable cmTC_cc34e


Source file was:

            #include <pthread.h>
            int main(int argc, char **argv) {
              #ifdef __APPLE__
              pthread_setname_np("");
              #else
              pthread_setname_np(pthread_self(),"");
              #endif
              return 0;
            }
